wavelength_nm,ray_id,px,py,x_mm,y_mm
550.591592123,0,-0.769463129821,-0.300463567000,12.492843685269,-2.683538989694
550.591592123,1,-0.209167276947,0.100349733717,12.490481895813,-2.681646895285
550.591592123,2,0.296023683601,-0.364321083002,12.489014521760,-2.683013787919
550.591592123,3,0.228179259258,0.363738967315,12.489841211107,-2.680787012126
550.591592123,4,-0.268060392883,0.322567088917,12.491256249915,-2.681308246305
550.591592123,5,-0.572195141308,-0.696194819659,12.491335605045,-2.683816310466
550.591592123,6,0.872210573234,-0.403229108530,12.489739523281,-2.683345282615
550.591592123,7,-0.038958968812,0.524458383998,12.490671304959,-2.680907077663
550.591592123,8,-0.343335149645,-0.837780124264,12.490030225679,-2.683506809318
550.591592123,9,0.559014935847,0.759865116064,12.490118237240,-2.680292556027
550.591592123,10,-0.044275750974,-0.714849713650,12.488994349776,-2.683452726944
550.591592123,11,-0.132643416332,0.476833645177,12.490983694248,-2.681035748305
550.591592123,12,0.035671008030,0.907176485191,12.490875071649,-2.681151282713
550.591592123,13,0.058461798746,0.458634038709,12.490275328578,-2.680714808105
550.591592123,14,-0.592016356790,0.625286882581,12.492443305595,-2.680745688676
550.591592123,15,-0.376031977856,0.698956476628,12.492467617761,-2.681554258504
550.591592123,16,-0.731729031643,-0.626082967965,12.492245586495,-2.683942139652
550.591592123,17,-0.462686668492,-0.133526160008,12.491114465927,-2.682830780202
550.591592123,18,-0.002004598931,-0.893935741652,12.488934556990,-2.683507969830
550.591592123,19,-0.200629508978,0.691312401871,12.491704652652,-2.681569856167
550.591592123,20,0.466497947957,-0.118047826618,12.489413270849,-2.682352855209
550.591592123,21,-0.392205757247,-0.109902853573,12.490758960997,-2.682680027621
550.591592123,22,-0.302712859750,-0.637302042237,12.489900717236,-2.683800447084
550.591592123,23,-0.288759030486,-0.706641962332,12.489821788985,-2.683693594153
550.591592123,24,0.247322295012,0.350955367274,12.489803508990,-2.680821091249
550.591592123,25,0.074787261056,0.096445748190,12.489954128201,-2.681562697279
550.591592123,26,-0.666964389691,0.162147253369,12.493137440497,-2.682494247400
550.591592123,27,-0.845280824069,-0.117233342714,12.493107971067,-2.683164295490
550.591592123,28,-0.132330170724,0.949257192593,12.491553694421,-2.680706573688
550.591592123,29,0.336207924789,0.715889821861,12.489719674073,-2.680731442416
550.591592123,30,-0.957374541242,-0.023591530897,12.491632814729,-2.682453926514
550.591592123,31,-0.500041272675,-0.783995520852,12.490875045436,-2.683698780223
550.591592123,32,0.062162390311,0.462902484850,12.490267433376,-2.680713428054
550.591592123,33,0.183465045254,0.912396847818,12.490367981176,-2.680925255506
550.591592123,34,0.820746316452,-0.239013431427,12.491606258712,-2.683416693505
550.591592123,35,-0.082811411792,-0.520583864882,12.489269940525,-2.683682371729
550.591592123,36,0.872076003773,0.191120372610,12.491932092362,-2.681742568603
550.591592123,37,0.923975088394,-0.107199574961,12.491159926730,-2.682744649388
550.591592123,38,0.546429670468,0.029197788783,12.489672707489,-2.681934790835
550.591592123,39,-0.068147332166,0.722771073819,12.491077501598,-2.681370450931
550.591592123,40,0.232099646494,-0.132727392503,12.489420744500,-2.682497082499
550.591592123,41,0.668337563064,0.369544736060,12.490264557255,-2.681016869345
550.591592123,42,0.298260481154,-0.385936633415,12.488992034875,-2.683048010989
550.591592123,43,0.537461705994,0.689998957023,12.489884444764,-2.680467549791
550.591592123,44,0.179214366316,0.376183262628,12.489943519049,-2.680744966785
550.591592123,45,0.120873073829,-0.546014611777,12.488866508125,-2.683373981528
550.591592123,46,0.095259620052,-0.073485247346,12.489702737074,-2.682338400219
550.591592123,47,-0.174958397984,0.044062235320,12.490280673258,-2.681846860644
550.591592123,48,0.684267941530,0.168757891635,12.490392594568,-2.681621381487
550.591592123,49,-0.272985766685,0.627527932138,12.491990269557,-2.681639383996
550.591592123,50,0.355689383773,0.034283890732,12.489498462955,-2.681858348049
550.591592123,51,-0.296168935074,0.412124334160,12.491647391489,-2.681427553978
550.591592123,52,-0.030427507013,-0.047489747423,12.489894814251,-2.682242781968
550.591592123,53,-0.058928234127,0.614487763132,12.490879176146,-2.681128424728
550.591592123,54,-0.438225237114,-0.619541544687,12.490568274022,-2.683839452206
550.591592123,55,0.586987722233,-0.287652890184,12.490068820923,-2.683054009980
550.591592123,56,-0.893234633679,0.192961748815,12.491654593007,-2.681496078738
550.591592123,57,0.209042374797,0.756830586690,12.490015009333,-2.680937695124
550.591592123,58,0.456200181097,-0.240759852921,12.489339630680,-2.682701391998
550.591592123,59,0.848956400642,-0.300491499258,12.491240614226,-2.683547272275
550.591592123,60,0.467692217422,0.529859170031,12.489598242686,-2.680697476862
550.591592123,61,0.703567742313,-0.513617321535,12.491338809491,-2.684534959295
550.591592123,62,-0.196934932099,0.726158191337,12.491728639294,-2.681577977977
550.591592123,63,0.458251820794,0.476912602367,12.489582324333,-2.680756320041
550.591592123,64,0.463991791557,0.425283507540,12.489582641041,-2.680833182114
550.591592123,65,0.008848738853,-0.148852234584,12.489688918559,-2.682708870890
550.591592123,66,0.582006729594,0.361412444273,12.489815635861,-2.681010582680
550.591592123,67,0.065178954920,-0.786962582334,12.488817947713,-2.683414116309
550.591592123,68,0.063401758864,0.970615082298,12.490894052567,-2.680826698762
550.591592123,69,-0.575734712982,0.322266381172,12.493005944880,-2.682161337854
550.591592123,70,0.433947541588,0.545280601369,12.489583147705,-2.680685542118
550.591592123,71,-0.413660120771,-0.589915628258,12.490438537946,-2.683851779729
550.591592123,72,-0.616857948277,0.167562679736,12.492916278247,-2.682415266193
550.591592123,73,-0.597695444839,0.470697221227,12.493051155218,-2.681804503044
550.591592123,74,0.089333121815,-0.249740398459,12.489407229159,-2.683024488086
550.591592123,75,-0.675800707668,0.177980995385,12.493186992951,-2.682471264418
550.591592123,76,-0.280378025304,-0.729063091391,12.489778868580,-2.683648400630
550.591592123,77,0.172188714929,-0.845121384045,12.489004075655,-2.683849809564
550.591592123,78,-0.492107000221,-0.433198592759,12.490927068719,-2.683710004091
550.591592123,79,0.534162287256,-0.132184657187,12.489624587560,-2.682435068568
550.591592123,80,-0.072858359156,-0.024118308782,12.489985107142,-2.682133848727
550.591592123,81,0.168274031647,0.853324569211,12.490284370601,-2.681045975572
550.591592123,82,-0.268937337411,-0.072447765630,12.490318315352,-2.682434269105
550.591592123,83,0.023934690090,0.699582138329,12.490622261891,-2.681150086608
550.591592123,84,0.477787905658,0.275825694940,12.489585231740,-2.681159911842
550.591592123,85,0.036645124562,-0.916231028192,12.488948169163,-2.683684652827
550.591592123,86,-0.088683785592,0.970881583111,12.491421909088,-2.680633622870
550.591592123,87,-0.219830174021,0.520143512239,12.491497198254,-2.681342926608
550.591592123,88,0.944965954322,-0.069337104770,12.490958207801,-2.682547739418
550.591592123,89,-0.471210637956,0.339837586631,12.492488520292,-2.681937216269
550.591592123,90,-0.840595559603,0.324824900045,12.491626631494,-2.680896665572
550.591592123,91,0.784840104461,-0.427632562475,12.491300488572,-2.684128107828
550.591592123,92,0.201640674574,-0.783981004469,12.488950041683,-2.683691186361
550.591592123,93,0.303634251820,-0.369472185553,12.489011596091,-2.683016791895
550.591592123,94,-0.363735584074,0.073286353576,12.491046328732,-2.681978936419
550.591592123,95,0.152060898489,0.633441885320,12.490085075166,-2.680829475238
550.591592123,96,0.356639909075,0.156034381706,12.489586607309,-2.681436478736
550.591592123,97,0.819425997097,0.449237113415,12.491605185416,-2.680762817517
550.591592123,98,0.275899061299,0.320946203377,12.489749651985,-2.680902755773
550.591592123,99,-0.021108112823,0.172768947399,12.490187101967,-2.681247858676
550.687527434,0,-0.769463129821,-0.300463567000,12.248706167942,-2.701121824636
550.687527434,1,-0.209167276947,0.100349733717,12.246442224945,-2.699292654388
550.687527434,2,0.296023683601,-0.364321083002,12.245017168133,-2.700622177860
550.687527434,3,0.228179259258,0.363738967315,12.245838144073,-2.698481350279
550.687527434,4,-0.268060392883,0.322567088917,12.247184213131,-2.698961837506
550.687527434,5,-0.572195141308,-0.696194819659,12.247280860989,-2.701383598376
550.687527434,6,0.872210573234,-0.403229108530,12.246109370098,-2.701147383762
550.687527434,7,-0.038958968812,0.524458383998,12.246631229596,-2.698591384473
550.687527434,8,-0.343335149645,-0.837780124264,12.246034963924,-2.701071546765
550.687527434,9,0.559014935847,0.759865116064,12.245983690231,-2.698083048276
550.687527434,10,-0.044275750974,-0.714849713650,12.245025221955,-2.701029853541
550.687527434,11,-0.132643416332,0.476833645177,12.246930382791,-2.698708649544
550.687527434,12,0.035671008030,0.907176485191,12.246794814786,-2.698889412102
550.687527434,13,0.058461798746,0.458634038709,12.246256180839,-2.698402249635
550.687527434,14,-0.592016356790,0.625286882581,12.248285825354,-2.698418851020
550.687527434,15,-0.376031977856,0.698956476628,12.248342630672,-2.699234527609
550.687527434,16,-0.731729031643,-0.626082967965,12.248149547847,-2.701501002847
550.687527434,17,-0.462686668492,-0.133526160008,12.247028581690,-2.700447546449
550.687527434,18,-0.002004598931,-0.893935741652,12.244957111351,-2.701041804939
550.687527434,19,-0.200629508978,0.691312401871,12.247616456144,-2.699257378519
550.687527434,20,0.466497947957,-0.118047826618,12.245366485426,-2.699989172303
550.687527434,21,-0.392205757247,-0.109902853573,12.246689218082,-2.700303079273
550.687527434,22,-0.302712859750,-0.637302042237,12.245898620766,-2.701390998270
550.687527434,23,-0.288759030486,-0.706641962332,12.245827244194,-2.701276668953
550.687527434,24,0.247322295012,0.350955367274,12.245800413685,-2.698515798226
550.687527434,25,0.074787261056,0.096445748190,12.245968286423,-2.699226058684
550.687527434,26,-0.666964389691,0.162147253369,12.248983060113,-2.700118941890
550.687527434,27,-0.845280824069,-0.117233342714,12.248946399430,-2.700758614947
550.687527434,28,-0.132330170724,0.949257192593,12.247449095998,-2.698433401587
550.687527434,29,0.336207924789,0.715889821861,12.245658275281,-2.698483032999
550.687527434,30,-0.957374541242,-0.023591530897,12.247467737247,-2.700056496093
550.687527434,31,-0.500041272675,-0.783995520852,12.246845112542,-2.701262969247
550.687527434,32,0.062162390311,0.462902484850,12.246248233021,-2.698401577258
550.687527434,33,0.183465045254,0.912396847818,12.246289927720,-2.698685117552
550.687527434,34,0.820746316452,-0.239013431427,12.247585918397,-2.701066633613
550.687527434,35,-0.082811411792,-0.520583864882,12.245296034677,-2.701290578124
550.687527434,36,0.872076003773,0.191120372610,12.247810293625,-2.699437037334
550.687527434,37,0.923975088394,-0.107199574961,12.247324075920,-2.700467000277
550.687527434,38,0.546429670468,0.029197788783,12.245592045478,-2.699593166656
550.687527434,39,-0.068147332166,0.722771073819,12.247010196928,-2.699072186017
550.687527434,40,0.232099646494,-0.132727392503,12.245443380369,-2.700144614615
550.687527434,41,0.668337563064,0.369544736060,12.246117048967,-2.698740050714
550.687527434,42,0.298260481154,-0.385936633415,12.244992585060,-2.700651973909
550.687527434,43,0.537461705994,0.689998957023,12.245766889650,-2.698242540930
550.687527434,44,0.179214366316,0.376183262628,12.245940411281,-2.698436220577
550.687527434,45,0.120873073829,-0.546014611777,12.244893742999,-2.700967924504
550.687527434,46,0.095259620052,-0.073485247346,12.245728061334,-2.699990984114
550.687527434,47,-0.174958397984,0.044062235320,12.246253720893,-2.699492183071
550.687527434,48,0.684267941530,0.168757891635,12.246244840801,-2.699303370916
550.687527434,49,-0.272985766685,0.627527932138,12.247892434870,-2.699315975794
550.687527434,50,0.355689383773,0.034283890732,12.245495253358,-2.699523758704
550.687527434,51,-0.296168935074,0.412124334160,12.247561355141,-2.699085179508
550.687527434,52,-0.030427507013,-0.047489747423,12.245904337243,-2.699892043592
550.687527434,53,-0.058928234127,0.614487763132,12.246825940005,-2.698819313470
550.687527434,54,-0.438225237114,-0.619541544687,12.246535650330,-2.701424021085
550.687527434,55,0.586987722233,-0.287652890184,12.245959790195,-2.700643913099
550.687527434,56,-0.893234633679,0.192961748815,12.247484574601,-2.699125864580
550.687527434,57,0.209042374797,0.756830586690,12.245961753862,-2.698676997675
550.687527434,58,0.456200181097,-0.240759852921,12.245290608883,-2.700314734850
550.687527434,59,0.848956400642,-0.300491499258,12.247348675632,-2.701240355133
550.687527434,60,0.467692217422,0.529859170031,12.245527139964,-2.698436447924
550.687527434,61,0.703567742313,-0.513617321535,12.247317478429,-2.702139359121
550.687527434,62,-0.196934932099,0.726158191337,12.247637751333,-2.699269641190
550.687527434,63,0.458251820794,0.476912602367,12.245520487771,-2.698485921976
550.687527434,64,0.463991791557,0.425283507540,12.245523889508,-2.698555324058
550.687527434,65,0.008848738853,-0.148852234584,12.245710026853,-2.700353334540
550.687527434,66,0.582006729594,0.361412444273,12.245710081659,-2.698729410845
550.687527434,67,0.065178954920,-0.786962582334,12.244839195867,-2.700963835552
550.687527434,68,0.063401758864,0.970615082298,12.246805533828,-2.698578430992
550.687527434,69,-0.575734712982,0.322266381172,12.248860348309,-2.699801193625
550.687527434,70,0.433947541588,0.545280601369,12.245521658910,-2.698423252285
550.687527434,71,-0.413660120771,-0.589915628258,12.246408588541,-2.701440707203
550.687527434,72,-0.616857948277,0.167562679736,12.248770941182,-2.700041970186
550.687527434,73,-0.597695444839,0.470697221227,12.248895690077,-2.699458229290
550.687527434,74,0.089333121815,-0.249740398459,12.245438190512,-2.700661620601
550.687527434,75,-0.675800707668,0.177980995385,12.249030302468,-2.700097041148
550.687527434,76,-0.280378025304,-0.729063091391,12.245787213842,-2.701228847442
550.687527434,77,0.172188714929,-0.845121384045,12.244999659955,-2.701366952585
550.687527434,78,-0.492107000221,-0.433198592759,12.246862743379,-2.701305440007
550.687527434,79,0.534162287256,-0.132184657187,12.245544788564,-2.700062556609
550.687527434,80,-0.072858359156,-0.024118308782,12.245985442316,-2.699782101323
550.687527434,81,0.168274031647,0.853324569211,12.246216746291,-2.698794064203
550.687527434,82,-0.268937337411,-0.072447765630,12.246277358639,-2.700067746184
550.687527434,83,0.023934690090,0.699582138329,12.246570439471,-2.698858436345
550.687527434,84,0.477787905658,0.275825694940,12.245532191885,-2.698860193169
550.687527434,85,0.036645124562,-0.916231028192,12.244964493262,-2.701206979775
550.687527434,86,-0.088683785592,0.970881583111,12.247320197732,-2.698367705418
550.687527434,87,-0.219830174021,0.520143512239,12.247420586490,-2.699013127571
550.687527434,88,0.944965954322,-0.069337104770,12.247170947903,-2.700283931571
550.687527434,89,-0.471210637956,0.339837586631,12.248364721333,-2.699581569739
550.687527434,90,-0.840595559603,0.324824900045,12.247456229587,-2.698542292830
550.687527434,91,0.784840104461,-0.427632562475,12.247362980694,-2.701789485848
550.687527434,92,0.201640674574,-0.783981004469,12.244943702146,-2.701218736245
550.687527434,93,0.303634251820,-0.369472185553,12.245011676491,-2.700623277455
550.687527434,94,-0.363735584074,0.073286353576,12.246968915597,-2.699613323211
550.687527434,95,0.152060898489,0.633441885320,12.246050962329,-2.698544666237
550.687527434,96,0.356639909075,0.156034381706,12.245579758586,-2.699116791083
550.687527434,97,0.819425997097,0.449237113415,12.247425314192,-2.698502895735
550.687527434,98,0.275899061299,0.320946203377,12.245746534182,-2.698596713476
550.687527434,99,-0.021108112823,0.172768947399,12.246182435556,-2.698909778303
550.783462745,0,-0.769463129821,-0.300463567000,12.004244475567,-2.718467712020
550.783462745,1,-0.209167276947,0.100349733717,12.002073494178,-2.716699948483
550.783462745,2,0.296023683601,-0.364321083002,12.000691835829,-2.717992623083
550.783462745,3,0.228179259258,0.363738967315,12.001507242509,-2.715935244327
550.783462745,4,-0.268060392883,0.322567088917,12.002784349411,-2.716377102452
550.783462745,5,-0.572195141308,-0.696194819659,12.002898437976,-2.718713284686
550.783462745,6,0.872210573234,-0.403229108530,12.002094650014,-2.718687439722
550.783462745,7,-0.038958968812,0.524458383998,12.002263113331,-2.716036093783
550.783462745,8,-0.343335149645,-0.837780124264,12.001709956273,-2.718398726082
550.783462745,9,0.559014935847,0.759865116064,12.001525261248,-2.715630436834
550.783462745,10,-0.044275750974,-0.714849713650,12.000725906838,-2.718369596775
550.783462745,11,-0.132643416332,0.476833645177,12.002549081200,-2.716142495719
550.783462745,12,0.035671008030,0.907176485191,12.002388623971,-2.716386553904
550.783462745,13,0.058461798746,0.458634038709,12.001908695172,-2.715849738448
550.783462745,14,-0.592016356790,0.625286882581,12.003805095477,-2.715854917839
550.783462745,15,-0.376031977856,0.698956476628,12.003892465592,-2.716676680137
550.783462745,16,-0.731729031643,-0.626082967965,12.003727870366,-2.718822631627
550.783462745,17,-0.462686668492,-0.133526160008,12.002615204037,-2.717826555365
550.783462745,18,-0.002004598931,-0.893935741652,12.000649894583,-2.718338955004
550.783462745,19,-0.200629508978,0.691312401871,12.003201706334,-2.716705883306
550.783462745,20,0.466497947957,-0.118047826618,12.000993672333,-2.717386454509
550.783462745,21,-0.392205757247,-0.109902853573,12.002291304403,-2.717688187192
550.783462745,22,-0.302712859750,-0.637302042237,12.001566656619,-2.718743641132
550.783462745,23,-0.288759030486,-0.706641962332,12.001502723522,-2.718621952493
550.783462745,24,0.247322295012,0.350955367274,12.001469611014,-2.715970030298
550.783462745,25,0.074787261056,0.096445748190,12.001652896823,-2.716650159070
550.783462745,26,-0.666964389691,0.162147253369,12.004504624895,-2.717506739949
550.783462745,27,-0.845280824069,-0.117233342714,12.004462227798,-2.718116400529
550.783462745,28,-0.132330170724,0.949257192593,12.003019117890,-2.715920248725
550.783462745,29,0.336207924789,0.715889821861,12.001271405312,-2.715992406117
550.783462745,30,-0.957374541242,-0.023591530897,12.002981824937,-2.717422990929
550.783462745,31,-0.500041272675,-0.783995520852,12.002486621295,-2.718589530532
550.783462745,32,0.062162390311,0.462902484850,12.001900721207,-2.715849746148
550.783462745,33,0.183465045254,0.912396847818,12.001886337522,-2.716202986702
550.783462745,34,0.820746316452,-0.239013431427,12.003215715206,-2.718469067820
550.783462745,35,-0.082811411792,-0.520583864882,12.000991700790,-2.718660801127
550.783462745,36,0.872076003773,0.191120372610,12.003346871533,-2.716888373482
550.783462745,37,0.923975088394,-0.107199574961,12.003117121332,-2.717937590162
550.783462745,38,0.546429670468,0.029197788783,12.001186186001,-2.717011670553
550.783462745,39,-0.068147332166,0.722771073819,12.002615958618,-2.716534081982
550.783462745,40,0.232099646494,-0.132727392503,12.001137301355,-2.717553322413
550.783462745,41,0.668337563064,0.369544736060,12.001644779700,-2.716221524962
550.783462745,42,0.298260481154,-0.385936633415,12.000665184128,-2.718018071638
550.783462745,43,0.537461705994,0.689998957023,12.001325373088,-2.715774680814
550.783462745,44,0.179214366316,0.376183262628,12.001609141231,-2.715887188073
550.783462745,45,0.120873073829,-0.546014611777,12.000591469431,-2.718324319484
550.783462745,46,0.095259620052,-0.073485247346,12.001423621359,-2.717404641405
550.783462745,47,-0.174958397984,0.044062235320,12.001897339819,-2.716898961018
550.783462745,48,0.684267941530,0.168757891635,12.001771208549,-2.716744335768
550.783462745,49,-0.272985766685,0.627527932138,12.003468200452,-2.716754023211
550.783462745,50,0.355689383773,0.034283890732,12.001164914384,-2.716949628078
550.783462745,51,-0.296168935074,0.412124334160,12.003148095463,-2.716504555306
550.783462745,52,-0.030427507013,-0.047489747423,12.001583814108,-2.717302506034
550.783462745,53,-0.058928234127,0.614487763132,12.002445157410,-2.716270538911
550.783462745,54,-0.438225237114,-0.619541544687,12.002174174577,-2.718770741871
550.783462745,55,0.586987722233,-0.287652890184,12.001523193306,-2.717994360404
550.783462745,56,-0.893234633679,0.192961748815,12.002993540039,-2.716519527262
550.783462745,57,0.209042374797,0.756830586690,12.001582253456,-2.716174656212
550.783462745,58,0.456200181097,-0.240759852921,12.000915216039,-2.717689528311
550.783462745,59,0.848956400642,-0.300491499258,12.003094158336,-2.718681127047
550.783462745,60,0.467692217422,0.529859170031,12.001131262448,-2.715933410929
550.783462745,61,0.703567742313,-0.513617321535,12.002951413085,-2.719496516033
550.783462745,62,-0.196934932099,0.726158191337,12.003220478546,-2.716722206084
550.783462745,63,0.458251820794,0.476912602367,12.001133648277,-2.715973782588
550.783462745,64,0.463991791557,0.425283507540,12.001140074185,-2.716035942101
550.783462745,65,0.008848738853,-0.148852234584,12.001400969252,-2.717759107561
550.783462745,66,0.582006729594,0.361412444273,12.001280243746,-2.716206728556
550.783462745,67,0.065178954920,-0.786962582334,12.000530874024,-2.718276682154
550.783462745,68,0.063401758864,0.970615082298,12.002391492479,-2.716088799695
550.783462745,69,-0.575734712982,0.322266381172,12.004390115501,-2.717203912776
550.783462745,70,0.433947541588,0.545280601369,12.001135084672,-2.715919002270
550.783462745,71,-0.413660120771,-0.589915628258,12.002049620217,-2.718791738591
550.783462745,72,-0.616857948277,0.167562679736,12.004300929923,-2.717431610464
550.783462745,73,-0.597695444839,0.470697221227,12.004416416717,-2.716874920348
550.783462745,74,0.089333121815,-0.249740398459,12.001139233782,-2.718060262545
550.783462745,75,-0.675800707668,0.177980995385,12.004549723561,-2.717485961801
550.783462745,76,-0.280378025304,-0.729063091391,12.001465539013,-2.718571551542
550.783462745,77,0.172188714929,-0.845121384045,12.000666252647,-2.718647435293
550.783462745,78,-0.492107000221,-0.433198592759,12.002470467552,-2.718663072648
550.783462745,79,0.534162287256,-0.132184657187,12.001139207013,-2.717450837723
550.783462745,80,-0.072858359156,-0.024118308782,12.001655815526,-2.717191608475
550.783462745,81,0.168274031647,0.853324569211,12.001823189327,-2.716300447716
550.783462745,82,-0.268937337411,-0.072447765630,12.001907248470,-2.717462959844
550.783462745,83,0.023934690090,0.699582138329,12.002191457533,-2.716326448816
550.783462745,84,0.477787905658,0.275825694940,12.001153926213,-2.716319615245
550.783462745,85,0.036645124562,-0.916231028192,12.000651235528,-2.718492762220
550.783462745,86,-0.088683785592,0.970881583111,12.002893097826,-2.715861462494
550.783462745,87,-0.219830174021,0.520143512239,12.003016670787,-2.716444644110
550.783462745,88,0.944965954322,-0.069337104770,12.003007438264,-2.717767859659
550.783462745,89,-0.471210637956,0.339837586631,12.003915131057,-2.716988399466
550.783462745,90,-0.840595559603,0.324824900045,12.002964547988,-2.715951700001
550.783462745,91,0.784840104461,-0.427632562475,12.003069846792,-2.719199580535
550.783462745,92,0.201640674574,-0.783981004469,12.000608565754,-2.718509509492
550.783462745,93,0.303634251820,-0.369472185553,12.000683860334,-2.717991840441
550.783462745,94,-0.363735584074,0.073286353576,12.002563608986,-2.717009741356
550.783462745,95,0.152060898489,0.633441885320,12.001689661965,-2.716018946681
550.783462745,96,0.356639909075,0.156034381706,12.001245957430,-2.716557052480
550.783462745,97,0.819425997097,0.449237113415,12.002913692238,-2.716001027291
550.783462745,98,0.275899061299,0.320946203377,12.001415895374,-2.716050198476
550.783462745,99,-0.021108112823,0.172768947399,12.001848283904,-2.716332575700
550.879398057,0,-0.769463129821,-0.300463567000,11.759457817504,-2.735575746420
550.879398057,1,-0.209167276947,0.100349733717,11.757374937606,-2.733867896280
550.879398057,2,0.296023683601,-0.364321083002,11.756037737871,-2.735124269175
550.879398057,3,0.228179259258,0.363738967315,11.756847661660,-2.733147853633
550.879398057,4,-0.268060392883,0.322567088917,11.758055882335,-2.733553161998
550.879398057,5,-0.572195141308,-0.696194819659,11.758187591293,-2.735804475472
550.879398057,6,0.872210573234,-0.403229108530,11.757699719225,-2.735966308952
550.879398057,7,-0.038958968812,0.524458383998,11.757566144619,-2.733240353000
550.879398057,8,-0.343335149645,-0.837780124264,11.757054464740,-2.735487449232
550.879398057,9,0.559014935847,0.759865116064,11.756742295819,-2.732933857495
550.879398057,10,-0.044275750974,-0.714849713650,11.756095639722,-2.735471059641
550.879398057,11,-0.132643416332,0.476833645177,11.757838992119,-2.733336424051
550.879398057,12,0.035671008030,0.907176485191,11.757655659995,-2.733641872115
550.879398057,13,0.058461798746,0.458634038709,11.757232048793,-2.733056427172
550.879398057,14,-0.592016356790,0.625286882581,11.759000285714,-2.733052978756
550.879398057,15,-0.376031977856,0.698956476628,11.759116310496,-2.733879831928
550.879398057,16,-0.731729031643,-0.626082967965,11.758979782155,-2.735906132193
550.879398057,17,-0.462686668492,-0.133526160008,11.757873583786,-2.734966909367
550.879398057,18,-0.002004598931,-0.893935741652,11.756012154569,-2.735398536885
550.879398057,19,-0.200629508978,0.691312401871,11.758459593639,-2.733914506767
550.879398057,20,0.466497947957,-0.118047826618,11.756294107334,-2.734543885741
550.879398057,21,-0.392205757247,-0.109902853573,11.757564472297,-2.734834456668
550.879398057,22,-0.302712859750,-0.637302042237,11.756904086495,-2.735857476376
550.879398057,23,-0.288759030486,-0.706641962332,11.756847487517,-2.735728545018
550.879398057,24,0.247322295012,0.350955367274,11.756810254862,-2.733182947329
550.879398057,25,0.074787261056,0.096445748190,11.757007148134,-2.733834133314
550.879398057,26,-0.666964389691,0.162147253369,11.759701337374,-2.734656730121
550.879398057,27,-0.845280824069,-0.117233342714,11.759654633394,-2.735236737002
550.879398057,28,-0.132330170724,0.949257192593,11.758262926527,-2.733166262771
550.879398057,29,0.336207924789,0.715889821861,11.756558225945,-2.733258734687
550.879398057,30,-0.957374541242,-0.023591530897,11.758174209335,-2.734552484869
550.879398057,31,-0.500041272675,-0.783995520852,11.757798832677,-2.735677569996
550.879398057,32,0.062162390311,0.462902484850,11.757224074362,-2.733057087837
550.879398057,33,0.183465045254,0.912396847818,11.757156366957,-2.733478034561
550.879398057,34,0.820746316452,-0.239013431427,11.758497506210,-2.735623878034
550.879398057,35,-0.082811411792,-0.520583864882,11.756356174291,-2.735792143538
550.879398057,36,0.872076003773,0.191120372610,11.758543205486,-2.734095945590
550.879398057,37,0.923975088394,-0.107199574961,11.758542697555,-2.735156521134
550.879398057,38,0.546429670468,0.029197788783,11.756454480776,-2.734189500849
550.879398057,39,-0.068147332166,0.722771073819,11.757893965710,-2.733755289990
550.879398057,40,0.232099646494,-0.132727392503,11.756501682968,-2.734722340759
550.879398057,41,0.668337563064,0.369544736060,11.756847332134,-2.733460468689
550.879398057,42,0.298260481154,-0.385936633415,11.756009050617,-2.735145451640
550.879398057,43,0.537461705994,0.689998957023,11.756559192296,-2.733063120644
550.879398057,44,0.179214366316,0.376183262628,11.756948869763,-2.733097026239
550.879398057,45,0.120873073829,-0.546014611777,11.755958900740,-2.735442282836
550.879398057,46,0.095259620052,-0.073485247346,11.756788607839,-2.734578499084
550.879398057,47,-0.174958397984,0.044062235320,11.757210763425,-2.734066313196
550.879398057,48,0.684267941530,0.168757891635,11.756971413907,-2.733943504050
550.879398057,49,-0.272985766685,0.627527932138,11.758716764197,-2.733952653186
550.879398057,50,0.355689383773,0.034283890732,11.756506619845,-2.734135111205
550.879398057,51,-0.296168935074,0.412124334160,11.758406829682,-2.733684801783
550.879398057,52,-0.030427507013,-0.047489747423,11.756932459337,-2.734473291185
550.879398057,53,-0.058928234127,0.614487763132,11.757736013646,-2.733481249885
550.879398057,54,-0.438225237114,-0.619541544687,11.757483111210,-2.735878717273
550.879398057,55,0.586987722233,-0.287652890184,11.756758712370,-2.735104670472
550.879398057,56,-0.893234633679,0.192961748815,11.758180625313,-2.733676135808
550.879398057,57,0.209042374797,0.756830586690,11.756875661611,-2.733429843291
550.879398057,58,0.456200181097,-0.240759852921,11.756212759334,-2.734824966662
550.879398057,59,0.848956400642,-0.300491499258,11.758479875727,-2.735869804320
550.879398057,60,0.467692217422,0.529859170031,11.756409817322,-2.733187535275
550.879398057,61,0.703567742313,-0.513617321535,11.758241813333,-2.736606370589
550.879398057,62,-0.196934932099,0.726158191337,11.758476008150,-2.733934810015
550.879398057,63,0.458251820794,0.476912602367,11.756421004422,-2.733219072249
550.879398057,64,0.463991791557,0.425283507540,11.756430396822,-2.733274206894
550.879398057,65,0.008848738853,-0.148852234584,11.756760955894,-2.734925308827
550.879398057,66,0.582006729594,0.361412444273,11.756525472736,-2.733441710703
550.879398057,67,0.065178954920,-0.786962582334,11.755892221815,-2.735351775663
550.879398057,68,0.063401758864,0.970615082298,11.757651086427,-2.733356970606
550.879398057,69,-0.575734712982,0.322266381172,11.759594451389,-2.734368589516
550.879398057,70,0.433947541588,0.545280601369,11.756422611351,-2.733171962591
550.879398057,71,-0.413660120771,-0.589915628258,11.757360897737,-2.735903976169
550.879398057,72,-0.616857948277,0.167562679736,11.759505456319,-2.734583279327
550.879398057,73,-0.597695444839,0.470697221227,11.759612521254,-2.734053666869
550.879398057,74,0.089333121815,-0.249740398459,11.756509557270,-2.735219532378
550.879398057,75,-0.675800707668,0.177980995385,11.759744455488,-2.734637113952
550.879398057,76,-0.280378025304,-0.729063091391,11.756813103920,-2.735675613019
550.879398057,77,0.172188714929,-0.845121384045,11.756003144192,-2.735690424264
550.879398057,78,-0.492107000221,-0.433198592759,11.757749501011,-2.735782004060
550.879398057,79,0.534162287256,-0.132184657187,11.756407238328,-2.734599129669
550.879398057,80,-0.072858359156,-0.024118308782,11.756995448124,-2.734361491168
550.879398057,81,0.168274031647,0.853324569211,11.757102855004,-2.733564297832
550.879398057,82,-0.268937337411,-0.072447765630,11.757207232239,-2.734619020941
550.879398057,83,0.023934690090,0.699582138329,11.757484486842,-2.733553283229
550.879398057,84,0.477787905658,0.275825694940,11.756449651638,-2.733537350047
550.879398057,85,0.036645124562,-0.916231028192,11.756007652602,-2.735541128402
550.879398057,86,-0.088683785592,0.970881583111,11.758139773014,-2.733114046597
550.879398057,87,-0.219830174021,0.520143512239,11.758284657002,-2.733636606435
550.879398057,88,0.944965954322,-0.069337104770,11.758471735556,-2.734999639189
550.879398057,89,-0.471210637956,0.339837586631,11.759138966043,-2.734156809085
550.879398057,90,-0.840595559603,0.324824900045,11.758150727067,-2.733123956007
550.879398057,91,0.784840104461,-0.427632562475,11.758423237206,-2.736358576745
550.879398057,92,0.201640674574,-0.783981004469,11.755943918457,-2.735562672377
550.879398057,93,0.303634251820,-0.369472185553,11.756027364782,-2.735121628847
550.879398057,94,-0.363735584074,0.073286353576,11.757829651340,-2.734167299964
550.879398057,95,0.152060898489,0.633441885320,11.757000332162,-2.733251483285
550.879398057,96,0.356639909075,0.156034381706,11.756584368748,-2.733756421676
550.879398057,97,0.819425997097,0.449237113415,11.758070801957,-2.733256351910
550.879398057,98,0.275899061299,0.320946203377,11.756756888600,-2.733262370838
550.879398057,99,-0.021108112823,0.172768947399,11.757183851131,-2.733515383881
550.975333368,0,-0.769463129821,-0.300463567000,11.514345394422,-2.752445016876
550.975333368,1,-0.209167276947,0.100349733717,11.512345782899,-2.750795610684
550.975333368,2,0.296023683601,-0.364321083002,11.511054070219,-2.752016252928
550.975333368,3,0.228179259258,0.363738967315,11.511858546158,-2.750118332111
550.975333368,4,-0.268060392883,0.322567088917,11.512998028771,-2.750489131062
550.975333368,5,-0.572195141308,-0.696194819659,11.513147568457,-2.752656271801
550.975333368,6,0.872210573234,-0.403229108530,11.512928548248,-2.752984740895
550.975333368,7,-0.038958968812,0.524458383998,11.512539504633,-2.750203303821
550.975333368,8,-0.343335149645,-0.837780124264,11.512067744159,-2.752336812964
550.975333368,9,0.559014935847,0.759865116064,11.511634102020,-2.749992446820
550.975333368,10,-0.044275750974,-0.714849713650,11.511133647599,-2.752333338609
550.975333368,11,-0.132643416332,0.476833645177,11.512799311290,-2.750289565907
550.975333368,12,0.035671008030,0.907176485191,11.512595074468,-2.750654525748
550.975333368,13,0.058461798746,0.458634038709,11.512225411087,-2.750021462845
550.975333368,14,-0.592016356790,0.625286882581,11.513870557649,-2.750012116905
550.975333368,15,-0.376031977856,0.698956476628,11.514013345847,-2.750843092586
550.975333368,16,-0.731729031643,-0.626082967965,11.513904502700,-2.752750605684
550.975333368,17,-0.462686668492,-0.133526160008,11.512802964714,-2.751867705231
550.975333368,18,-0.002004598931,-0.893935741652,11.511043128424,-2.752219659634
550.975333368,19,-0.200629508978,0.691312401871,11.513389301188,-2.750882379195
550.975333368,20,0.466497947957,-0.118047826618,11.511267036891,-2.751460640424
550.975333368,21,-0.392205757247,-0.109902853573,11.512507967344,-2.751740987323
550.975333368,22,-0.302712859750,-0.637302042237,11.511910165320,-2.752731599343
550.975333368,23,-0.288759030486,-0.706641962332,11.511860789841,-2.752595541402
550.975333368,24,0.247322295012,0.350955367274,11.511821487963,-2.750153703727
550.975333368,25,0.074787261056,0.096445748190,11.512030221483,-2.750777110404
550.975333368,26,-0.666964389691,0.162147253369,11.514572391929,-2.751567994885
550.975333368,27,-0.845280824069,-0.117233342714,11.514522784307,-2.752118703292
550.975333368,28,-0.132330170724,0.949257192593,11.513179680154,-2.750170585777
550.975333368,29,0.336207924789,0.715889821861,11.511517883019,-2.750281188081
550.975333368,30,-0.957374541242,-0.023591530897,11.513044012168,-2.751444045689
550.975333368,31,-0.500041272675,-0.783995520852,11.512781000147,-2.752526188587
550.975333368,32,0.062162390311,0.462902484850,11.512217461035,-2.750022749857
550.975333368,33,0.183465045254,0.912396847818,11.512099160584,-2.750509428779
550.975333368,34,0.820746316452,-0.239013431427,11.513432928488,-2.752530895779
550.975333368,35,-0.082811411792,-0.520583864882,11.511388683529,-2.752683702188
550.975333368,36,0.872076003773,0.191120372610,11.513400482048,-2.751059106507
550.975333368,37,0.923975088394,-0.107199574961,11.513604092931,-2.752123833164
550.975333368,38,0.546429670468,0.029197788783,11.511396242874,-2.751125846878
550.975333368,39,-0.068147332166,0.722771073819,11.512843389581,-2.750734955560
550.975333368,40,0.232099646494,-0.132727392503,11.511535689171,-2.751650797733
550.975333368,41,0.668337563064,0.369544736060,11.511724228604,-2.750456054482
550.975333368,42,0.298260481154,-0.385936633415,11.511023385493,-2.752033252337
550.975333368,43,0.537461705994,0.689998957023,11.511467611074,-2.750107010834
550.975333368,44,0.179214366316,0.376183262628,11.511958748289,-2.750064886539
550.975333368,45,0.120873073829,-0.546014611777,11.510995239480,-2.752320923440
550.975333368,46,0.095259620052,-0.073485247346,11.511822203469,-2.751511678057
550.975333368,47,-0.174958397984,0.044062235320,11.512193218718,-2.750993352530
550.975333368,48,0.684267941530,0.168757891635,11.511845102108,-2.750900094862
550.975333368,49,-0.272985766685,0.627527932138,11.513637316810,-2.750910986598
550.975333368,50,0.355689383773,0.034283890732,11.511519526894,-2.751079356315
550.975333368,51,-0.296168935074,0.412124334160,11.513336768144,-2.750625033352
550.975333368,52,-0.030427507013,-0.047489747423,11.511949480687,-2.751403515070
550.975333368,53,-0.058928234127,0.614487763132,11.512697686593,-2.750450589530
550.975333368,54,-0.438225237114,-0.619541544687,11.512461717576,-2.752747044818
550.975333368,55,0.586987722233,-0.287652890184,11.511665966434,-2.751974143362
550.975333368,56,-0.893234633679,0.192961748815,11.513044956972,-2.750594752915
550.975333368,57,0.209042374797,0.756830586690,11.511841120360,-2.750441727064
550.975333368,58,0.456200181097,-0.240759852921,11.511182514949,-2.751720233162
550.975333368,59,0.848956400642,-0.300491499258,11.513508357111,-2.752806532833
550.975333368,60,0.467692217422,0.529859170031,11.511361987534,-2.750197986827
550.975333368,61,0.703567742313,-0.513617321535,11.513189712500,-2.753468808138
550.975333368,62,-0.196934932099,0.726158191337,11.513403519994,-2.750906584401
550.975333368,63,0.458251820794,0.476912602367,11.511381731565,-2.750220957283
550.975333368,64,0.463991791557,0.425283507540,11.511394035460,-2.750269284669
550.975333368,65,0.008848738853,-0.148852234584,11.511789189840,-2.751851051241
550.975333368,66,0.582006729594,0.361412444273,11.511445079270,-2.750433527666
550.975333368,67,0.065178954920,-0.786962582334,11.510922467306,-2.752188227489
550.975333368,68,0.063401758864,0.970615082298,11.512583463695,-2.750382104825
550.975333368,69,-0.575734712982,0.322266381172,11.514472553118,-2.751294311885
550.975333368,70,0.433947541588,0.545280601369,11.511383404024,-2.750181300036
550.975333368,71,-0.413660120771,-0.589915628258,11.512341678878,-2.752776516986
550.975333368,72,-0.616857948277,0.167562679736,11.514383724333,-2.751496063041
550.975333368,73,-0.597695444839,0.470697221227,11.514483181781,-2.750993553156
550.975333368,74,0.089333121815,-0.249740398459,11.511548350981,-2.752138542219
550.975333368,75,-0.675800707668,0.177980995385,11.514613689302,-2.751549579074
550.975333368,76,-0.280378025304,-0.729063091391,11.511829161463,-2.752540126574
550.975333368,77,0.172188714929,-0.845121384045,11.511009606682,-2.752495074660
550.975333368,78,-0.492107000221,-0.433198592759,11.512699096326,-2.752661330948
550.975333368,79,0.534162287256,-0.132184657187,11.511348236854,-2.751506638693
550.975333368,80,-0.072858359156,-0.024118308782,11.512003554927,-2.751290864570
550.975333368,81,0.168274031647,0.853324569211,11.512054887569,-2.750584781949
550.975333368,82,-0.268937337411,-0.072447765630,11.512176550916,-2.751535034620
550.975333368,83,0.023934690090,0.699582138329,11.512448689976,-2.750538093387
550.975333368,84,0.477787905658,0.275825694940,11.511418559579,-2.750512563959
550.975333368,85,0.036645124562,-0.916231028192,11.511032988753,-2.752351197873
550.975333368,86,-0.088683785592,0.970881583111,11.513059378470,-2.750124604812
550.975333368,87,-0.219830174021,0.520143512239,11.513223744051,-2.750588138792
550.975333368,88,0.944965954322,-0.069337104770,11.513567520064,-2.751979323127
550.975333368,89,-0.471210637956,0.339837586631,11.514035435528,-2.751085896135
550.975333368,90,-0.840595559603,0.324824900045,11.513013898009,-2.750058123330
550.975333368,91,0.784840104461,-0.427632562475,11.513425067913,-2.753266590225
550.975333368,92,0.201640674574,-0.783981004469,11.510949027238,-2.752377379762
550.975333368,93,0.303634251820,-0.369472185553,11.511041389311,-2.752011781682
550.975333368,94,-0.363735584074,0.073286353576,11.512766278361,-2.751085102330
550.975333368,95,0.152060898489,0.633441885320,11.511982121381,-2.750241437694
550.975333368,96,0.356639909075,0.156034381706,11.511594141370,-2.750714051258
550.975333368,97,0.819425997097,0.449237113415,11.512896997429,-2.750268009445
550.975333368,98,0.275899061299,0.320946203377,11.511768654828,-2.750232385128
550.975333368,99,-0.021108112823,0.172768947399,11.512188334517,-2.750457330052
551.071268679,0,-0.769463129821,-0.300463567000,11.268906398194,-2.769074606837
551.071268679,1,-0.209167276947,0.100349733717,11.266985251311,-2.767482198736
551.071268679,2,0.296023683601,-0.364321083002,11.265740012676,-2.768667702428
551.071268679,3,0.228179259258,0.363738967315,11.266539030460,-2.766845828123
551.071268679,4,-0.268060392883,0.322567088917,11.267609998873,-2.767184118564
551.071268679,5,-0.572195141308,-0.696194819659,11.267777609142,-2.769267769697
551.071268679,6,0.872210573234,-0.403229108530,11.267784746705,-2.769743381895
551.071268679,7,-0.038958968812,0.524458383998,11.267182367374,-2.766924082143
551.071268679,8,-0.343335149645,-0.837780124264,11.266749042178,-2.768945908796
551.071268679,9,0.559014935847,0.759865116064,11.266199952523,-2.766805341669
551.071268679,10,-0.044275750974,-0.714849713650,11.265839149366,-2.768955523668
551.071268679,11,-0.132643416332,0.476833645177,11.267429227609,-2.767001046720
551.071268679,12,0.035671008030,0.907176485191,11.267206010021,-2.767423668702
551.071268679,13,0.058461798746,0.458634038709,11.266887943790,-2.766743986819
551.071268679,14,-0.592016356790,0.625286882581,11.268415064631,-2.766731408850
551.071268679,15,-0.376031977856,0.698956476628,11.268582744569,-2.767565565383
551.071268679,16,-0.731729031643,-0.626082967965,11.268501242771,-2.769355148135
551.071268679,17,-0.462686668492,-0.133526160008,11.267402583513,-2.768528034025
551.071268679,18,-0.002004598931,-0.893935741652,11.265742042871,-2.768801424590
551.071268679,19,-0.200629508978,0.691312401871,11.267990004857,-2.767608624838
551.071268679,20,0.466497947957,-0.118047826618,11.265911679867,-2.768135883599
551.071268679,21,-0.392205757247,-0.109902853573,11.267121028325,-2.768406873064
551.071268679,22,-0.302712859750,-0.637302042237,11.266584141246,-2.769365099991
551.071268679,23,-0.288759030486,-0.706641962332,11.266541877287,-2.769222031126
551.071268679,24,0.247322295012,0.350955367274,11.266502442381,-2.766881448344
551.071268679,25,0.074787261056,0.096445748190,11.266721290605,-2.767478213381
551.071268679,26,-0.666964389691,0.162147253369,11.269116974707,-2.768239610577
551.071268679,27,-0.845280824069,-0.117233342714,11.269065839386,-2.768761372422
551.071268679,28,-0.132330170724,0.949257192593,11.267768528909,-2.766932354050
551.071268679,29,0.336207924789,0.715889821861,11.266149507159,-2.767058931901
551.071268679,30,-0.957374541242,-0.023591530897,11.267590345244,-2.768096735019
551.071268679,31,-0.500041272675,-0.783995520852,11.267432369584,-2.769134482246
551.071268679,32,0.062162390311,0.462902484850,11.266880042085,-2.766745874063
551.071268679,33,0.183465045254,0.912396847818,11.266713851540,-2.767296332850
551.071268679,34,0.820746316452,-0.239013431427,11.268023412953,-2.769189904568
551.071268679,35,-0.082811411792,-0.520583864882,11.266088449904,-2.769334567934
551.071268679,36,0.872076003773,0.191120372610,11.267919707032,-2.767777193739
551.071268679,37,0.923975088394,-0.107199574961,11.268304271863,-2.768839507180
551.071268679,38,0.546429670468,0.029197788783,11.266010749007,-2.767819889046
551.071268679,39,-0.068147332166,0.722771073819,11.267463394041,-2.767472218455
551.071268679,40,0.232099646494,-0.132727392503,11.266238472918,-2.768337814628
551.071268679,41,0.668337563064,0.369544736060,11.266274934685,-2.767207450668
551.071268679,42,0.298260481154,-0.385936633415,11.265707373082,-2.768680603234
551.071268679,43,0.537461705994,0.689998957023,11.266049861628,-2.766905500619
551.071268679,44,0.179214366316,0.376183262628,11.266637919106,-2.766789914833
551.071268679,45,0.120873073829,-0.546014611777,11.265699677891,-2.768959342757
551.071268679,46,0.095259620052,-0.073485247346,11.266523583201,-2.768203293090
551.071268679,47,-0.174958397984,0.044062235320,11.266843926353,-2.767679186107
551.071268679,48,0.684267941530,0.168757891635,11.266391851811,-2.767613318412
551.071268679,49,-0.272985766685,0.627527932138,11.268229041815,-2.767628138180
551.071268679,50,0.355689383773,0.034283890732,11.266202776908,-2.767781504818
551.071268679,51,-0.296168935074,0.412124334160,11.267937114309,-2.767324358350
551.071268679,52,-0.030427507013,-0.047489747423,11.266634079309,-2.768092287807
551.071268679,53,-0.058928234127,0.614487763132,11.267329346823,-2.767177695189
551.071268679,54,-0.438225237114,-0.619541544687,11.267109243878,-2.769374816816
551.071268679,55,0.586987722233,-0.287652890184,11.266244515280,-2.768602061199
551.071268679,56,-0.893234633679,0.192961748815,11.267585652022,-2.767274434891
551.071268679,57,0.209042374797,0.756830586690,11.266477760679,-2.767209471107
551.071268679,58,0.456200181097,-0.240759852921,11.265823729866,-2.768374500253
551.071268679,59,0.848956400642,-0.300491499258,11.268181865738,-2.769491391612
551.071268679,60,0.467692217422,0.529859170031,11.265986933090,-2.766963927672
551.071268679,61,0.703567742313,-0.513617321535,11.267795987586,-2.770083661429
551.071268679,62,-0.196934932099,0.726158191337,11.268002186584,-2.767636654629
551.071268679,63,0.458251820794,0.476912602367,11.266014983098,-2.766978599761
551.071268679,64,0.463991791557,0.425283507540,11.266030145727,-2.767020337061
551.071268679,65,0.008848738853,-0.148852234584,11.266484867243,-2.768535441696
551.071268679,66,0.582006729594,0.361412444273,11.266038336345,-2.767181345114
551.071268679,67,0.065178954920,-0.786962582334,11.265620827459,-2.768785141005
551.071268679,68,0.063401758864,0.970615082298,11.267187762658,-2.767163358661
551.071268679,69,-0.575734712982,0.322266381172,11.269023609978,-2.767980161677
551.071268679,70,0.433947541588,0.545280601369,11.266016607598,-2.766946177452
551.071268679,71,-0.413660120771,-0.589915628258,11.266991214393,-2.769408452817
551.071268679,72,-0.616857948277,0.167562679736,11.268934929960,-2.768169041761
551.071268679,73,-0.597695444839,0.470697221227,11.269027568297,-2.767693657086
551.071268679,74,0.089333121815,-0.249740398459,11.266254796900,-2.768816397832
551.071268679,75,-0.675800707668,0.177980995385,11.269156607769,-2.768222432476
551.071268679,76,-0.280378025304,-0.729063091391,11.266512957631,-2.769164181496
551.071268679,77,0.172188714929,-0.845121384045,11.265684894732,-2.769060530492
551.071268679,78,-0.492107000221,-0.433198592759,11.267318498804,-2.769300144638
551.071268679,79,0.534162287256,-0.132184657187,11.265961518303,-2.768172559733
551.071268679,80,-0.072858359156,-0.024118308782,11.266679344309,-2.767978837980
551.071268679,81,0.168274031647,0.853324569211,11.266678420577,-2.767361062953
551.071268679,82,-0.268937337411,-0.072447765630,11.266814439040,-2.768210100271
551.071268679,83,0.023934690090,0.699582138329,11.267083221489,-2.767280027566
551.071268679,84,0.477787905658,0.275825694940,11.266059817388,-2.767244417652
551.071268679,85,0.036645124562,-0.916231028192,11.265726476356,-2.768922081648
551.071268679,86,-0.088683785592,0.970881583111,11.267651061007,-2.766892278665
551.071268679,87,-0.219830174021,0.520143512239,11.267833123921,-2.767298359386
551.071268679,88,0.944965954322,-0.069337104770,11.268298120072,-2.768706905044
551.071268679,89,-0.471210637956,0.339837586631,11.268603741357,-2.767774751983
551.071268679,90,-0.840595559603,0.324824900045,11.267553182719,-2.766753257935
551.071268679,91,0.784840104461,-0.427632562475,11.268077035191,-2.769923671065
551.071268679,92,0.201640674574,-0.783981004469,11.265623141064,-2.768952775360
551.071268679,93,0.303634251820,-0.369472185553,11.265725116658,-2.768661429080
551.071268679,94,-0.363735584074,0.073286353576,11.267372718986,-2.767762245877
551.071268679,95,0.152060898489,0.633441885320,11.266634168758,-2.766987966356
551.071268679,96,0.356639909075,0.156034381706,11.266274408885,-2.767429087573
551.071268679,97,0.819425997097,0.449237113415,11.267392512245,-2.767035139355
551.071268679,98,0.275899061299,0.320946203377,11.266450323496,-2.766959390311
551.071268679,99,-0.021108112823,0.172768947399,11.266860924614,-2.767157535536
551.167203990,0,-0.769463129821,-0.300463567000,11.023140011790,-2.785463594116
551.167203990,1,-0.209167276947,0.100349733717,11.021292557702,-2.783926761552
551.167203990,2,0.296023683601,-0.364321083002,11.020094729742,-2.785077737166
551.167203990,3,0.228179259258,0.363738967315,11.020888239252,-2.783329484369
551.167203990,4,-0.268060392883,0.322567088917,11.021890996072,-2.783637227346
551.167203990,5,-0.572195141308,-0.696194819659,11.022076945100,-2.785638060106
551.167203990,6,0.872210573234,-0.403229108530,11.022271586478,-2.786242780736
551.167203990,7,-0.038958968812,0.524458383998,11.021493899770,-2.783401817971
551.167203990,8,-0.343335149645,-0.837780124264,11.021097599255,-2.785313822999
551.167203990,9,0.559014935847,0.759865116064,11.020439086526,-2.783371678732
551.167203990,10,-0.044275750974,-0.714849713650,11.020211356038,-2.785336698345
551.167203990,11,-0.132643416332,0.476833645177,11.021727923168,-2.783469985905
551.167203990,12,0.035671008030,0.907176485191,11.021487600483,-2.783948449597
551.167203990,13,0.058461798746,0.458634038709,11.021218801165,-2.783223134663
551.167203990,14,-0.592016356790,0.625286882581,11.022632951708,-2.783209924503
551.167203990,15,-0.376031977856,0.698956476628,11.022823672015,-2.784046347180
551.167203990,16,-0.731729031643,-0.626082967965,11.022769204323,-2.785718850420
551.167203990,17,-0.462686668492,-0.133526160008,11.021671669728,-2.784946981066
551.167203990,18,-0.002004598931,-0.893935741652,11.020108114585,-2.785142925491
551.167203990,19,-0.200629508978,0.691312401871,11.022260873285,-2.784092361814
551.167203990,20,0.466497947957,-0.118047826618,11.020227229134,-2.784568771034
551.167203990,21,-0.392205757247,-0.109902853573,11.021402887180,-2.784831202024
551.167203990,22,-0.302712859750,-0.637302042237,11.020925255648,-2.785757062861
551.167203990,23,-0.288759030486,-0.706641962332,11.020889989787,-2.785607098257
551.167203990,24,0.247322295012,0.350955367274,11.020852239951,-2.783365324374
551.167203990,25,0.074787261056,0.096445748190,11.021079522045,-2.783936559280
551.167203990,26,-0.666964389691,0.162147253369,11.023334263537,-2.784670647327
551.167203990,27,-0.845280824069,-0.117233342714,11.023282948138,-2.785163811449
551.167203990,28,-0.132330170724,0.949257192593,11.022028614889,-2.783450698034
551.167203990,29,0.336207924789,0.715889821861,11.020452214458,-2.783591127761
551.167203990,30,-0.957374541242,-0.023591530897,11.021812310346,-2.784509608288
551.167203990,31,-0.500041272675,-0.783995520852,11.021752179224,-2.785501541884
551.167203990,32,0.062162390311,0.462902484850,11.021210970857,-2.783225596539
551.167203990,33,0.183465045254,0.912396847818,11.020999561918,-2.783837905916
551.167203990,34,0.820746316452,-0.239013431427,11.022270197322,-2.785600642126
551.167203990,35,-0.082811411792,-0.520583864882,11.020454687988,-2.785743825648
551.167203990,36,0.872076003773,0.191120372610,11.022101716841,-2.784249529778
551.167203990,37,0.923975088394,-0.107199574961,11.022645895674,-2.785303467992
551.167203990,38,0.546429670468,0.029197788783,11.020297241693,-2.784270798895
551.167203990,39,-0.068147332166,0.722771073819,11.021753135419,-2.783966212579
551.167203990,40,0.232099646494,-0.132727392503,11.020609176658,-2.784782505938
551.167203990,41,0.668337563064,0.369544736060,11.020498862587,-2.783713821088
551.167203990,42,0.298260481154,-0.385936633415,11.020060181952,-2.785086625022
551.167203990,43,0.537461705994,0.689998957023,11.020305146294,-2.783457737680
551.167203990,44,0.179214366316,0.376183262628,11.020985515720,-2.783271251282
551.167203990,45,0.120873073829,-0.546014611777,11.020071398322,-2.785356634888
551.167203990,46,0.095259620052,-0.073485247346,11.020891914494,-2.784652452771
551.167203990,47,-0.174958397984,0.044062235320,11.021162100662,-2.784122915115
551.167203990,48,0.684267941530,0.168757891635,11.020611179148,-2.784082376047
551.167203990,49,-0.272985766685,0.627527932138,11.022491115547,-2.784103216433
551.167203990,50,0.355689383773,0.034283890732,11.020555496332,-2.784240691269
551.167203990,51,-0.296168935074,0.412124334160,11.022207064735,-2.783781878962
551.167203990,52,-0.030427507013,-0.047489747423,11.020985449859,-2.784538713551
551.167203990,53,-0.058928234127,0.614487763132,11.021630157693,-2.783661698304
551.167203990,54,-0.438225237114,-0.619541544687,11.021424933123,-2.785761120320
551.167203990,55,0.586987722233,-0.287652890184,11.020493862999,-2.784987688717
551.167203990,56,-0.893234633679,0.192961748815,11.021801817826,-2.783714231579
551.167203990,57,0.209042374797,0.756830586690,11.020784702885,-2.783732234248
551.167203990,58,0.456200181097,-0.240759852921,11.020135623568,-2.784786929738
551.167203990,59,0.848956400642,-0.300491499258,11.022502415685,-2.785924396162
551.167203990,60,0.467692217422,0.529859170031,11.020283792292,-2.783484515910
551.167203990,61,0.703567742313,-0.513617321535,11.022061368851,-2.786450713073
551.167203990,62,-0.196934932099,0.726158191337,11.022271173119,-2.784124139956
551.167203990,63,0.458251820794,0.476912602367,11.020319891634,-2.783491157317
551.167203990,64,0.463991791557,0.425283507540,11.020337862056,-2.783526520932
551.167203990,65,0.008848738853,-0.148852234584,11.020847177503,-2.784977581043
551.167203990,66,0.582006729594,0.361412444273,11.020304481509,-2.783684323827
551.167203990,67,0.065178954920,-0.786962582334,11.019986508557,-2.785141611657
551.167203990,68,0.063401758864,0.970615082298,11.021463112264,-2.783699883451
551.167203990,69,-0.575734712982,0.322266381172,11.023246803329,-2.784425214370
551.167203990,70,0.433947541588,0.545280601369,11.020321347863,-2.783465753527
551.167203990,71,-0.413660120771,-0.589915628258,11.021308747969,-2.785798870139
551.167203990,72,-0.616857948277,0.167562679736,11.023158261155,-2.784601289474
551.167203990,73,-0.597695444839,0.470697221227,11.023244842635,-2.784153050039
551.167203990,74,0.089333121815,-0.249740398459,11.020628069262,-2.785252198611
551.167203990,75,-0.675800707668,0.177980995385,11.023372385280,-2.784654743233
551.167203990,76,-0.280378025304,-0.729063091391,11.020863731523,-2.785546861649
551.167203990,77,0.172188714929,-0.845121384045,11.020028246324,-2.785385924886
551.167203990,78,-0.492107000221,-0.433198592759,11.021606946424,-2.785697531038
551.167203990,79,0.534162287256,-0.132184657187,11.020246362056,-2.784596076613
551.167203990,80,-0.072858359156,-0.024118308782,11.021022018285,-2.784424514771
551.167203990,81,0.168274031647,0.853324569211,11.020972577230,-2.783892299056
551.167203990,82,-0.268937337411,-0.072447765630,11.021120124714,-2.784643311465
551.167203990,83,0.023934690090,0.699582138329,11.021387228067,-2.783778228403
551.167203990,84,0.477787905658,0.275825694940,11.020372569711,-2.783732065975
551.167203990,85,0.036645124562,-0.916231028192,11.020087336338,-2.785252882338
551.167203990,86,-0.088683785592,0.970881583111,11.021913959168,-2.783416204001
551.167203990,87,-0.219830174021,0.520143512239,11.022111981690,-2.783766380292
551.167203990,88,0.944965954322,-0.069337104770,11.022666534630,-2.785182322035
551.167203990,89,-0.471210637956,0.339837586631,11.022843077926,-2.784222461756
551.167203990,90,-0.840595559603,0.324824900045,11.021767693728,-2.783208409200
551.167203990,91,0.784840104461,-0.427632562475,11.022380629360,-2.786329806939
551.167203990,92,0.201640674574,-0.783981004469,11.019965491772,-2.785287991984
551.167203990,93,0.303634251820,-0.369472185553,11.020077713704,-2.785069692406
551.167203990,94,-0.363735584074,0.073286353576,11.021648195350,-2.784197822092
551.167203990,95,0.152060898489,0.633441885320,11.020955604396,-2.783490220389
551.167203990,96,0.356639909075,0.156034381706,11.020624290434,-2.783900670671
551.167203990,97,0.819425997097,0.449237113415,11.021557466864,-2.783556880196
551.167203990,98,0.275899061299,0.320946203377,11.020801013027,-2.783442529651
551.167203990,99,-0.021108112823,0.172768947399,11.021200805367,-2.783615115720
551.263139302,0,-0.769463129821,-0.300463567000,10.777045409178,-2.801611050814
551.263139302,1,-0.209167276947,0.100349733717,10.775266910537,-2.800128394258
551.263139302,2,0.296023683601,-0.364321083002,10.774117371409,-2.801245468120
551.263139302,3,0.228179259258,0.363738967315,10.774905287833,-2.799568437795
551.263139302,4,-0.268060392883,0.322567088917,10.775840217066,-2.799847554106
551.263139302,5,-0.572195141308,-0.696194819659,10.776044800079,-2.801766228841
551.263139302,6,0.872210573234,-0.403229108530,10.776392023365,-2.802483393850
551.263139302,7,-0.038958968812,0.524458383998,10.775473261765,-2.799635635321
551.263139302,8,-0.343335149645,-0.837780124264,10.775112648644,-2.801439636580
551.263139302,9,0.559014935847,0.759865116064,10.774350711587,-2.799690594110
551.263139302,10,-0.044275750974,-0.714849713650,10.774249470927,-2.801475939734
551.263139302,11,-0.132643416332,0.476833645177,10.775694573297,-2.799695496776
551.263139302,12,0.035671008030,0.907176485191,10.775438971059,-2.800228011642
551.263139302,13,0.058461798746,0.458634038709,10.775217130162,-2.799458036070
551.263139302,14,-0.592016356790,0.625286882581,10.776523355555,-2.799446727049
551.263139302,15,-0.376031977856,0.698956476628,10.776735285942,-2.800284528337
551.263139302,16,-0.731729031643,-0.626082967965,10.776707580385,-2.801840798205
551.263139302,17,-0.462686668492,-0.133526160008,10.775609445695,-2.801123625854
551.263139302,18,-0.002004598931,-0.893935741652,10.774140550515,-2.801243248555
551.263139302,19,-0.200629508978,0.691312401871,10.776201067898,-2.800332702011
551.263139302,20,0.466497947957,-0.118047826618,10.774212853096,-2.800758449313
551.263139302,21,-0.392205757247,-0.109902853573,10.775352768966,-2.801013056501
551.263139302,22,-0.302712859750,-0.637302042237,10.774932743114,-2.801906567056
551.263139302,23,-0.288759030486,-0.706641962332,10.774904360412,-2.801749821427
551.263139302,24,0.247322295012,0.350955367274,10.774869992701,-2.799604469251
551.263139302,25,0.074787261056,0.096445748190,10.775104075342,-2.800151259068
551.263139302,26,-0.666964389691,0.162147253369,10.777223427845,-2.800860168992
551.263139302,27,-0.845280824069,-0.117233342714,10.777173250613,-2.801325081400
551.263139302,28,-0.132330170724,0.949257192593,10.775959072218,-2.799724742189
551.263139302,29,0.336207924789,0.715889821861,10.774425107134,-2.799876933078
551.263139302,30,-0.957374541242,-0.023591530897,10.775708999120,-2.800681714647
551.263139302,31,-0.500041272675,-0.783995520852,10.775739659595,-2.801626453337
551.263139302,32,0.062162390311,0.462902484850,10.775209393350,-2.799461047499
551.263139302,33,0.183465045254,0.912396847818,10.774955403113,-2.800133302575
551.263139302,34,0.820746316452,-0.239013431427,10.776174338275,-2.801762802491
551.263139302,35,-0.082811411792,-0.520583864882,10.774486605635,-2.801910554205
551.263139302,36,0.872076003773,0.191120372610,10.775947189116,-2.800475422414
551.263139302,37,0.923975088394,-0.107199574961,10.776631342114,-2.801515587010
551.263139302,38,0.546429670468,0.029197788783,10.774254931292,-2.800477739158
551.263139302,39,-0.068147332166,0.722771073819,10.775711762647,-2.800216065869
551.263139302,40,0.232099646494,-0.132727392503,10.774646932813,-2.800983979353
551.263139302,41,0.668337563064,0.369544736060,10.774395374345,-2.799974324879
551.263139302,42,0.298260481154,-0.385936633415,10.774080965749,-2.801250429683
551.263139302,43,0.537461705994,0.689998957023,10.774232639175,-2.799762867792
551.263139302,44,0.179214366316,0.376183262628,10.775000663150,-2.799508030247
551.263139302,45,0.120873073829,-0.546014611777,10.774109573616,-2.801511886615
551.263139302,46,0.095259620052,-0.073485247346,10.774926357538,-2.800858259481
551.263139302,47,-0.174958397984,0.044062235320,10.775146949674,-2.800323634783
551.263139302,48,0.684267941530,0.168757891635,10.774502541537,-2.800306460280
551.263139302,49,-0.272985766685,0.627527932138,10.776422707144,-2.800335323536
551.263139302,50,0.355689383773,0.034283890732,10.774576797460,-2.800456043344
551.263139302,51,-0.296168935074,0.412124334160,10.776145809061,-2.799996691153
551.263139302,52,-0.030427507013,-0.047489747423,10.775002780600,-2.800741890443
551.263139302,53,-0.058928234127,0.614487763132,10.775599275424,-2.799901724334
551.263139302,54,-0.438225237114,-0.619541544687,10.775408021073,-2.801905037093
551.263139302,55,0.586987722233,-0.287652890184,10.774413461367,-2.801130273782
551.263139302,56,-0.893234633679,0.192961748815,10.775692552002,-2.799913186291
551.263139302,57,0.209042374797,0.756830586690,10.774761056997,-2.800009170401
551.263139302,58,0.456200181097,-0.240759852921,10.774117389655,-2.800956672959
551.263139302,59,0.848956400642,-0.300491499258,10.776471787670,-2.802105501619
551.263139302,60,0.467692217422,0.529859170031,10.774251682902,-2.799758905433
551.263139302,61,0.703567742313,-0.513617321535,10.775986448843,-2.802569697870
551.263139302,62,-0.196934932099,0.726158191337,10.776209637503,-2.800368153416
551.263139302,63,0.458251820794,0.476912602367,10.774295570120,-2.799757782946
551.263139302,64,0.463991791557,0.425283507540,10.774316298846,-2.799786988202
551.263139302,65,0.008848738853,-0.148852234584,10.774875303408,-2.801176564042
551.263139302,66,0.582006729594,0.361412444273,10.774242718939,-2.799941619513
551.263139302,67,0.065178954920,-0.786962582334,10.774018706606,-2.801256727064
551.263139302,68,0.063401758864,0.970615082298,10.775408632239,-2.799990825410
551.263139302,69,-0.575734712982,0.322266381172,10.777141306534,-2.800628539054
551.263139302,70,0.433947541588,0.545280601369,10.774296732484,-2.799739182593
551.263139302,71,-0.413660120771,-0.589915628258,10.775293516181,-2.801946850080
551.263139302,72,-0.616857948277,0.167562679736,10.777052897745,-2.800791873926
551.263139302,73,-0.597695444839,0.470697221227,10.777134158385,-2.800370796818
551.263139302,74,0.089333121815,-0.249740398459,10.774667334796,-2.801445037563
551.263139302,75,-0.675800707668,0.177980995385,10.777260187762,-2.800845574118
551.263139302,76,-0.280378025304,-0.729063091391,10.774880715345,-2.801687245446
551.263139302,77,0.172188714929,-0.845121384045,10.774038883593,-2.801470380304
551.263139302,78,-0.492107000221,-0.433198592759,10.775563669769,-2.801852570578
551.263139302,79,0.534162287256,-0.132184657187,10.774202013341,-2.800776362234
551.263139302,80,-0.072858359156,-0.024118308782,10.775030772580,-2.800626992343
551.263139302,81,0.168274031647,0.853324569211,10.774936470696,-2.800177643606
551.263139302,82,-0.268937337411,-0.072447765630,10.775092829596,-2.800833755899
551.263139302,83,0.023934690090,0.699582138329,10.775359848670,-2.800031832775
551.263139302,84,0.477787905658,0.275825694940,10.774355939767,-2.799974657847
551.263139302,85,0.036645124562,-0.916231028192,10.774114778600,-2.801342694284
551.263139302,86,-0.088683785592,0.970881583111,10.775847203317,-2.799695510854
551.263139302,87,-0.219830174021,0.520143512239,10.776059495525,-2.799991307379
551.263139302,88,0.944965954322,-0.069337104770,10.776675454851,-2.801405457491
551.263139302,89,-0.471210637956,0.339837586631,10.776752632126,-2.800428104270
551.263139302,90,-0.840595559603,0.324824900045,10.775656534096,-2.799422619845
551.263139302,91,0.784840104461,-0.427632562475,10.776337147669,-2.802484926155
551.263139302,92,0.201640674574,-0.783981004469,10.773975294918,-2.801382151783
551.263139302,93,0.303634251820,-0.369472185553,10.774098332319,-2.801235684360
551.263139302,94,-0.363735584074,0.073286353576,10.775591922747,-2.800390916467
551.263139302,95,0.152060898489,0.633441885320,10.774945549633,-2.799747345447
551.263139302,96,0.356639909075,0.156034381706,10.774642891458,-2.800127934238
551.263139302,97,0.819425997097,0.449237113415,10.775391875556,-2.799832369167
551.263139302,98,0.275899061299,0.320946203377,10.774819831314,-2.799680940612
551.263139302,99,-0.021108112823,0.172768947399,10.775207154208,-2.799829179974
551.359074613,0,-0.769463129821,-0.300463567000,10.530621755215,-2.817516043276
551.359074613,1,-0.209167276947,0.100349733717,10.528907511897,-2.816086185933
551.359074613,2,0.296023683601,-0.364321083002,10.527807073935,-2.817169997846
551.359074613,3,0.228179259258,0.363738967315,10.528589282479,-2.815561819490
551.359074613,4,-0.268060392883,0.322567088917,10.529456851805,-2.815814189319
551.359074613,5,-0.572195141308,-0.696194819659,10.529680389739,-2.817651356553
551.359074613,6,0.872210573234,-0.403229108530,10.530148717329,-2.818465590193
551.359074613,7,-0.038958968812,0.524458383998,10.529119606404,-2.815624652138
551.359074613,8,-0.343335149645,-0.837780124264,10.528793416375,-2.817322425260
551.359074613,9,0.559014935847,0.759865116064,10.527934005359,-2.815761222892
551.359074613,10,-0.044275750974,-0.714849713650,10.527952689822,-2.817372318525
551.359074613,11,-0.132643416332,0.476833645177,10.529328346602,-2.815676686464
551.359074613,12,0.035671008030,0.907176485191,10.529059238490,-2.816261492485
551.359074613,13,0.058461798746,0.458634038709,10.528882070574,-2.815447814765
551.359074613,14,-0.592016356790,0.625286882581,10.530085404404,-2.815440872858
551.359074613,15,-0.376031977856,0.698956476628,10.530316736469,-2.816279192625
551.359074613,16,-0.731729031643,-0.626082967965,10.530315554962,-2.817720071899
551.359074613,17,-0.462686668492,-0.133526160008,10.529215126484,-2.817057042022
551.359074613,18,-0.002004598931,-0.893935741652,10.527838548192,-2.817101472572
551.359074613,19,-0.200629508978,0.691312401871,10.529809742924,-2.816328750995
551.359074613,20,0.466497947957,-0.118047826618,10.527867697126,-2.816704055932
551.359074613,21,-0.392205757247,-0.109902853573,10.528969891807,-2.816951512915
551.359074613,22,-0.302712859750,-0.637302042237,10.528605831437,-2.817812686208
551.359074613,23,-0.288759030486,-0.706641962332,10.528584215367,-2.817649273817
551.359074613,24,0.247322295012,0.350955367274,10.528554803251,-2.815598014550
551.359074613,25,0.074787261056,0.096445748190,10.528794103206,-2.816121417589
551.359074613,26,-0.666964389691,0.162147253369,10.530783628558,-2.816807233083
551.359074613,27,-0.845280824069,-0.117233342714,10.530735877303,-2.817244237204
551.359074613,28,-0.132330170724,0.949257192593,10.529559027096,-2.815753604868
551.359074613,29,0.336207924789,0.715889821861,10.528067274144,-2.815915500873
551.359074613,30,-0.957374541242,-0.023591530897,10.529279492971,-2.816612096902
551.359074613,31,-0.500041272675,-0.783995520852,10.529394033447,-2.817508297344
551.359074613,32,0.062162390311,0.462902484850,10.528874448374,-2.815451351197
551.359074613,33,0.183465045254,0.912396847818,10.528580476161,-2.816181672697
551.359074613,34,0.820746316452,-0.239013431427,10.529736722874,-2.817676037995
551.359074613,35,-0.082811411792,-0.520583864882,10.528183404082,-2.817833826470
551.359074613,36,0.872076003773,0.191120372610,10.529456652730,-2.816454165024
551.359074613,37,0.923975088394,-0.107199574961,10.530262723618,-2.817475684819
551.359074613,38,0.546429670468,0.029197788783,10.527882997944,-2.816439863811
551.359074613,39,-0.068147332166,0.722771073819,10.529338417337,-2.816220900189
551.359074613,40,0.232099646494,-0.132727392503,10.528350864234,-2.816941335733
551.359074613,41,0.668337563064,0.369544736060,10.527963784850,-2.815988116269
551.359074613,42,0.298260481154,-0.385936633415,10.527768863979,-2.817171120591
551.359074613,43,0.537461705994,0.689998957023,10.527831487690,-2.815820034479
551.359074613,44,0.179214366316,0.376183262628,10.528682478208,-2.815499380197
551.359074613,45,0.120873073829,-0.546014611777,10.527813367493,-2.817424177459
551.359074613,46,0.095259620052,-0.073485247346,10.528626065462,-2.816819809336
551.359074613,47,-0.174958397984,0.044062235320,10.528797675132,-2.816280434322
551.359074613,48,0.684267941530,0.168757891635,10.528065341288,-2.816284754807
551.359074613,49,-0.272985766685,0.627527932138,10.530022978541,-2.816323555266
551.359074613,50,0.355689383773,0.034283890732,10.528265779189,-2.816426681816
551.359074613,51,-0.296168935074,0.412124334160,10.529752529981,-2.815967884582
551.359074613,52,-0.030427507013,-0.047489747423,10.528685253505,-2.816700910571
551.359074613,53,-0.058928234127,0.614487763132,10.529235849177,-2.815896892642
551.359074613,54,-0.438225237114,-0.619541544687,10.529057736186,-2.817805643567
551.359074613,55,0.586987722233,-0.287652890184,10.528002713041,-2.817029047887
551.359074613,56,-0.893234633679,0.192961748815,10.529256942316,-2.815870335738
551.359074613,57,0.209042374797,0.756830586690,10.528405923095,-2.816039428406
551.359074613,58,0.456200181097,-0.240759852921,10.527768197362,-2.816882870964
551.359074613,59,0.848956400642,-0.300491499258,10.530091543866,-2.818034605712
551.359074613,60,0.467692217422,0.529859170031,10.527889703250,-2.815786245718
551.359074613,61,0.703567742313,-0.513617321535,10.529571690874,-2.818440304998
551.359074613,62,-0.196934932099,0.726158191337,10.529816730368,-2.816367801722
551.359074613,63,0.458251820794,0.476912602367,10.527941112906,-2.815777624837
551.359074613,64,0.463991791557,0.425283507540,10.527964551559,-2.815800885686
551.359074613,65,0.008848738853,-0.148852234584,10.528568421271,-2.817131479330
551.359074613,66,0.582006729594,0.361412444273,10.527852221407,-2.815952382647
551.359074613,67,0.065178954920,-0.786962582334,10.527716607717,-2.817129567105
551.359074613,68,0.063401758864,0.970615082298,10.529023433287,-2.816035325463
551.359074613,69,-0.575734712982,0.322266381172,10.530706284873,-2.816589198366
551.359074613,70,0.433947541588,0.545280601369,10.527941851951,-2.815765614431
551.359074613,71,-0.413660120771,-0.589915628258,10.528944748438,-2.817851468393
551.359074613,72,-0.616857948277,0.167562679736,10.530618011350,-2.816739856555
551.359074613,73,-0.597695444839,0.470697221227,10.530694660824,-2.816345955574
551.359074613,74,0.089333121815,-0.249740398459,10.528371752960,-2.817394001284
551.359074613,75,-0.675800707668,0.177980995385,10.530819172592,-2.816793981532
551.359074613,76,-0.280378025304,-0.729063091391,10.528563134419,-2.817584405841
551.359074613,77,0.172188714929,-0.845121384045,10.527716013580,-2.817313008789
551.359074613,78,-0.492107000221,-0.433198592759,10.529187891960,-2.817764338170
551.359074613,79,0.534162287256,-0.132184657187,10.527827685296,-2.816712578745
551.359074613,80,-0.072858359156,-0.024118308782,10.528704796703,-2.816585362066
551.359074613,81,0.168274031647,0.853324569211,10.528569204410,-2.816216244934
551.359074613,82,-0.268937337411,-0.072447765630,10.528731768878,-2.816780515352
551.359074613,83,0.023934690090,0.699582138329,10.529000214665,-2.816039971692
551.359074613,84,0.477787905658,0.275825694940,10.528009030564,-2.815971336157
551.359074613,85,0.036645124562,-0.916231028192,10.527808002417,-2.817190603677
551.359074613,86,-0.088683785592,0.970881583111,10.529449915721,-2.815729323313
551.359074613,87,-0.219830174021,0.520143512239,10.529674836691,-2.815972240226
551.359074613,88,0.944965954322,-0.069337104770,10.530327283815,-2.817376143681
551.359074613,89,-0.471210637956,0.339837586631,10.530331583282,-2.816390751956
551.359074613,90,-0.840595559603,0.324824900045,10.529218797312,-2.815394925855
551.359074613,91,0.784840104461,-0.427632562475,10.529947706393,-2.818388900530
551.359074613,92,0.201640674574,-0.783981004469,10.527651750571,-2.817234366466
551.359074613,93,0.303634251820,-0.369472185553,10.527786110162,-2.817158509065
551.359074613,94,-0.363735584074,0.073286353576,10.529203109591,-2.816340608437
551.359074613,95,0.152060898489,0.633441885320,10.528603117302,-2.815758481600
551.359074613,96,0.356639909075,0.156034381706,10.528329304407,-2.816110005535
551.359074613,97,0.819425997097,0.449237113415,10.528895652919,-2.815860741655
551.359074613,98,0.275899061299,0.320946203377,10.528505876177,-2.815673754767
551.359074613,99,-0.021108112823,0.172768947399,10.528879142154,-2.815798831600
551.455009924,0,-0.769463129821,-0.300463567000,10.283868205539,-2.833177632021
551.455009924,1,-0.209167276947,0.100349733717,10.282213557470,-2.831799219542
551.455009924,2,0.296023683601,-0.364321083002,10.281162960553,-2.832850420555
551.455009924,3,0.228179259258,0.363738967315,10.281939320783,-2.831308754590
551.455009924,4,-0.268060392883,0.322567088917,10.282740083470,-2.831536217177
551.455009924,5,-0.572195141308,-0.696194819659,10.282982921567,-2.833292518681
551.455009924,6,0.872210573234,-0.403229108530,10.283544051443,-2.834189655828
551.455009924,7,-0.038958968812,0.524458383998,10.282432079912,-2.831367980197
551.455009924,8,-0.343335149645,-0.837780124264,10.282139121233,-2.832961259456
551.455009924,9,0.559014935847,0.759865116064,10.281188117232,-2.831582698761
551.455009924,10,-0.044275750974,-0.714849713650,10.281320201148,-2.833024899010
551.455009924,11,-0.132643416332,0.476833645177,10.282628404989,-2.831412655831
551.455009924,12,0.035671008030,0.907176485191,10.282347511203,-2.832048024077
551.455009924,13,0.058461798746,0.458634038709,10.282212755178,-2.831191588410
551.455009924,14,-0.592016356790,0.625286882581,10.283318217970,-2.831191411410
551.455009924,15,-0.376031977856,0.698956476628,10.283567166046,-2.832029417145
551.455009924,16,-0.731729031643,-0.626082967965,10.283592302918,-2.833355746605
551.455009924,17,-0.462686668492,-0.133526160008,10.282487919826,-2.832746297276
551.455009924,18,-0.002004598931,-0.893935741652,10.281201296012,-2.832716668987
551.455009924,19,-0.200629508978,0.691312401871,10.283086045398,-2.832079607921
551.455009924,20,0.466497947957,-0.118047826618,10.281190884923,-2.832404719382
551.455009924,21,-0.392205757247,-0.109902853573,10.282253466842,-2.832645641733
551.455009924,22,-0.302712859750,-0.637302042237,10.281943741589,-2.833474488451
551.455009924,23,-0.288759030486,-0.706641962332,10.281928773982,-2.833304523119
551.455009924,24,0.247322295012,0.350955367274,10.281905765189,-2.831345085891
551.455009924,25,0.074787261056,0.096445748190,10.282148751679,-2.831846133498
551.455009924,26,-0.666964389691,0.162147253369,10.284014018023,-2.832510890703
551.455009924,27,-0.845280824069,-0.117233342714,10.283969949027,-2.832920327631
551.455009924,28,-0.132330170724,0.949257192593,10.282827597857,-2.831536398205
551.455009924,29,0.336207924789,0.715889821861,10.281377791769,-2.831705979569
551.455009924,30,-0.957374541242,-0.023591530897,10.282522862950,-2.832299791449
551.455009924,31,-0.500041272675,-0.783995520852,10.282714515683,-2.833146149497
551.455009924,32,0.062162390311,0.462902484850,10.282205267689,-2.831195625829
551.455009924,33,0.183465045254,0.912396847818,10.281873872054,-2.831982161234
551.455009924,34,0.820746316452,-0.239013431427,10.282958079269,-2.833339961124
551.455009924,35,-0.082811411792,-0.520583864882,10.281544278035,-2.833512709280
551.455009924,36,0.872076003773,0.191120372610,10.282630497173,-2.832185036857
551.455009924,37,0.923975088394,-0.107199574961,10.283541904387,-2.833183533587
551.455009924,38,0.546429670468,0.029197788783,10.281180593387,-2.832156318122
551.455009924,39,-0.068147332166,0.722771073819,10.282632233845,-2.831979831224
551.455009924,40,0.232099646494,-0.132727392503,10.281720084619,-2.832653669110
551.455009924,41,0.668337563064,0.369544736060,10.281203364699,-2.831754344377
551.455009924,42,0.298260481154,-0.385936633415,10.281123002757,-2.832847792600
551.455009924,43,0.537461705994,0.689998957023,10.281100814039,-2.831628378690
551.455009924,44,0.179214366316,0.376183262628,10.282030069774,-2.831244423615
551.455009924,45,0.120873073829,-0.546014611777,10.281181934892,-2.833092579712
551.455009924,46,0.095259620052,-0.073485247346,10.281990184538,-2.832536192159
551.455009924,47,-0.174958397984,0.044062235320,10.282113472503,-2.831992396865
551.455009924,48,0.684267941530,0.168757891635,10.281298928994,-2.832016434531
551.455009924,49,-0.272985766685,0.627527932138,10.283291084450,-2.832067000908
551.455009924,50,0.355689383773,0.034283890732,10.281621527727,-2.832151720513
551.455009924,51,-0.296168935074,0.412124334160,10.283026403224,-2.831694542531
551.455009924,52,-0.030427507013,-0.047489747423,10.282032044332,-2.832414859902
551.455009924,53,-0.058928234127,0.614487763132,10.282539021122,-2.831646316408
551.455009924,54,-0.438225237114,-0.619541544687,10.282373299557,-2.833462010803
551.455009924,55,0.586987722233,-0.287652890184,10.281260974554,-2.832683226611
551.455009924,56,-0.893234633679,0.192961748815,10.282494066586,-2.831584709952
551.455009924,57,0.209042374797,0.756830586690,10.281718391639,-2.831822151869
551.455009924,58,0.456200181097,-0.240759852921,10.281087193002,-2.832564654663
551.455009924,59,0.848956400642,-0.300491499258,10.283363041788,-2.833711551536
551.455009924,60,0.467692217422,0.529859170031,10.281196933281,-2.831565681634
551.455009924,61,0.703567742313,-0.513617321535,10.282817436994,-2.834062180089
551.455009924,62,-0.196934932099,0.726158191337,10.283091595081,-2.832122185172
551.455009924,63,0.458251820794,0.476912602367,10.281255596745,-2.831549826188
551.455009924,64,0.463991791557,0.425283507540,10.281281697754,-2.831567354944
551.455009924,65,0.008848738853,-0.148852234584,10.281925701049,-2.832841409374
551.455009924,66,0.582006729594,0.361412444273,10.281132132140,-2.831715758302
551.455009924,67,0.065178954920,-0.786962582334,10.281079388459,-2.832759204010
551.455009924,68,0.063401758864,0.970615082298,10.282306617273,-2.831832519097
551.455009924,69,-0.575734712982,0.322266381172,10.283940895476,-2.832306248403
551.455009924,70,0.433947541588,0.545280601369,10.281255780470,-2.831544194080
551.455009924,71,-0.413660120771,-0.589915628258,10.282261666931,-2.833511795412
551.455009924,72,-0.616857948277,0.167562679736,10.283852765297,-2.832444292422
551.455009924,73,-0.597695444839,0.470697221227,10.283925486835,-2.832077577730
551.455009924,74,0.089333121815,-0.249740398459,10.281740476158,-2.833098169947
551.455009924,75,-0.675800707668,0.177980995385,10.284048488501,-2.832499015435
551.455009924,76,-0.280378025304,-0.729063091391,10.281910207172,-2.833237410295
551.455009924,77,0.172188714929,-0.845121384045,10.281058828941,-2.832912912173
551.455009924,78,-0.492107000221,-0.433198592759,10.282478828582,-2.833431903158
551.455009924,79,0.534162287256,-0.132184657187,10.281122560908,-2.832403877709
551.455009924,80,-0.072858359156,-0.024118308782,10.282043274006,-2.832298709226
551.455009924,81,0.168274031647,0.853324569211,10.281869872355,-2.832007246179
551.455009924,82,-0.268937337411,-0.072447765630,10.282036151271,-2.832482665616
551.455009924,83,0.023934690090,0.699582138329,10.282307449955,-2.831801770176
551.455009924,84,0.477787905658,0.275825694940,10.281330926046,-2.831721237651
551.455009924,85,0.036645124562,-0.916231028192,10.281166196806,-2.832795688675
551.455009924,86,-0.088683785592,0.970881583111,10.282721210623,-2.831516759400
551.455009924,87,-0.219830174021,0.520143512239,10.282957169546,-2.831708272034
551.455009924,88,0.944965954322,-0.069337104770,10.283624155195,-2.833094164188
551.455009924,89,-0.471210637956,0.339837586631,10.283579103093,-2.832109470786
551.455009924,90,-0.840595559603,0.324824900045,10.282453567200,-2.831124356410
551.455009924,91,0.784840104461,-0.427632562475,10.283213252177,-2.834041548102
551.455009924,92,0.201640674574,-0.783981004469,10.280994044066,-2.832843737514
551.455009924,93,0.303634251820,-0.369472185553,10.281140171420,-2.832837262160
551.455009924,94,-0.363735584074,0.073286353576,10.282480957370,-2.832045971310
551.455009924,95,0.152060898489,0.633441885320,10.281927411968,-2.831522763207
551.455009924,96,0.356639909075,0.156034381706,10.281682609408,-2.831846005337
551.455009924,97,0.819425997097,0.449237113415,10.282068620034,-2.831641130825
551.455009924,98,0.275899061299,0.320946203377,10.281858235800,-2.831420097697
551.455009924,99,-0.021108112823,0.172768947399,10.282215933889,-2.831523167750
551.550945235,0,-0.769463129821,-0.300463567000,10.036783906461,-2.848594871685
551.550945235,1,-0.209167276947,0.100349733717,10.035184236547,-2.847266571876
551.550945235,2,0.296023683601,-0.364321083002,10.034184142154,-2.848285822194
551.550945235,3,0.228179259258,0.363738967315,10.034954491982,-2.846808362187
551.550945235,4,-0.268060392883,0.322567088917,10.035689088452,-2.847012715502
551.550945235,5,-0.572195141308,-0.696194819659,10.035951594784,-2.848688785413
551.550945235,6,0.872210573234,-0.403229108530,10.036580149622,-2.849655798234
551.550945235,7,-0.038958968812,0.524458383998,10.035409821756,-2.846864725016
551.550945235,8,-0.343335149645,-0.837780124264,10.035148974726,-2.848355204262
551.550945235,9,0.559014935847,0.759865116064,10.034112169891,-2.847154153612
551.550945235,10,-0.044275750974,-0.714849713650,10.034351186116,-2.848432739116
551.550945235,11,-0.132643416332,0.476833645177,10.035593903691,-2.846902499393
551.550945235,12,0.035671008030,0.907176485191,10.035302889454,-2.847586732536
551.550945235,13,0.058461798746,0.458634038709,10.035208309862,-2.846688468517
551.550945235,14,-0.592016356790,0.625286882581,10.036220907378,-2.846697385213
551.550945235,15,-0.376031977856,0.698956476628,10.036485709405,-2.847534272234
551.550945235,16,-0.731729031643,-0.626082967965,10.036536989877,-2.848746892058
551.550945235,17,-0.462686668492,-0.133526160008,10.035427026051,-2.848190453331
551.550945235,18,-0.002004598931,-0.893935741652,10.034227973502,-2.848087901974
551.550945235,19,-0.200629508978,0.691312401871,10.036029115166,-2.847584365435
551.550945235,20,0.466497947957,-0.118047826618,10.034181519801,-2.847859559226
551.550945235,21,-0.392205757247,-0.109902853573,10.035202698169,-2.848094507427
551.550945235,22,-0.302712859750,-0.637302042237,10.034945687700,-2.848891036388
551.550945235,23,-0.288759030486,-0.706641962332,10.034937248699,-2.848714631524
551.550945235,24,0.247322295012,0.350955367274,10.034921963427,-2.846844802847
551.550945235,25,0.074787261056,0.096445748190,10.035167160286,-2.847324499205
551.550945235,26,-0.666964389691,0.162147253369,10.036913739907,-2.847970186471
551.550945235,27,-0.845280824069,-0.117233342714,10.036874576826,-2.848352395221
551.550945235,28,-0.132330170724,0.949257192593,10.035763895007,-2.847072227990
551.550945235,29,0.336207924789,0.715889821861,10.034355724165,-2.847247512803
551.550945235,30,-0.957374541242,-0.023591530897,10.035438169649,-2.847743828199
551.550945235,31,-0.500041272675,-0.783995520852,10.035700313283,-2.848539080216
551.550945235,32,0.062162390311,0.462902484850,10.035200976145,-2.846692983451
551.550945235,33,0.183465045254,0.912396847818,10.034834672038,-2.847533908054
551.550945235,34,0.820746316452,-0.239013431427,10.035838986755,-2.848754146281
551.550945235,35,-0.082811411792,-0.520583864882,10.034568415755,-2.848946263432
551.550945235,36,0.872076003773,0.191120372610,10.035468981378,-2.847667303302
551.550945235,37,0.923975088394,-0.107199574961,10.036470516374,-2.848638859330
551.550945235,38,0.546429670468,0.029197788783,10.034146842683,-2.847626238699
551.550945235,39,-0.068147332166,0.722771073819,10.035592339332,-2.847491968384
551.550945235,40,0.232099646494,-0.132727392503,10.034753698919,-2.848120066663
551.550945235,41,0.668337563064,0.369544736060,10.034113342888,-2.847272153027
551.550945235,42,0.298260481154,-0.385936633415,10.034142495508,-2.848279532129
551.550945235,43,0.537461705994,0.689998957023,10.034039716592,-2.847187038485
551.550945235,44,0.179214366316,0.376183262628,10.035042539044,-2.846742276909
551.550945235,45,0.120873073829,-0.546014611777,10.034214422303,-2.848516158492
551.550945235,46,0.095259620052,-0.073485247346,10.035017854362,-2.848006491433
551.550945235,47,-0.174958397984,0.044062235320,10.035093530984,-2.847458599410
551.550945235,48,0.684267941530,0.168757891635,10.034202606736,-2.847500665575
551.550945235,49,-0.272985766685,0.627527932138,10.036226172343,-2.847564743170
551.550945235,50,0.355689383773,0.034283890732,10.034643117258,-2.847630266309
551.550945235,51,-0.296168935074,0.412124334160,10.035966597523,-2.847175741833
551.550945235,52,-0.030427507013,-0.047489747423,10.035042322715,-2.847882818247
551.550945235,53,-0.058928234127,0.614487763132,10.035507926496,-2.847149102533
551.550945235,54,-0.438225237114,-0.619541544687,10.035353924853,-2.848873204453
551.550945235,55,0.586987722233,-0.287652890184,10.034187559164,-2.848092010070
551.550945235,56,-0.893234633679,0.192961748815,10.035402992575,-2.847055332218
551.550945235,57,0.209042374797,0.756830586690,10.034697543791,-2.847356479008
551.550945235,58,0.456200181097,-0.240759852921,10.034073501325,-2.848001144972
551.550945235,59,0.848956400642,-0.300491499258,10.036287447303,-2.849136130182
551.550945235,60,0.467692217422,0.529859170031,10.034172435543,-2.847096353245
551.550945235,61,0.703567742313,-0.513617321535,10.035723915482,-2.849434927176
551.550945235,62,-0.196934932099,0.726158191337,10.036033367757,-2.847630397554
551.550945235,63,0.458251820794,0.476912602367,10.034238081743,-2.847073525049
551.550945235,64,0.463991791557,0.425283507540,10.034266798074,-2.847085532119
551.550945235,65,0.008848738853,-0.148852234584,10.034946306458,-2.848305430436
551.550945235,66,0.582006729594,0.361412444273,10.034081566570,-2.847230885995
551.550945235,67,0.065178954920,-0.786962582334,10.034106216194,-2.848144702438
551.550945235,68,0.063401758864,0.970615082298,10.035257277390,-2.847381536199
551.550945235,69,-0.575734712982,0.322266381172,10.036844287235,-2.847778738663
551.550945235,70,0.433947541588,0.545280601369,10.034237576808,-2.847074061654
551.550945235,71,-0.413660120771,-0.589915628258,10.035243486574,-2.848926896007
551.550945235,72,-0.616857948277,0.167562679736,10.036756314530,-2.847904230139
551.550945235,73,-0.597695444839,0.470697221227,10.036825764828,-2.847564707902
551.550945235,74,0.089333121815,-0.249740398459,10.034772649937,-2.848556617268
551.550945235,75,-0.675800707668,0.177980995385,10.036947275485,-2.847959719275
551.550945235,76,-0.280378025304,-0.729063091391,10.034921145132,-2.848645320766
551.550945235,77,0.172188714929,-0.845121384045,10.034066508616,-2.848269182289
551.550945235,78,-0.492107000221,-0.433198592759,10.035435687605,-2.848854329270
551.550945235,79,0.534162287256,-0.132184657187,10.034085794850,-2.847849400264
551.550945235,80,-0.072858359156,-0.024118308782,10.035045381729,-2.847766112971
551.550945235,81,0.168274031647,0.853324569211,10.034837559339,-2.847549785135
551.550945235,82,-0.268937337411,-0.072447765630,10.035005178976,-2.847939276447
551.550945235,83,0.023934690090,0.699582138329,10.035280671086,-2.847316347161
551.550945235,84,0.477787905658,0.275825694940,10.034320692179,-2.847223492853
551.550945235,85,0.036645124562,-0.916231028192,10.034188540882,-2.848157019518
551.550945235,86,-0.088683785592,0.970881583111,10.035660194308,-2.847056930947
551.550945235,87,-0.219830174021,0.520143512239,10.035905651534,-2.847198489553
551.550945235,88,0.944965954322,-0.069337104770,10.036567950673,-2.848559256194
551.550945235,89,-0.471210637956,0.339837586631,10.036494355564,-2.847583320202
551.550945235,90,-0.840595559603,0.324824900045,10.035359917815,-2.846609933810
551.550945235,91,0.784840104461,-0.427632562475,10.036134572692,-2.849442635678
551.550945235,92,0.201640674574,-0.783981004469,10.034001346714,-2.848209356382
551.550945235,93,0.303634251820,-0.369472185553,10.034159627533,-2.848271030882
551.550945235,94,-0.363735584074,0.073286353576,10.035424660597,-2.847506072211
551.550945235,95,0.152060898489,0.633441885320,10.034917530158,-2.847039318795
551.550945235,96,0.356639909075,0.156034381706,10.034701874902,-2.847335047873
551.550945235,97,0.819425997097,0.449237113415,10.034910510246,-2.847172667224
551.550945235,98,0.275899061299,0.320946203377,10.034875989137,-2.846919088902
551.550945235,99,-0.021108112823,0.172768947399,10.035216687844,-2.847001279373
551.646880547,0,-0.769463129821,-0.300463567000,9.789367994852,-2.863766810959
551.646880547,1,-0.209167276947,0.100349733717,9.787818732010,-2.862487313483
551.646880547,2,0.296023683601,-0.364321083002,9.786869717923,-2.863475280504
551.646880547,3,0.228179259258,0.363738967315,9.787633877254,-2.862059755227
551.646880547,4,-0.268060392883,0.322567088917,9.788303036324,-2.862242755681
551.646880547,5,-0.572195141308,-0.696194819659,9.788585600255,-2.863839221635
551.646880547,6,0.872210573234,-0.403229108530,9.789258893210,-2.864864150344
551.646880547,7,-0.038958968812,0.524458383998,9.788051964711,-2.862113985767
551.646880547,8,-0.343335149645,-0.837780124264,9.787822181052,-2.863503319418
551.646880547,9,0.559014935847,0.759865116064,9.786705260788,-2.862474717194
551.646880547,10,-0.044275750974,-0.714849713650,9.787044818857,-2.863594890406
551.646880547,11,-0.132643416332,0.476833645177,9.788223991281,-2.862145305231
551.646880547,12,0.035671008030,0.907176485191,9.787924465454,-2.862876738008
551.646880547,13,0.058461798746,0.458634038709,9.787867853749,-2.861937560355
551.646880547,14,-0.592016356790,0.625286882581,9.788792575083,-2.861957829717
551.646880547,15,-0.376031977856,0.698956476628,9.789071493524,-2.862792821381
551.646880547,16,-0.731729031643,-0.626082967965,9.789148772104,-2.863892572578
551.646880547,17,-0.462686668492,-0.133526160008,9.788031638011,-2.863388565862
551.646880547,18,-0.002004598931,-0.893935741652,9.786917751566,-2.863214228507
551.646880547,19,-0.200629508978,0.691312401871,9.788638084889,-2.862842109586
551.646880547,20,0.466497947957,-0.118047826618,9.786838685900,-2.863067686176
551.646880547,21,-0.392205757247,-0.109902853573,9.787816782789,-2.863297168408
551.646880547,22,-0.302712859750,-0.637302042237,9.787610877030,-2.864061387062
551.646880547,23,-0.288759030486,-0.706641962332,9.787608845045,-2.863878655691
551.646880547,24,0.247322295012,0.350955367274,9.787602474530,-2.862096278850
551.646880547,25,0.074787261056,0.096445748190,9.787848462174,-2.862555600813
551.646880547,26,-0.666964389691,0.162147253369,9.789481929103,-2.863184158450
551.646880547,27,-0.845280824069,-0.117233342714,9.789448861848,-2.863539476217
551.646880547,28,-0.132330170724,0.949257192593,9.788367021264,-2.862360193562
551.646880547,29,0.336207924789,0.715889821861,9.787000123890,-2.862539239244
551.646880547,30,-0.957374541242,-0.023591530897,9.788024463090,-2.862943230512
551.646880547,31,-0.500041272675,-0.783995520852,9.788350625222,-2.863686154701
551.646880547,32,0.062162390311,0.462902484850,9.787860691802,-2.861942529876
551.646880547,33,0.183465045254,0.912396847818,9.787461947892,-2.862836047760
551.646880547,34,0.820746316452,-0.239013431427,9.788379885203,-2.863918131433
551.646880547,35,-0.082811411792,-0.520583864882,9.787254999129,-2.864133543663
551.646880547,36,0.872076003773,0.191120372610,9.787972241992,-2.862900216133
551.646880547,37,0.923975088394,-0.107199574961,9.789049974260,-2.863841344054
551.646880547,38,0.546429670468,0.029197788783,9.786780845847,-2.862848753526
551.646880547,39,-0.068147332166,0.722771073819,9.788217853820,-2.862756414693
551.646880547,40,0.232099646494,-0.132727392503,9.787450803712,-2.863339608703
551.646880547,41,0.668337563064,0.369544736060,9.786692909355,-2.862540680571
551.646880547,42,0.298260481154,-0.385936633415,9.786826443624,-2.863465417240
551.646880547,43,0.537461705994,0.689998957023,9.786647271202,-2.862495148734
551.646880547,44,0.179214366316,0.376183262628,9.787718979766,-2.861992050312
551.646880547,45,0.120873073829,-0.546014611777,9.786909968073,-2.863693971768
551.646880547,46,0.095259620052,-0.073485247346,9.787708208028,-2.863229784255
551.646880547,47,-0.174958397984,0.044062235320,9.787737033501,-2.862678112754
551.646880547,48,0.684267941530,0.168757891635,9.786775631108,-2.862736605311
551.646880547,49,-0.272985766685,0.627527932138,9.788827382428,-2.862815858093
551.646880547,50,0.355689383773,0.034283890732,9.787329610571,-2.862861419072
551.646880547,51,-0.296168935074,0.412124334160,9.788572274579,-2.862410552787
551.646880547,52,-0.030427507013,-0.047489747423,9.787715252224,-2.863103859194
551.646880547,53,-0.058928234127,0.614487763132,9.788141693658,-2.862404351540
551.646880547,54,-0.438225237114,-0.619541544687,9.787998818244,-2.864038284721
551.646880547,55,0.586987722233,-0.287652890184,9.786781739523,-2.863254583325
551.646880547,56,-0.893234633679,0.192961748815,9.787982777888,-2.862281219003
551.646880547,57,0.209042374797,0.756830586690,9.787342451699,-2.862641542502
551.646880547,58,0.456200181097,-0.240759852921,9.786726226802,-2.863191452955
551.646880547,59,0.848956400642,-0.300491499258,9.788865746834,-2.864308083194
551.646880547,60,0.467692217422,0.529859170031,9.786815256127,-2.862377395629
551.646880547,61,0.703567742313,-0.513617321535,9.788291247901,-2.864558110541
551.646880547,62,-0.196934932099,0.726158191337,9.788641177254,-2.862891526053
551.646880547,63,0.458251820794,0.476912602367,9.786887612260,-2.862347854151
551.646880547,64,0.463991791557,0.425283507540,9.786918897168,-2.862354547798
551.646880547,65,0.008848738853,-0.148852234584,9.787629395074,-2.863522612528
551.646880547,66,0.582006729594,0.361412444273,9.786699613998,-2.862496899538
551.646880547,67,0.065178954920,-0.786962582334,9.786796249390,-2.863285119557
551.646880547,68,0.063401758864,0.970615082298,9.787874498327,-2.862681500915
551.646880547,69,-0.575734712982,0.322266381172,9.789415600727,-2.863005711959
551.646880547,70,0.433947541588,0.545280601369,9.786886285097,-2.862354352172
551.646880547,71,-0.413660120771,-0.589915628258,9.787889414942,-2.864095829552
551.646880547,72,-0.616857948277,0.167562679736,9.789327805527,-2.863118711804
551.646880547,73,-0.597695444839,0.470697221227,9.789394614659,-2.862806383821
551.646880547,74,0.089333121815,-0.249740398459,9.787467413181,-2.863768410494
551.646880547,75,-0.675800707668,0.177980995385,9.789514664705,-2.863175129916
551.646880547,76,-0.280378025304,-0.729063091391,9.787595152904,-2.863807193669
551.646880547,77,0.172188714929,-0.845121384045,9.786738218453,-2.863380901158
551.646880547,78,-0.492107000221,-0.433198592759,9.788057669311,-2.864030674564
551.646880547,79,0.534162287256,-0.132184657187,9.786716515219,-2.863048277259
551.646880547,80,-0.072858359156,-0.024118308782,9.787710291055,-2.862986646260
551.646880547,81,0.168274031647,0.853324569211,9.787471341237,-2.862842994088
551.646880547,82,-0.268937337411,-0.072447765630,9.787638047658,-2.863149411503
551.646880547,83,0.023934690090,0.699582138329,9.787918987359,-2.862582815376
551.646880547,84,0.477787905658,0.275825694940,9.786977377978,-2.862477225950
551.646880547,85,0.036645124562,-0.916231028192,9.786874204176,-2.863273658622
551.646880547,86,-0.088683785592,0.970881583111,9.788265965163,-2.862348943468
551.646880547,87,-0.219830174021,0.520143512239,9.788519433178,-2.862441972997
551.646880547,88,0.944965954322,-0.069337104770,9.789160316249,-2.863771112632
551.646880547,89,-0.471210637956,0.339837586631,9.789076496941,-2.862811353044
551.646880547,90,-0.840595559603,0.324824900045,9.787936913350,-2.861850673397
551.646880547,91,0.784840104461,-0.427632562475,9.788712306623,-2.864591881242
551.646880547,92,0.201640674574,-0.783981004469,9.786672816472,-2.863330304690
551.646880547,93,0.303634251820,-0.369472185553,9.786843577846,-2.863458894132
551.646880547,94,-0.363735584074,0.073286353576,9.788033406762,-2.862719972016
551.646880547,95,0.152060898489,0.633441885320,9.787572560568,-2.862307270941
551.646880547,96,0.356639909075,0.156034381706,9.787386158235,-2.862576240759
551.646880547,97,0.819425997097,0.449237113415,9.787420974609,-2.862454478410
551.646880547,98,0.275899061299,0.320946203377,9.787558206298,-2.862169841709
551.646880547,99,-0.021108112823,0.172768947399,9.787880556262,-2.862232251142
551.742815858,0,-0.769463129821,-0.300463567000,9.541619598036,-2.878692492522
551.742815858,1,-0.209167276947,0.100349733717,9.540116220319,-2.877460508611
551.742815858,2,0.296023683601,-0.364321083002,9.539218775949,-2.878417865098
551.742815858,3,0.228179259258,0.363738967315,9.539976550007,-2.877062040427
551.742815858,4,-0.268060392883,0.322567088917,9.540581089809,-2.877225402592
551.742815858,5,-0.572195141308,-0.696194819659,9.540884120396,-2.878742886890
551.742815858,6,0.872210573234,-0.403229108530,9.541581936526,-2.879814774349
551.742815858,7,-0.038958968812,0.524458383998,9.540357634911,-2.877114855186
551.742815858,8,-0.343335149645,-0.837780124264,9.540157937062,-2.878404659292
551.742815858,9,0.559014935847,0.759865116064,9.538966463538,-2.877543516757
551.742815858,10,-0.044275750974,-0.714849713650,9.539400266547,-2.878510398104
551.742815858,11,-0.132643416332,0.476833645177,9.540517809692,-2.877140154912
551.742815858,12,0.035671008030,0.907176485191,9.540211323499,-2.877917154537
551.742815858,13,0.058461798746,0.458634038709,9.540190499307,-2.876937962860
551.742815858,14,-0.592016356790,0.625286882581,9.541032314793,-2.876971773234
551.742815858,15,-0.376031977856,0.698956476628,9.541323637574,-2.877804121138
551.742815858,16,-0.731729031643,-0.626082967965,9.541426796399,-2.878791847015
551.742815858,17,-0.462686668492,-0.133526160008,9.540300941010,-2.878339684436
551.742815858,18,-0.002004598931,-0.893935741652,9.539269792720,-2.878094698431
551.742815858,19,-0.200629508978,0.691312401871,9.540912080036,-2.877851919732
551.742815858,20,0.466497947957,-0.118047826618,9.539161449330,-2.878028202160
551.742815858,21,-0.392205757247,-0.109902853573,9.540094910544,-2.878252676967
551.742815858,22,-0.302712859750,-0.637302042237,9.539938509934,-2.878984591921
551.742815858,23,-0.288759030486,-0.706641962332,9.539942761614,-2.878795646717
551.742815858,24,0.247322295012,0.350955367274,9.539946367036,-2.877098621091
551.742815858,25,0.074787261056,0.096445748190,9.540191784242,-2.877538518060
551.742815858,26,-0.666964389691,0.162147253369,9.541717711641,-2.878151838078
551.742815858,27,-0.845280824069,-0.117233342714,9.541691895237,-2.878480600500
551.742815858,28,-0.132330170724,0.949257192593,9.540636071591,-2.877399387683
551.742815858,29,0.336207924789,0.715889821861,9.539310032393,-2.877580292412
551.742815858,30,-0.957374541242,-0.023591530897,9.540280782618,-2.877897015119
551.742815858,31,-0.500041272675,-0.783995520852,9.540664642395,-2.878586432897
551.742815858,32,0.062162390311,0.462902484850,9.540183526042,-2.876943364594
551.742815858,33,0.183465045254,0.912396847818,9.539754762196,-2.877887709523
551.742815858,34,0.820746316452,-0.239013431427,9.540581083927,-2.878831419684
551.742815858,35,-0.082811411792,-0.520583864882,9.539603203730,-2.879073598628
551.742815858,36,0.872076003773,0.191120372610,9.540140301168,-2.877883013750
551.742815858,37,0.923975088394,-0.107199574961,9.541281489476,-2.878790627747
551.742815858,38,0.546429670468,0.029197788783,9.539081679383,-2.877822982005
551.742815858,39,-0.068147332166,0.722771073819,9.540507890237,-2.877772266692
551.742815858,40,0.232099646494,-0.132727392503,9.539810487557,-2.878311368655
551.742815858,41,0.668337563064,0.369544736060,9.538941217388,-2.877559059711
551.742815858,42,0.298260481154,-0.385936633415,9.539173937097,-2.878404517720
551.742815858,43,0.537461705994,0.689998957023,9.538922532453,-2.877551840829
551.742815858,44,0.179214366316,0.376183262628,9.540058478465,-2.876992847804
551.742815858,45,0.120873073829,-0.546014611777,9.539267702693,-2.878625070393
551.742815858,46,0.095259620052,-0.073485247346,9.540060372283,-2.878205141297
551.742815858,47,-0.174958397984,0.044062235320,9.540043156705,-2.877650001437
551.742815858,48,0.684267941530,0.168757891635,9.539017216064,-2.877723402360
551.742815858,49,-0.272985766685,0.627527932138,9.541093847625,-2.877819414970
551.742815858,50,0.355689383773,0.034283890732,9.539680059663,-2.877844271651
551.742815858,51,-0.296168935074,0.412124334160,9.540842589029,-2.877398039087
551.742815858,52,-0.030427507013,-0.047489747423,9.540049990431,-2.878077050072
551.742815858,53,-0.058928234127,0.614487763132,9.540439444138,-2.877411157483
551.742815858,54,-0.438225237114,-0.619541544687,9.540307178339,-2.878956306314
551.742815858,55,0.586987722233,-0.287652890184,9.539042750207,-2.878170116782
551.742815858,56,-0.893234633679,0.192961748815,9.540232469867,-2.877261379873
551.742815858,57,0.209042374797,0.756830586690,9.539652178778,-2.877676469346
551.742815858,58,0.456200181097,-0.240759852921,9.539044454838,-2.878134679952
551.742815858,59,0.848956400642,-0.300491499258,9.541098758804,-2.879227104897
551.742815858,60,0.467692217422,0.529859170031,9.539124425557,-2.877407938700
551.742815858,61,0.703567742313,-0.513617321535,9.540519455730,-2.879431256463
551.742815858,62,-0.196934932099,0.726158191337,9.540914145175,-2.877904651153
551.742815858,63,0.458251820794,0.476912602367,9.539203217759,-2.877371940752
551.742815858,64,0.463991791557,0.425283507540,9.539237024575,-2.877373526871
551.742815858,65,0.008848738853,-0.148852234584,9.539974118424,-2.878492019364
551.742815858,66,0.582006729594,0.361412444273,9.538985339164,-2.877512926893
551.742815858,67,0.065178954920,-0.786962582334,9.539148637910,-2.878179505112
551.742815858,68,0.063401758864,0.970615082298,9.540157356412,-2.877731531492
551.742815858,69,-0.575734712982,0.322266381172,9.541653968129,-2.877986204354
551.742815858,70,0.433947541588,0.545280601369,9.539200935589,-2.877384195384
551.742815858,71,-0.413660120771,-0.589915628258,9.540198652206,-2.879017649875
551.742815858,72,-0.616857948277,0.167562679736,9.541566376200,-2.878086772925
551.742815858,73,-0.597695444839,0.470697221227,9.541631147545,-2.877801636256
551.742815858,74,0.089333121815,-0.249740398459,9.539823898282,-2.878732610370
551.742815858,75,-0.675800707668,0.177980995385,9.541749778400,-2.878144277566
551.742815858,76,-0.280378025304,-0.729063091391,9.539931428154,-2.878722079867
551.742815858,77,0.172188714929,-0.845121384045,9.539073111807,-2.878247141175
551.742815858,78,-0.492107000221,-0.433198592759,9.540343966209,-2.878959991383
551.742815858,79,0.534162287256,-0.132184657187,9.539013825165,-2.877999629403
551.742815858,80,-0.072858359156,-0.024118308782,9.540037167141,-2.877959375802
551.742815858,81,0.168274031647,0.853324569211,9.539770285234,-2.877885999668
551.742815858,82,-0.268937337411,-0.072447765630,9.539933946413,-2.878112128291
551.742815858,83,0.023934690090,0.699582138329,9.540221500925,-2.877600281239
551.742815858,84,0.477787905658,0.275825694940,9.539300016476,-2.877481554713
551.742815858,85,0.036645124562,-0.916231028192,9.539222346952,-2.878144660686
551.742815858,86,-0.088683785592,0.970881583111,9.540537613731,-2.877391896038
551.742815858,87,-0.219830174021,0.520143512239,9.540797658062,-2.877437795950
551.742815858,88,0.944965954322,-0.069337104770,9.541402677497,-2.878729384203
551.742815858,89,-0.471210637956,0.339837586631,9.541324675640,-2.877792615468
551.742815858,90,-0.840595559603,0.324824900045,9.540183608032,-2.876845583479
551.742815858,91,0.784840104461,-0.427632562475,9.540946953066,-2.879488956218
551.742815858,92,0.201640674574,-0.783981004469,9.539007598578,-2.878205654404
551.742815858,93,0.303634251820,-0.369472185553,9.539191110256,-2.878399922563
551.742815858,94,-0.363735584074,0.073286353576,9.540306376274,-2.877686725282
551.742815858,95,0.152060898489,0.633441885320,9.539891584267,-2.877325736148
551.742815858,96,0.356639909075,0.156034381706,9.539734506228,-2.877568684946
551.742815858,97,0.819425997097,0.449237113415,9.539599587026,-2.877485688597
551.742815858,98,0.275899061299,0.320946203377,9.539903948910,-2.877171463182
551.742815858,99,-0.021108112823,0.172768947399,9.540206685264,-2.877215161387
551.838751169,0,-0.769463129821,-0.300463567000,9.293537833672,-2.893370952986
551.838751169,1,-0.209167276947,0.100349733717,9.292075871484,-2.892185215140
551.838751169,2,0.296023683601,-0.364321083002,9.291230393784,-2.893112637506
551.838751169,3,0.228179259258,0.363738967315,9.291981576146,-2.891814318183
551.838751169,4,-0.268060392883,0.322567088917,9.292522404748,-2.891959714529
551.838751169,5,-0.572195141308,-0.696194819659,9.292846329072,-2.893398835325
551.838751169,6,0.872210573234,-0.403229108530,9.293550721407,-2.894507665271
551.838751169,7,-0.038958968812,0.524458383998,9.292325951899,-2.891866419486
551.838751169,8,-0.343335149645,-0.837780124264,9.292155432211,-2.893058272848
551.838751169,9,0.559014935847,0.759865116064,9.290894829232,-2.892359676724
551.838751169,10,-0.044275750974,-0.714849713650,9.291416689520,-2.893178301092
551.838751169,11,-0.132643416332,0.476833645177,9.292474494217,-2.891886123407
551.838751169,12,0.035671008030,0.907176485191,9.292162540070,-2.892707089930
551.838751169,13,0.058461798746,0.458634038709,9.292175352451,-2.891688768547
551.838751169,14,-0.592016356790,0.625286882581,9.292939211390,-2.891738236855
551.838751169,15,-0.376031977856,0.698956476628,9.293241252872,-2.892567221036
551.838751169,16,-0.731729031643,-0.626082967965,9.293370199979,-2.893443768689
551.838751169,17,-0.462686668492,-0.133526160008,9.292234112724,-2.893042852456
551.838751169,18,-0.002004598931,-0.893935741652,9.291283251296,-2.892728354523
551.838751169,19,-0.200629508978,0.691312401871,9.292850218874,-2.892612868447
551.838751169,20,0.466497947957,-0.118047826618,9.291148859255,-2.892740200383
551.838751169,21,-0.392205757247,-0.109902853573,9.292036264053,-2.892960079217
551.838751169,22,-0.302712859750,-0.637302042237,9.291927779823,-2.893659696782
551.838751169,23,-0.288759030486,-0.706641962332,9.291938190027,-2.893464650109
551.838751169,24,0.247322295012,0.350955367274,9.291952701743,-2.891850930442
551.838751169,25,0.074787261056,0.096445748190,9.292196247255,-2.892272324256
551.838751169,26,-0.666964389691,0.162147253369,9.293620204583,-2.892872250101
551.838751169,27,-0.845280824069,-0.117233342714,9.293602758022,-2.893174791514
551.838751169,28,-0.132330170724,0.949257192593,9.292570133221,-2.892188896430
551.838751169,29,0.336207924789,0.715889821861,9.291284480489,-2.892369800502
551.838751169,30,-0.957374541242,-0.023591530897,9.292206156791,-2.892604192055
551.838751169,31,-0.500041272675,-0.783995520852,9.292641547525,-2.893238969457
551.838751169,32,0.062162390311,0.462902484850,9.292168583682,-2.891694580675
551.838751169,33,0.183465045254,0.912396847818,9.291712168577,-2.892688016916
551.838751169,34,0.820746316452,-0.239013431427,9.292442769999,-2.893493480741
551.838751169,35,-0.082811411792,-0.520583864882,9.291612198873,-2.893765470882
551.838751169,36,0.872076003773,0.191120372610,9.291973073870,-2.892614921405
551.838751169,37,0.923975088394,-0.107199574961,9.293166083335,-2.893486310285
551.838751169,38,0.546429670468,0.029197788783,9.291048397733,-2.892548034986
551.838751169,39,-0.068147332166,0.722771073819,9.292461554459,-2.892538614336
551.838751169,40,0.232099646494,-0.132727392503,9.291831831325,-2.893034413037
551.838751169,41,0.668337563064,0.369544736060,9.290857385884,-2.892326417341
551.838751169,42,0.298260481154,-0.385936633415,9.291184055101,-2.893095895132
551.838751169,43,0.537461705994,0.689998957023,9.290864534835,-2.892356242414
551.838751169,44,0.179214366316,0.376183262628,9.292060114645,-2.891743767011
551.838751169,45,0.120873073829,-0.546014611777,9.291286749066,-2.893308498140
551.838751169,46,0.095259620052,-0.073485247346,9.292073467679,-2.892931626760
551.838751169,47,-0.174958397984,0.044062235320,9.292011070963,-2.892373323680
551.838751169,48,0.684267941530,0.168757891635,9.290926535607,-2.892460196615
551.838751169,49,-0.272985766685,0.627527932138,9.293024693530,-2.892574476254
551.838751169,50,0.355689383773,0.034283890732,9.291693506289,-2.892577909831
551.838751169,51,-0.296168935074,0.412124334160,9.292776688403,-2.892137257741
551.838751169,52,-0.030427507013,-0.047489747423,9.292045688964,-2.892801451882
551.838751169,53,-0.058928234127,0.614487763132,9.292400292674,-2.892168607853
551.838751169,54,-0.438225237114,-0.619541544687,9.292278196104,-2.893626318405
551.838751169,55,0.586987722233,-0.287652890184,9.290969790092,-2.892837766565
551.838751169,56,-0.893234633679,0.192961748815,9.292151105491,-2.891994817427
551.838751169,57,0.209042374797,0.756830586690,9.291625779969,-2.892460380704
551.838751169,58,0.456200181097,-0.240759852921,9.291027252916,-2.892829917705
551.838751169,59,0.848956400642,-0.300491499258,9.292987144361,-2.893892844582
551.838751169,60,0.467692217422,0.529859170031,9.291098959619,-2.892187107034
551.838751169,61,0.703567742313,-0.513617321535,9.292408466595,-2.894053854862
551.838751169,62,-0.196934932099,0.726158191337,9.292851385861,-2.892668846544
551.838751169,63,0.458251820794,0.476912602367,9.291183913610,-2.892144906489
551.838751169,64,0.463991791557,0.425283507540,9.291220195550,-2.892141588390
551.838751169,65,0.008848738853,-0.148852234584,9.291979622075,-2.893212708330
551.838751169,66,0.582006729594,0.361412444273,9.290937783723,-2.892278090034
551.838751169,67,0.065178954920,-0.786962582334,9.291162523287,-2.892826901492
551.838751169,68,0.063401758864,0.970615082298,9.292104919757,-2.892530740144
551.838751169,69,-0.575734712982,0.322266381172,9.293558513133,-2.892719245079
551.838751169,70,0.433947541588,0.545280601369,9.291180545371,-2.892162715605
551.838751169,71,-0.413660120771,-0.589915628258,9.292170391063,-2.893691405221
551.838751169,72,-0.616857948277,0.167562679736,9.293471155814,-2.892807442349
551.838751169,73,-0.597695444839,0.470697221227,9.293534465985,-2.892549488932
551.838751169,74,0.089333121815,-0.249740398459,9.291841231303,-2.893448271118
551.838751169,75,-0.675800707668,0.177980995385,9.293651729779,-2.892866185703
551.838751169,76,-0.280378025304,-0.729063091391,9.291929161580,-2.893389024633
551.838751169,77,0.172188714929,-0.845121384045,9.291070330096,-2.892866965292
551.838751169,78,-0.492107000221,-0.433198592759,9.292293762951,-2.893641326296
551.838751169,79,0.534162287256,-0.132184657187,9.290976804445,-2.892702567386
551.838751169,80,-0.072858359156,-0.024118308782,9.292025169154,-2.892683362000
551.838751169,81,0.168274031647,0.853324569211,9.291733450049,-2.892677922694
551.838751169,82,-0.268937337411,-0.072447765630,9.291892057729,-2.892826478106
551.838751169,83,0.023934690090,0.699582138329,9.292187306870,-2.892367844749
551.838751169,84,0.477787905658,0.275825694940,9.291287625643,-2.892235590398
551.838751169,85,0.036645124562,-0.916231028192,9.291232120482,-2.892769072777
551.838751169,86,-0.088683785592,0.970881583111,9.292474222758,-2.892184881174
551.838751169,87,-0.219830174021,0.520143512239,9.292739462811,-2.892185025302
551.838751169,88,0.944965954322,-0.069337104770,9.293296253857,-2.893433681285
551.838751169,89,-0.471210637956,0.339837586631,9.293238032174,-2.892526146878
551.838751169,90,-0.840595559603,0.324824900045,9.292099046024,-2.891593665262
551.838751169,91,0.784840104461,-0.427632562475,9.292838880333,-2.894133487611
551.838751169,92,0.201640674574,-0.783981004469,9.291004826140,-2.892834468010
551.838751169,93,0.303634251820,-0.369472185553,9.291201301793,-2.893093178630
551.838751169,94,-0.363735584074,0.073286353576,9.292242742404,-2.892405380186
551.838751169,95,0.152060898489,0.633441885320,9.291873674877,-2.892093824741
551.838751169,96,0.356639909075,0.156034381706,9.291745955704,-2.892311474656
551.838751169,97,0.819425997097,0.449237113415,9.291445849074,-2.892265418331
551.838751169,98,0.275899061299,0.320946203377,9.291912270464,-2.891923054038
551.838751169,99,-0.021108112823,0.172768947399,9.292194214897,-2.891949082032
551.934686480,0,-0.769463129821,-0.300463567000,9.045121809642,-2.907801222816
551.934686480,1,-0.209167276947,0.100349733717,9.043696849048,-2.906660484517
551.934686480,2,0.296023683601,-0.364321083002,9.042903638986,-2.907558651246
551.934686480,3,0.228179259258,0.363738967315,9.043648014318,-2.906315682472
551.934686480,4,-0.268060392883,0.322567088917,9.044126130059,-2.906444743127
551.934686480,5,-0.572195141308,-0.696194819659,9.044471391503,-2.907806115652
551.934686480,6,0.872210573234,-0.403229108530,9.045166490843,-2.908942754321
551.934686480,7,-0.038958968812,0.524458383998,9.043956028664,-2.906367758267
551.934686480,8,-0.343335149645,-0.837780124264,9.043813848518,-2.907463203629
551.934686480,9,0.559014935847,0.759865116064,9.042489387696,-2.906922318365
551.934686480,10,-0.044275750974,-0.714849713650,9.043093241367,-2.907597631926
551.934686480,11,-0.132643416332,0.476833645177,9.044093173515,-2.906382279008
551.934686480,12,0.035671008030,0.907176485191,9.043777183944,-2.907245645634
551.934686480,13,0.058461798746,0.458634038709,9.043821512638,-2.906189063424
551.934686480,14,-0.592016356790,0.625286882581,9.044512340844,-2.906256234367
551.934686480,15,-0.376031977856,0.698956476628,9.044823442826,-2.907081163491
551.934686480,16,-0.731729031643,-0.626082967965,9.044978110365,-2.907847385333
551.934686480,17,-0.462686668492,-0.133526160008,9.043830323121,-2.907497107096
551.934686480,18,-0.002004598931,-0.893935741652,9.042957273650,-2.907114232546
551.934686480,19,-0.200629508978,0.691312401871,9.044451612455,-2.907124021432
551.934686480,20,0.466497947957,-0.118047826618,9.042799948911,-2.907202765390
551.934686480,21,-0.392205757247,-0.109902853573,9.043640018641,-2.907418415030
551.934686480,22,-0.302712859750,-0.637302042237,9.043577873123,-2.908085741802
551.934686480,23,-0.288759030486,-0.706641962332,9.043594314905,-2.907884705758
551.934686480,24,0.247322295012,0.350955367274,9.043620531993,-2.906352301359
551.934686480,25,0.074787261056,0.096445748190,9.043860965955,-2.906756086227
551.934686480,26,-0.666964389691,0.162147253369,9.045188515928,-2.907344412482
551.934686480,27,-0.845280824069,-0.117233342714,9.045180521001,-2.907621066197
551.934686480,28,-0.132330170724,0.949257192593,9.044168285677,-2.906727799082
551.934686480,29,0.336207924789,0.715889821861,9.042922488790,-2.906906886218
551.934686480,30,-0.957374541242,-0.023591530897,9.043799603279,-2.907063764580
551.934686480,31,-0.500041272675,-0.783995520852,9.044280515082,-2.907642813692
551.934686480,32,0.062162390311,0.462902484850,9.043814963057,-2.906195264684
551.934686480,33,0.183465045254,0.912396847818,9.043333211942,-2.907236087758
551.934686480,34,0.820746316452,-0.239013431427,9.043965016063,-2.907903752308
551.934686480,35,-0.082811411792,-0.520583864882,9.043281147662,-2.908208196860
551.934686480,36,0.872076003773,0.191120372610,9.043470374747,-2.907095151416
551.934686480,37,0.923975088394,-0.107199574961,9.044704599341,-2.907927953194
551.934686480,38,0.546429670468,0.029197788783,9.042680034650,-2.907023014801
551.934686480,39,-0.068147332166,0.722771073819,9.044077945342,-2.907054540893
551.934686480,40,0.232099646494,-0.132727392503,9.043513908512,-2.907507801439
551.934686480,41,0.668337563064,0.369544736060,9.042440501494,-2.906841874388
551.934686480,42,0.298260481154,-0.385936633415,9.042855866547,-2.907538602900
551.934686480,43,0.537461705994,0.689998957023,9.042472293851,-2.906907477108
551.934686480,44,0.179214366316,0.376183262628,9.043722960986,-2.906243899131
551.934686480,45,0.120873073829,-0.546014611777,9.042966222756,-2.907743291720
551.934686480,46,0.095259620052,-0.073485247346,9.043746608700,-2.907408298328
551.934686480,47,-0.174958397984,0.044062235320,9.043639940340,-2.906847131320
551.934686480,48,0.684267941530,0.168757891635,9.042502726326,-2.906946119251
551.934686480,49,-0.272985766685,0.627527932138,9.044619038389,-2.907080097477
551.934686480,50,0.355689383773,0.034283890732,9.043368982497,-2.907061412311
551.934686480,51,-0.296168935074,0.412124334160,9.044373713083,-2.906627258998
551.934686480,52,-0.030427507013,-0.047489747423,9.043701493553,-2.907276119254
551.934686480,53,-0.058928234127,0.614487763132,9.044023347247,-2.906675783482
551.934686480,54,-0.438225237114,-0.619541544687,9.043911054791,-2.908047364585
551.934686480,55,0.586987722233,-0.287652890184,9.042562024607,-2.907256674872
551.934686480,56,-0.893234633679,0.192961748815,9.043737711269,-2.906480527220
551.934686480,57,0.209042374797,0.756830586690,9.043262301980,-2.906992391772
551.934686480,58,0.456200181097,-0.240759852921,9.042673671678,-2.907276248465
551.934686480,59,0.848956400642,-0.300491499258,9.044531417451,-2.908304908566
551.934686480,60,0.467692217422,0.529859170031,9.042737860163,-2.906714019707
551.934686480,61,0.703567742313,-0.513617321535,9.043958120137,-2.908425360851
551.934686480,62,-0.196934932099,0.726158191337,9.044452006375,-2.907183179034
551.934686480,63,0.458251820794,0.476912602367,9.042828701848,-2.906665867223
551.934686480,64,0.463991791557,0.425283507540,9.042867411849,-2.906657845436
551.934686480,65,0.008848738853,-0.148852234584,9.043645045701,-2.907683730421
551.934686480,66,0.582006729594,0.361412444273,9.042555967649,-2.906791504817
551.934686480,67,0.065178954920,-0.786962582334,9.042837038972,-2.907226343793
551.934686480,68,0.063401758864,0.970615082298,9.043716248381,-2.907078232899
551.934686480,69,-0.575734712982,0.322266381172,9.045128350855,-2.907203856459
551.934686480,70,0.433947541588,0.545280601369,9.042824119043,-2.906689031559
551.934686480,71,-0.413660120771,-0.589915628258,9.043803816663,-2.908116138201
551.934686480,72,-0.616857948277,0.167562679736,9.045041264879,-2.907279742187
551.934686480,73,-0.597695444839,0.470697221227,9.045103663666,-2.907048958453
551.934686480,74,0.089333121815,-0.249740398459,9.043518532123,-2.907914440406
551.934686480,75,-0.675800707668,0.177980995385,9.045219622927,-2.907339871006
551.934686480,76,-0.280378025304,-0.729063091391,9.043587536880,-2.907807067625
551.934686480,77,0.172188714929,-0.845121384045,9.042729003325,-2.907239427171
551.934686480,78,-0.492107000221,-0.433198592759,9.043906236248,-2.908073720049
551.934686480,79,0.534162287256,-0.132184657187,9.042604510875,-2.907156192007
551.934686480,80,-0.072858359156,-0.024118308782,9.043673450294,-2.907157658902
551.934686480,81,0.168274031647,0.853324569211,9.043359886137,-2.907217878029
551.934686480,82,-0.268937337411,-0.072447765630,9.043511557446,-2.907291505970
551.934686480,83,0.023934690090,0.699582138329,9.043815493300,-2.906884599383
551.934686480,84,0.477787905658,0.275825694940,9.042939209246,-2.906738437663
551.934686480,85,0.036645124562,-0.916231028192,9.042902667320,-2.907145934420
551.934686480,86,-0.088683785592,0.970881583111,9.044074867233,-2.906726984713
551.934686480,87,-0.219830174021,0.520143512239,9.044343977072,-2.906682721151
551.934686480,88,0.944965954322,-0.069337104770,9.044842072016,-2.907883575715
551.934686480,89,-0.471210637956,0.339837586631,9.044815699079,-2.907010979845
551.934686480,90,-0.840595559603,0.324824900045,9.043682261324,-2.906093912759
551.934686480,91,0.784840104461,-0.427632562475,9.044388334234,-2.908525060028
551.934686480,92,0.201640674574,-0.783981004469,9.042663620696,-2.907215798667
551.934686480,93,0.303634251820,-0.369472185553,9.042873219188,-2.907537716662
551.934686480,94,-0.363735584074,0.073286353576,9.043841671227,-2.906874978462
551.934686480,95,0.152060898489,0.633441885320,9.043517898752,-2.906610640743
551.934686480,96,0.356639909075,0.156034381706,9.043419533990,-2.906803697326
551.934686480,97,0.819425997097,0.449237113415,9.042959194558,-2.906792784164
551.934686480,98,0.275899061299,0.320946203377,9.043582216626,-2.906423708552
551.934686480,99,-0.021108112823,0.172768947399,9.043842279187,-2.906433078522
552.030621792,0,-0.769463129821,-0.300463567000,8.796370623937,-2.921982326278
552.030621792,1,-0.209167276947,0.100349733717,8.794978310055,-2.920885361688
552.030621792,2,0.296023683601,-0.364321083002,8.794237569615,-2.921754951859
552.030621792,3,0.228179259258,0.363738967315,8.794974916154,-2.920565220771
552.030621792,4,-0.268060392883,0.322567088917,8.795391407697,-2.920679533285
552.030621792,5,-0.572195141308,-0.696194819659,8.795758464162,-2.921963771082
552.030621792,6,0.872210573234,-0.403229108530,8.796430301742,-2.923119912060
552.030621792,7,-0.038958968812,0.524458383998,8.795246971680,-2.920617944427
552.030621792,8,-0.343335149645,-0.837780124264,8.795132360506,-2.921618489711
552.030621792,9,0.559014935847,0.759865116064,8.793749148662,-2.921230559496
552.030621792,10,-0.044275750974,-0.714849713650,8.794429069029,-2.921767416838
552.030621792,11,-0.132643416332,0.476833645177,8.795372969608,-2.920627683243
552.030621792,12,0.035671008030,0.907176485191,8.795054316288,-2.921531916600
552.030621792,13,0.058461798746,0.458634038709,8.795128072946,-2.920437926895
552.030621792,14,-0.592016356790,0.625286882581,8.795750770139,-2.920524772165
552.030621792,15,-0.376031977856,0.698956476628,8.796069302884,-2.921344983719
552.030621792,16,-0.731729031643,-0.626082967965,8.796249645268,-2.922001739036
552.030621792,17,-0.462686668492,-0.133526160008,8.795088734384,-2.921701479239
552.030621792,18,-0.002004598931,-0.893935741652,8.794290998335,-2.921251361306
552.030621792,19,-0.200629508978,0.691312401871,8.795715364601,-2.921384437420
552.030621792,20,0.466497947957,-0.118047826618,8.794113736573,-2.921414973115
552.030621792,21,-0.392205757247,-0.109902853573,8.794905342275,-2.921626717978
552.030621792,22,-0.302712859750,-0.637302042237,8.794887969224,-2.922261761434
552.030621792,23,-0.288759030486,-0.706641962332,8.794910313820,-2.922054847901
552.030621792,24,0.247322295012,0.350955367274,8.794948903925,-2.920601821794
552.030621792,25,0.074787261056,0.096445748190,8.795185049160,-2.920988864247
552.030621792,26,-0.666964389691,0.162147253369,8.796421744512,-2.921567336351
552.030621792,27,-0.845280824069,-0.117233342714,8.796424244633,-2.921818434915
552.030621792,28,-0.132330170724,0.949257192593,8.795429600793,-2.921015168006
552.030621792,29,0.336207924789,0.715889821861,8.794223068130,-2.921190666608
552.030621792,30,-0.957374541242,-0.023591530897,8.795060128750,-2.921274729110
552.030621792,31,-0.500041272675,-0.783995520852,8.795580711192,-2.921797009532
552.030621792,32,0.062162390311,0.462902484850,8.795121756119,-2.920444496592
552.030621792,33,0.183465045254,0.912396847818,8.794616928700,-2.921531033945
552.030621792,34,0.820746316452,-0.239013431427,8.795147787680,-2.922061641395
552.030621792,35,-0.082811411792,-0.520583864882,8.794609207030,-2.922400806846
552.030621792,36,0.872076003773,0.191120372610,8.794631924594,-2.921322903365
552.030621792,37,0.923975088394,-0.107199574961,8.795897714720,-2.922115081332
552.030621792,38,0.546429670468,0.029197788783,8.793975604488,-2.921247015293
552.030621792,39,-0.068147332166,0.722771073819,8.795356154756,-2.921319122846
552.030621792,40,0.232099646494,-0.132727392503,8.794855785530,-2.921730586504
552.030621792,41,0.668337563064,0.369544736060,8.793689620641,-2.921104545664
552.030621792,42,0.298260481154,-0.385936633415,8.794188430605,-2.921731686352
552.030621792,43,0.537461705994,0.689998957023,8.793744807081,-2.921204664258
552.030621792,44,0.179214366316,0.376183262628,8.795046083521,-2.920492328832
552.030621792,45,0.120873073829,-0.546014611777,8.794305232224,-2.921928480810
552.030621792,46,0.095259620052,-0.073485247346,8.795078903895,-2.921634207123
552.030621792,47,-0.174958397984,0.044062235320,8.794928922586,-2.921070469746
552.030621792,48,0.684267941530,0.168757891635,8.793744889787,-2.921180292734
552.030621792,49,-0.272985766685,0.627527932138,8.795875993055,-2.921335327152
552.030621792,50,0.355689383773,0.034283890732,8.794705511126,-2.921293850660
552.030621792,51,-0.296168935074,0.412124334160,8.795632796254,-2.920867086263
552.030621792,52,-0.030427507013,-0.047489747423,8.795016544071,-2.921500100389
552.030621792,53,-0.058928234127,0.614487763132,8.795307709112,-2.920931758454
552.030621792,54,-0.438225237114,-0.619541544687,8.795204929853,-2.922218482820
552.030621792,55,0.586987722233,-0.287652890184,8.793818587851,-2.921425970305
552.030621792,56,-0.893234633679,0.192961748815,8.794991303141,-2.920717497682
552.030621792,57,0.209042374797,0.756830586690,8.794560783517,-2.921271611632
552.030621792,58,0.456200181097,-0.240759852921,8.793982745944,-2.921472745104
552.030621792,59,0.848956400642,-0.300491499258,8.795731954260,-2.922462862133
552.030621792,60,0.467692217422,0.529859170031,8.794040115847,-2.920987790124
552.030621792,61,0.703567742313,-0.513617321535,8.795168173538,-2.922545196215
552.030621792,62,-0.196934932099,0.726158191337,8.795715106497,-2.921446708443
552.030621792,63,0.458251820794,0.476912602367,8.794136571891,-2.920933932904
552.030621792,64,0.463991791557,0.425283507540,8.794177662467,-2.920921404991
552.030621792,65,0.008848738853,-0.148852234584,8.794969523157,-2.921904130215
552.030621792,66,0.582006729594,0.361412444273,8.793838890558,-2.921052280841
552.030621792,67,0.065178954920,-0.786962582334,8.794171310578,-2.921376859871
552.030621792,68,0.063401758864,0.970615082298,8.794990394335,-2.921373109465
552.030621792,69,-0.575734712982,0.322266381172,8.796362587752,-2.921439053833
552.030621792,70,0.433947541588,0.545280601369,8.794130649357,-2.920962256224
552.030621792,71,-0.413660120771,-0.589915628258,8.795098106538,-2.922290885755
552.030621792,72,-0.616857948277,0.167562679736,8.796275815068,-2.921502687749
552.030621792,73,-0.597695444839,0.470697221227,8.796337825383,-2.921299054218
552.030621792,74,0.089333121815,-0.249740398459,8.794854914577,-2.922130159321
552.030621792,75,-0.675800707668,0.177980995385,8.796452552708,-2.921564343273
552.030621792,76,-0.280378025304,-0.729063091391,8.794905730716,-2.921975242859
552.030621792,77,0.172188714929,-0.845121384045,8.794048250583,-2.921363571350
552.030621792,78,-0.492107000221,-0.433198592759,8.795180554778,-2.922256207512
552.030621792,79,0.534162287256,-0.132184657187,8.793895981708,-2.921359594285
552.030621792,80,-0.072858359156,-0.024118308782,8.794981157813,-2.921381314136
552.030621792,81,0.168274031647,0.853324569211,8.794648635890,-2.921504974435
552.030621792,82,-0.268937337411,-0.072447765630,8.794791614715,-2.921506250578
552.030621792,83,0.023934690090,0.699582138329,8.795105141410,-2.921149631984
552.030621792,84,0.477787905658,0.275825694940,8.794253757674,-2.920989194480
552.030621792,85,0.036645124562,-0.916231028192,8.794233121542,-2.921274277674
552.030621792,86,-0.088683785592,0.970881583111,8.795338614421,-2.921017285690
552.030621792,87,-0.219830174021,0.520143512239,8.795610323482,-2.920929936725
552.030621792,88,0.944965954322,-0.069337104770,8.796040978441,-2.922078602477
552.030621792,89,-0.471210637956,0.339837586631,8.796056800838,-2.921246140035
552.030621792,90,-0.840595559603,0.324824900045,8.794932277667,-2.920345312727
552.030621792,91,0.784840104461,-0.427632562475,8.795595445850,-2.922663217569
552.030621792,92,0.201640674574,-0.783981004469,8.793983092748,-2.921348690369
552.030621792,93,0.303634251820,-0.369472185553,8.794205919396,-2.921732582908
552.030621792,94,-0.363735584074,0.073286353576,8.795102321555,-2.921094555325
552.030621792,95,0.152060898489,0.633441885320,8.794823315131,-2.920875281765
552.030621792,96,0.356639909075,0.156034381706,8.794754259390,-2.921044433543
552.030621792,97,0.819425997097,0.449237113415,8.794138993795,-2.921066898368
552.030621792,98,0.275899061299,0.320946203377,8.794912825548,-2.920672514478
552.030621792,99,-0.021108112823,0.172768947399,8.795150006174,-2.920666209764
552.126557103,0,-0.769463129821,-0.300463567000,8.547283364542,-2.935913281365
552.126557103,1,-0.209167276947,0.100349733717,8.545919405016,-2.934858885037
552.126557103,2,0.296023683601,-0.364321083002,8.545231234711,-2.935700576963
552.126557103,3,0.228179259258,0.363738967315,8.545961326483,-2.934562013970
552.126557103,4,-0.268060392883,0.322567088917,8.546317372609,-2.934663123099
552.126557103,5,-0.572195141308,-0.696194819659,8.546706694668,-2.935870839292
552.126557103,6,0.872210573234,-0.403229108530,8.547343036901,-2.937038951373
552.126557103,7,-0.038958968812,0.524458383998,8.546197880930,-2.934616044074
552.126557103,8,-0.343335149645,-0.837780124264,8.546110135150,-2.935523163691
552.126557103,9,0.559014935847,0.759865116064,8.544673102892,-2.935283514184
552.126557103,10,-0.044275750974,-0.714849713650,8.545423312877,-2.935686675735
552.126557103,11,-0.132643416332,0.476833645177,8.546312997874,-2.934621390796
552.126557103,12,0.035671008030,0.907176485191,8.545992990738,-2.935564991164
552.126557103,13,0.058461798746,0.458634038709,8.546094120158,-2.934434431686
552.126557103,14,-0.592016356790,0.625286882581,8.546653557179,-2.934542849175
552.126557103,15,-0.376031977856,0.698956476628,8.546977920471,-2.935357709644
552.126557103,16,-0.731729031643,-0.626082967965,8.547183912469,-2.935905866180
552.126557103,17,-0.462686668492,-0.133526160008,8.546008500818,-2.935654993418
552.126557103,18,-0.002004598931,-0.893935741652,8.545283556274,-2.935138762705
552.126557103,19,-0.200629508978,0.691312401871,8.546640571875,-2.935393168083
552.126557103,20,0.466497947957,-0.118047826618,8.545089226458,-2.935375890933
552.126557103,21,-0.392205757247,-0.109902853573,8.545831395486,-2.935584015272
552.126557103,22,-0.302712859750,-0.637302042237,8.545857240433,-2.936186784394
552.126557103,23,-0.288759030486,-0.706641962332,8.545885357255,-2.935974105093
552.126557103,24,0.247322295012,0.350955367274,8.545936856721,-2.934598573110
552.126557103,25,0.074787261056,0.096445748190,8.546167599850,-2.934969711981
552.126557103,26,-0.666964389691,0.162147253369,8.547318979906,-2.935540025909
552.126557103,27,-0.845280824069,-0.117233342714,8.547332978921,-2.935765901376
552.126557103,28,-0.132330170724,0.949257192593,8.546353142717,-2.935050068538
552.126557103,29,0.336207924789,0.715889821861,8.545185219953,-2.935220252902
552.126557103,30,-0.957374541242,-0.023591530897,8.545986728772,-2.935236075138
552.126557103,31,-0.500041272675,-0.783995520852,8.546541293539,-2.935700595478
552.126557103,32,0.062162390311,0.462902484850,8.546088048506,-2.934441349688
552.126557103,33,0.183465045254,0.912396847818,8.545562346966,-2.935571961303
552.126557103,34,0.820746316452,-0.239013431427,8.545990950217,-2.935966525558
552.126557103,35,-0.082811411792,-0.520583864882,8.545595527765,-2.936342324951
552.126557103,36,0.872076003773,0.191120372610,8.545457356417,-2.935297364299
552.126557103,37,0.923975088394,-0.107199574961,8.546745951233,-2.936047184462
552.126557103,38,0.546429670468,0.029197788783,8.544934103424,-2.935219121835
552.126557103,39,-0.068147332166,0.722771073819,8.546295267601,-2.935331429790
552.126557103,40,0.232099646494,-0.132727392503,8.545856521977,-2.935701813891
552.126557103,41,0.668337563064,0.369544736060,8.544603771425,-2.935113539713
552.126557103,42,0.298260481154,-0.385936633415,8.545180797194,-2.935674182778
552.126557103,43,0.537461705994,0.689998957023,8.544681055169,-2.935246918692
552.126557103,44,0.179214366316,0.376183262628,8.546028541801,-2.934488134178
552.126557103,45,0.120873073829,-0.546014611777,8.545302879038,-2.935863088073
552.126557103,46,0.095259620052,-0.073485247346,8.546069455984,-2.935608397663
552.126557103,47,-0.174958397984,0.044062235320,8.545877169107,-2.935042377841
552.126557103,48,0.684267941530,0.168757891635,8.544652094789,-2.935161830826
552.126557103,49,-0.272985766685,0.627527932138,8.546794660948,-2.935339206699
552.126557103,50,0.355689383773,0.034283890732,8.545702106270,-2.935274289293
552.126557103,51,-0.296168935074,0.412124334160,8.546553063857,-2.934855776024
552.126557103,52,-0.030427507013,-0.047489747423,8.545989974564,-2.935472437004
552.126557103,53,-0.058928234127,0.614487763132,8.546252472818,-2.934935600006
552.126557103,54,-0.438225237114,-0.619541544687,8.546158988864,-2.936138705404
552.126557103,55,0.586987722233,-0.287652890184,8.544738584588,-2.935344768189
552.126557103,56,-0.893234633679,0.192961748815,8.545910886372,-2.934704710045
552.126557103,57,0.209042374797,0.756830586690,8.545520255495,-2.935297143125
552.126557103,58,0.456200181097,-0.240759852921,8.544953495672,-2.935418471219
552.126557103,59,0.848956400642,-0.300491499258,8.546589002080,-2.936366231368
552.126557103,60,0.467692217422,0.529859170031,8.545004702842,-2.935007525875
552.126557103,61,0.703567742313,-0.513617321535,8.546038306708,-2.936412750793
552.126557103,62,-0.196934932099,0.726158191337,8.546639778690,-2.935458487519
552.126557103,63,0.458251820794,0.476912602367,8.545106501218,-2.934948207429
552.126557103,64,0.463991791557,0.425283507540,8.545149924341,-2.934931367817
552.126557103,65,0.008848738853,-0.148852234584,8.545952182531,-2.935872945810
552.126557103,66,0.582006729594,0.361412444273,8.544785532951,-2.935059521336
552.126557103,67,0.065178954920,-0.786962582334,8.545164456090,-2.935277470401
552.126557103,68,0.063401758864,0.970615082298,8.545926401809,-2.935414463091
552.126557103,69,-0.575734712982,0.322266381172,8.547260321526,-2.935423845483
552.126557103,70,0.433947541588,0.545280601369,8.545099117818,-2.934981496680
552.126557103,71,-0.413660120771,-0.589915628258,8.546052430518,-2.936214679099
552.126557103,72,-0.616857948277,0.167562679736,8.547173909109,-2.935475287459
552.126557103,73,-0.597695444839,0.470697221227,8.547236026944,-2.935298778341
552.126557103,74,0.089333121815,-0.249740398459,8.545849486579,-2.936094462344
552.126557103,75,-0.675800707668,0.177980995385,8.547349604656,-2.935538605351
552.126557103,76,-0.280378025304,-0.729063091391,8.545882912667,-2.935892578677
552.126557103,77,0.172188714929,-0.845121384045,8.545027180501,-2.935238433386
552.126557103,78,-0.492107000221,-0.433198592759,8.546115879094,-2.936187817621
552.126557103,79,0.534162287256,-0.132184657187,8.544850234931,-2.935311855565
552.126557103,80,-0.072858359156,-0.024118308782,8.545947433028,-2.935353368858
552.126557103,81,0.168274031647,0.853324569211,8.545598733816,-2.935538314430
552.126557103,82,-0.268937337411,-0.072447765630,8.545731391945,-2.935469744228
552.126557103,83,0.023934690090,0.699582138329,8.546055325552,-2.935162022665
552.126557103,84,0.477787905658,0.275825694940,8.545230248700,-2.934986952045
552.126557103,85,0.036645124562,-0.916231028192,8.545222608982,-2.935153127212
552.126557103,86,-0.088683785592,0.970881583111,8.546264523894,-2.935054856226
552.126557103,87,-0.219830174021,0.520143512239,8.546537617640,-2.934925718300
552.126557103,88,0.944965954322,-0.069337104770,8.546893651126,-2.936018261286
552.126557103,89,-0.471210637956,0.339837586631,8.546960453802,-2.935230646127
552.126557103,90,-0.840595559603,0.324824900045,8.545848108424,-2.934346844576
552.126557103,91,0.784840104461,-0.427632562475,8.546460238839,-2.936547465630
552.126557103,92,0.201640674574,-0.783981004469,8.544962342243,-2.935232178085
552.126557103,93,0.303634251820,-0.369472185553,8.545198450090,-2.935676815600
552.126557103,94,-0.363735584074,0.073286353576,8.546023844873,-2.935063139412
552.126557103,95,0.152060898489,0.633441885320,8.545788976293,-2.934886838897
552.126557103,96,0.356639909075,0.156034381706,8.545749141627,-2.935032756992
552.126557103,97,0.819425997097,0.449237113415,8.544984557656,-2.935086868641
552.126557103,98,0.275899061299,0.320946203377,8.545903128142,-2.934668552964
552.126557103,99,-0.021108112823,0.172768947399,8.546116517944,-2.934647528050
552.222492414,0,-0.769463129821,-0.300463567000,8.297859109315,-2.949593099727
552.222492414,1,-0.209167276947,0.100349733717,8.296519277872,-2.948580086314
552.222492414,2,0.296023683601,-0.364321083002,8.295883674734,-2.949394556294
552.222492414,3,0.228179259258,0.363738967315,8.296606283534,-2.948305136280
552.222492414,4,-0.268060392883,0.322567088917,8.296903152684,-2.948394543774
552.222492414,5,-0.572195141308,-0.696194819659,8.297315221683,-2.949526352360
552.222492414,6,0.872210573234,-0.403229108530,8.297905416221,-2.950699630268
552.222492414,7,-0.038958968812,0.524458383998,8.296807849929,-2.948361116440
552.222492414,8,-0.343335149645,-0.837780124264,8.296746331811,-2.949176252640
552.222492414,9,0.559014935847,0.759865116064,8.295260223227,-2.949080292460
552.222492414,10,-0.044275750974,-0.714849713650,8.296075106778,-2.949354422206
552.222492414,11,-0.132643416332,0.476833645177,8.296912367031,-2.948362449422
552.222492414,12,0.035671008030,0.907176485191,8.296592253483,-2.949343950915
552.222492414,13,0.058461798746,0.458634038709,8.296718734819,-2.948177643746
552.222492414,14,-0.592016356790,0.625286882581,8.297219750707,-2.948309456757
552.222492414,15,-0.376031977856,0.698956476628,8.297548374934,-2.949118361814
552.222492414,16,-0.731729031643,-0.626082967965,8.297780009704,-2.949558797379
552.222492414,17,-0.462686668492,-0.133526160008,8.296588768772,-2.949356667745
552.222492414,18,-0.002004598931,-0.893935741652,8.295934070905,-2.948775451772
552.222492414,19,-0.200629508978,0.691312401871,8.297226323566,-2.949149257942
552.222492414,20,0.466497947957,-0.118047826618,8.295725409582,-2.949084577704
552.222492414,21,-0.392205757247,-0.109902853573,8.296417331293,-2.949289327691
552.222492414,22,-0.302712859750,-0.637302042237,8.296484851912,-2.949859833621
552.222492414,23,-0.288759030486,-0.706641962332,8.296518608552,-2.949641500171
552.222492414,24,0.247322295012,0.350955367274,8.296583422828,-2.948341629993
552.222492414,25,0.074787261056,0.096445748190,8.296807715246,-2.948697676425
552.222492414,26,-0.666964389691,0.162147253369,8.297879302313,-2.949261478364
552.222492414,27,-0.845280824069,-0.117233342714,8.297905763298,-2.949462462574
552.222492414,28,-0.132330170724,0.949257192593,8.296937967922,-2.948831558881
552.222492414,29,0.336207924789,0.715889821861,8.295807936682,-2.948994750355
552.222492414,30,-0.957374541242,-0.023591530897,8.296578387705,-2.948946785158
552.222492414,31,-0.500041272675,-0.783995520852,8.297161411278,-2.949352604564
552.222492414,32,0.062162390311,0.462902484850,8.296712919616,-2.948184890487
552.222492414,33,0.183465045254,0.912396847818,8.296168486749,-2.949357969436
552.222492414,34,0.820746316452,-0.239013431427,8.296494275327,-2.949617754063
552.222492414,35,-0.082811411792,-0.520583864882,8.296239254539,-2.950031769087
552.222492414,36,0.872076003773,0.191120372610,8.295946221141,-2.949017708895
552.222492414,37,0.923975088394,-0.107199574961,8.297249685304,-2.949723718733
552.222492414,38,0.546429670468,0.029197788783,8.295554510607,-2.948938411353
552.222492414,39,-0.068147332166,0.722771073819,8.296894361830,-2.949090524331
552.222492414,40,0.232099646494,-0.132727392503,8.296515170891,-2.949420522268
552.222492414,41,0.668337563064,0.369544736060,8.295181955424,-2.948867958685
552.222492414,42,0.298260481154,-0.385936633415,8.295832007439,-2.949365121481
552.222492414,43,0.537461705994,0.689998957023,8.295280002765,-2.949033350484
552.222492414,44,0.179214366316,0.376183262628,8.296669389055,-2.948230386533
552.222492414,45,0.120873073829,-0.546014611777,8.295958258076,-2.949546129166
552.222492414,46,0.095259620052,-0.073485247346,8.296717361964,-2.949329907804
552.222492414,47,-0.174958397984,0.044062235320,8.296483824939,-2.948761887916
552.222492414,48,0.684267941530,0.168757891635,8.295223379486,-2.948889838596
552.222492414,49,-0.272985766685,0.627527932138,8.297374138014,-2.949090770347
552.222492414,50,0.355689383773,0.034283890732,8.296357773719,-2.949001785428
552.222492414,51,-0.296168935074,0.412124334160,8.297133634536,-2.948592357767
552.222492414,52,-0.030427507013,-0.047489747423,8.296620913280,-2.949192164275
552.222492414,53,-0.058928234127,0.614487763132,8.296856726224,-2.948686368440
552.222492414,54,-0.438225237114,-0.619541544687,8.296772391431,-2.949807058910
552.222492414,55,0.586987722233,-0.287652890184,8.295321092130,-2.949012170870
552.222492414,56,-0.893234633679,0.192961748815,8.296495455452,-2.948441138268
552.222492414,57,0.209042374797,0.756830586690,8.296139741239,-2.949068082713
552.222492414,58,0.456200181097,-0.240759852921,8.295584926862,-2.949112481218
552.222492414,59,0.848956400642,-0.300491499258,8.297102687622,-2.950014504875
552.222492414,60,0.467692217422,0.529859170031,8.295630585504,-2.948772328577
552.222492414,61,0.703567742313,-0.513617321535,8.296568127170,-2.950027383795
552.222492414,62,-0.196934932099,0.726158191337,8.297225108090,-2.949217561836
552.222492414,63,0.458251820794,0.476912602367,8.295737456004,-2.948707788506
552.222492414,64,0.463991791557,0.425283507540,8.295783163003,-2.948686828325
552.222492414,65,0.008848738853,-0.148852234584,8.296592146196,-2.949589208788
552.222492414,66,0.582006729594,0.361412444273,8.295394857394,-2.948812323030
552.222492414,67,0.065178954920,-0.786962582334,8.295815586069,-2.948927188919
552.222492414,68,0.063401758864,0.970615082298,8.296523307233,-2.949201380423
552.222492414,69,-0.575734712982,0.322266381172,8.297820641033,-2.949157232549
552.222492414,70,0.433947541588,0.545280601369,8.295728495252,-2.948745853959
552.222492414,71,-0.413660120771,-0.589915628258,8.296665950649,-2.949886543679
552.222492414,72,-0.616857948277,0.167562679736,8.297734640689,-2.949196542783
552.222492414,73,-0.597695444839,0.470697221227,8.297797335081,-2.949047125569
552.222492414,74,0.089333121815,-0.249740398459,8.296501350233,-2.949806377304
552.222492414,75,-0.675800707668,0.177980995385,8.297909854878,-2.949261653056
552.222492414,76,-0.280378025304,-0.729063091391,8.296518245192,-2.949558097712
552.222492414,77,0.172188714929,-0.845121384045,8.295664891688,-2.948863039993
552.222492414,78,-0.492107000221,-0.433198592759,8.296711361531,-2.949867573323
552.222492414,79,0.534162287256,-0.132184657187,8.295466270487,-2.949012047618
552.222492414,80,-0.072858359156,-0.024118308782,8.296571411328,-2.949072857689
552.222492414,81,0.168274031647,0.853324569211,8.296209206708,-2.949316994152
552.222492414,82,-0.268937337411,-0.072447765630,8.296330044752,-2.949181012770
552.222492414,83,0.023934690090,0.699582138329,8.296665113287,-2.948920844698
552.222492414,84,0.477787905658,0.275825694940,8.295867648212,-2.948730794705
552.222492414,85,0.036645124562,-0.916231028192,8.295870247437,-2.948781500385
552.222492414,86,-0.088683785592,0.970881583111,8.296851647554,-2.948838761409
552.222492414,87,-0.219830174021,0.520143512239,8.297124968074,-2.948669105113
552.222492414,88,0.944965954322,-0.069337104770,8.297400610592,-2.949702018080
552.222492414,89,-0.471210637956,0.339837586631,8.297525766106,-2.948963509738
552.222492414,90,-0.840595559603,0.324824900045,8.296428756504,-2.948097480301
552.222492414,91,0.784840104461,-0.427632562475,8.296982636294,-2.950177272595
552.222492414,92,0.201640674574,-0.783981004469,8.295600459047,-2.948865287891
552.222492414,93,0.303634251820,-0.369472185553,8.295849850126,-2.949369444985
552.222492414,94,-0.363735584074,0.073286353576,8.296605385267,-2.948779752707
552.222492414,95,0.152060898489,0.633441885320,8.296413927692,-2.948644396599
552.222492414,96,0.356639909075,0.156034381706,8.296403182261,-2.948767734392
552.222492414,97,0.819425997097,0.449237113415,8.295495141361,-2.948851797849
552.222492414,98,0.275899061299,0.320946203377,8.296552148348,-2.948410898462
552.222492414,99,-0.021108112823,0.172768947399,8.296740930662,-2.948376078998
552.318427725,0,-0.769463129821,-0.300463567000,8.048096925875,-2.963020786604
552.318427725,1,-0.209167276947,0.100349733717,8.046777065955,-2.962047990575
552.318427725,2,0.296023683601,-0.364321083002,8.046193921978,-2.962835911739
552.318427725,3,0.228179259258,0.363738967315,8.046908819130,-2.961793655152
552.318427725,4,-0.268060392883,0.322567088917,8.047147868703,-2.961872819557
552.318427725,5,-0.572195141308,-0.696194819659,8.047583174805,-2.962929336719
552.318427725,6,0.872210573234,-0.403229108530,8.048118007219,-2.964101654510
552.318427725,7,-0.038958968812,0.524458383998,8.047075965739,-2.961852213793
552.318427725,8,-0.343335149645,-0.837780124264,8.047040102177,-2.962576778078
552.318427725,9,0.559014935847,0.759865116064,8.045509465590,-2.962620000050
552.318427725,10,-0.044275750974,-0.714849713650,8.046383578162,-2.962769663512
552.318427725,11,-0.132643416332,0.476833645177,8.047170179127,-2.961849899861
552.318427725,12,0.035671008030,0.907176485191,8.046851143332,-2.962867870579
552.318427725,13,0.058461798746,0.458634038709,8.047000991305,-2.961666622167
552.318427725,14,-0.592016356790,0.625286882581,8.047448390219,-2.961823578633
552.318427725,15,-0.376031977856,0.698956476628,8.047779737473,-2.962625953303
552.318427725,16,-0.731729031643,-0.626082967965,8.048037024546,-2.962959557414
552.318427725,17,-0.462686668492,-0.133526160008,8.046828676541,-2.962805513852
552.318427725,18,-0.002004598931,-0.893935741652,8.046241658329,-2.962160436723
552.318427725,19,-0.200629508978,0.691312401871,8.047471701650,-2.962651744272
552.318427725,20,0.466497947957,-0.118047826618,8.046021264566,-2.962540083810
552.318427725,21,-0.392205757247,-0.109902853573,8.046662295127,-2.962741669528
552.318427725,22,-0.302712859750,-0.637302042237,8.046769961623,-2.963279926236
552.318427725,23,-0.288759030486,-0.706641962332,8.046809223856,-2.963056050216
552.318427725,24,0.247322295012,0.350955367274,8.046887628173,-2.961830060368
552.318427725,25,0.074787261056,0.096445748190,8.047104486883,-2.962171797840
552.318427725,26,-0.666964389691,0.162147253369,8.048101782465,-2.962730683850
552.318427725,27,-0.845280824069,-0.117233342714,8.048141626516,-2.962907108699
552.318427725,28,-0.132330170724,0.949257192593,8.047183125207,-2.962358689988
552.318427725,29,0.336207924789,0.715889821861,8.046090202065,-2.962513258098
552.318427725,30,-0.957374541242,-0.023591530897,8.046834078602,-2.962405834589
552.318427725,31,-0.500041272675,-0.783995520852,8.047440204931,-2.962752064300
552.318427725,32,0.062162390311,0.462902484850,8.046995442669,-2.961674178650
552.318427725,33,0.183465045254,0.912396847818,8.046434360136,-2.962888151573
552.318427725,34,0.820746316452,-0.239013431427,8.046657447032,-2.963014648995
552.318427725,35,-0.082811411792,-0.520583864882,8.046539525919,-2.963468150940
552.318427725,36,0.872076003773,0.191120372610,8.046097992974,-2.962483099644
552.318427725,37,0.923975088394,-0.107199574961,8.047409157526,-2.963144108086
552.318427725,38,0.546429670468,0.029197788783,8.045835789238,-2.962403952348
552.318427725,39,-0.068147332166,0.722771073819,8.047152508455,-2.962595461997
552.318427725,40,0.232099646494,-0.132727392503,8.046830778988,-2.962885743270
552.318427725,41,0.668337563064,0.369544736060,8.045423149387,-2.962366898194
552.318427725,42,0.298260481154,-0.385936633415,8.046141094100,-2.962803523819
552.318427725,43,0.537461705994,0.689998957023,8.045540599413,-2.962563064718
552.318427725,44,0.179214366316,0.376183262628,8.046967672324,-2.961718150485
552.318427725,45,0.120873073829,-0.546014611777,8.046270457710,-2.962976612765
552.318427725,46,0.095259620052,-0.073485247346,8.047021713197,-2.962797768700
552.318427725,47,-0.174958397984,0.044062235320,8.046748028715,-2.962228025644
552.318427725,48,0.684267941530,0.168757891635,8.045457753394,-2.962363412422
552.318427725,49,-0.272985766685,0.627527932138,8.047613512676,-2.962589045047
552.318427725,50,0.355689383773,0.034283890732,8.046671511372,-2.962475389051
552.318427725,51,-0.296168935074,0.412124334160,8.047373619577,-2.962075853904
552.318427725,52,-0.030427507013,-0.047489747423,8.046908482684,-2.962658310789
552.318427725,53,-0.058928234127,0.614487763132,8.047119550513,-2.962183117030
552.318427725,54,-0.438225237114,-0.619541544687,8.047044289106,-2.963222564142
552.318427725,55,0.586987722233,-0.287652890184,8.045565162115,-2.962427267994
552.318427725,56,-0.893234633679,0.192961748815,8.046743993997,-2.961925748952
552.318427725,57,0.209042374797,0.756830586690,8.046418256670,-2.962583520348
552.318427725,58,0.456200181097,-0.240759852921,8.045876032410,-2.962553820406
552.318427725,59,0.848956400642,-0.300491499258,8.047273024827,-2.963407135408
552.318427725,60,0.467692217422,0.529859170031,8.045916716996,-2.962281293726
552.318427725,61,0.703567742313,-0.513617321535,8.046757174662,-2.963388425042
552.318427725,62,-0.196934932099,0.726158191337,8.047470172469,-2.962722969707
552.318427725,63,0.458251820794,0.476912602367,8.046028391724,-2.962211767522
552.318427725,64,0.463991791557,0.425283507540,8.046076333203,-2.962186874458
552.318427725,65,0.008848738853,-0.148852234584,8.046888530851,-2.963051944162
552.318427725,66,0.582006729594,0.361412444273,8.045665809631,-2.962309776041
552.318427725,67,0.065178954920,-0.786962582334,8.046123803837,-2.962325021867
552.318427725,68,0.063401758864,0.970615082298,8.046780139367,-2.962732941380
552.318427725,69,-0.575734712982,0.322266381172,8.048042626192,-2.962638208952
552.318427725,70,0.433947541588,0.545280601369,8.046017742345,-2.962254422914
552.318427725,71,-0.413660120771,-0.589915628258,8.046937821114,-2.963305499128
552.318427725,72,-0.616857948277,0.167562679736,8.047957094356,-2.962665448158
552.318427725,73,-0.597695444839,0.470697221227,8.048020807361,-2.962543083201
552.318427725,74,0.089333121815,-0.249740398459,8.046809601941,-2.963264925362
552.318427725,75,-0.675800707668,0.177980995385,8.048132369947,-2.962732475099
552.318427725,76,-0.280378025304,-0.729063091391,8.046810883567,-2.962970816857
552.318427725,77,0.172188714929,-0.845121384045,8.045960473140,-2.962236409174
552.318427725,78,-0.492107000221,-0.433198592759,8.046966146108,-2.963294491522
552.318427725,79,0.534162287256,-0.132184657187,8.045743071431,-2.962459232734
552.318427725,80,-0.072858359156,-0.024118308782,8.046852222176,-2.962538808658
552.318427725,81,0.168274031647,0.853324569211,8.046479073806,-2.962840103216
552.318427725,82,-0.268937337411,-0.072447765630,8.046586721906,-2.962639075534
552.318427725,83,0.023934690090,0.699582138329,8.046933565440,-2.962425164414
552.318427725,84,0.477787905658,0.275825694940,8.046164910898,-2.962219799868
552.318427725,85,0.036645124562,-0.916231028192,8.046175146866,-2.962158407293
552.318427725,86,-0.088683785592,0.970881583111,8.047099029648,-2.962368059169
552.318427725,87,-0.219830174021,0.520143512239,8.047371476199,-2.962159129278
552.318427725,88,0.944965954322,-0.069337104770,8.047562230200,-2.963129306427
552.318427725,89,-0.471210637956,0.339837586631,8.047751837590,-2.962443735343
552.318427725,90,-0.840595559603,0.324824900045,8.046673214252,-2.961596184395
552.318427725,91,0.784840104461,-0.427632562475,8.047162467191,-2.963552071433
552.318427725,92,0.201640674574,-0.783981004469,8.045896523375,-2.962247037108
552.318427725,93,0.303634251820,-0.369472185553,8.046159149980,-2.962809493382
552.318427725,94,-0.363735584074,0.073286353576,8.046846079355,-2.962243410476
552.318427725,95,0.152060898489,0.633441885320,8.046697208083,-2.962147032591
552.318427725,96,0.356639909075,0.156034381706,8.046715375076,-2.962248425443
552.318427725,97,0.819425997097,0.449237113415,8.045669948071,-2.962360783770
552.318427725,98,0.275899061299,0.320946203377,8.046858903380,-2.961898618650
552.318427725,99,-0.021108112823,0.172768947399,8.047022354585,-2.961850901477
552.414363037,0,-0.769463129821,-0.300463567000,7.797995871485,-2.976195340757
552.414363037,1,-0.209167276947,0.100349733717,7.796691899941,-2.975261616103
552.414363037,2,0.296023683601,-0.364321083002,7.796161000965,-2.976023657373
552.414363037,3,0.228179259258,0.363738967315,7.796867958859,-2.975026631185
552.414363037,4,-0.268060392883,0.322567088917,7.797050634281,-2.975096967658
552.414363037,5,-0.572195141308,-0.696194819659,7.797509674456,-2.976078813092
552.414363037,6,0.872210573234,-0.403229108530,7.797981234891,-2.977244680103
552.414363037,7,-0.038958968812,0.524458383998,7.797001308986,-2.975088381347
552.414363037,8,-0.343335149645,-0.837780124264,7.796990590189,-2.975723755937
552.414363037,9,0.559014935847,0.759865116064,7.795419769925,-2.975901738114
552.414363037,10,-0.044275750974,-0.714849713650,7.796347848069,-2.975931400581
552.414363037,11,-0.132643416332,0.476833645177,7.797085529515,-2.975082775766
552.414363037,12,0.035671008030,0.907176485191,7.796768691774,-2.976135817891
552.414363037,13,0.058461798746,0.458634038709,7.796939957873,-2.974900419094
552.414363037,14,-0.592016356790,0.625286882581,7.797338505875,-2.975084190790
552.414363037,15,-0.376031977856,0.698956476628,7.797671071082,-2.975879489628
552.414363037,16,-0.731729031643,-0.626082967965,7.797954034287,-2.976107165171
552.414363037,17,-0.462686668492,-0.133526160008,7.796727354280,-2.976000536824
552.414363037,18,-0.002004598931,-0.893935741652,7.796205427426,-2.975292718986
552.414363037,19,-0.200629508978,0.691312401871,7.797375780763,-2.975899657015
552.414363037,20,0.466497947957,-0.118047826618,7.795975758395,-2.975741451199
552.414363037,21,-0.392205757247,-0.109902853573,7.796565424746,-2.975940048522
552.414363037,22,-0.302712859750,-0.637302042237,7.796711720262,-2.976446073502
552.414363037,23,-0.288759030486,-0.706641962332,7.796756352058,-2.976216766522
552.414363037,24,0.247322295012,0.350955367274,7.796848492356,-2.975062925313
552.414363037,25,0.074787261056,0.096445748190,7.797057000673,-2.975391109696
552.414363037,26,-0.666964389691,0.162147253369,7.797985481517,-2.975946625351
552.414363037,27,-0.845280824069,-0.117233342714,7.798039586533,-2.976098823071
552.414363037,28,-0.132330170724,0.949257192593,7.797087655688,-2.975630505449
552.414363037,29,0.336207924789,0.715889821861,7.796030991503,-2.975774868987
552.414363037,30,-0.957374541242,-0.023591530897,7.796752763106,-2.975612191695
552.414363037,31,-0.500041272675,-0.783995520852,7.797376806288,-2.975897996629
552.414363037,32,0.062162390311,0.462902484850,7.796934684760,-2.974908266892
552.414363037,33,0.183465045254,0.912396847818,7.796358971454,-2.976161594421
552.414363037,34,0.820746316452,-0.239013431427,7.796480067444,-2.976156506291
552.414363037,35,-0.082811411792,-0.520583864882,7.796495474380,-2.976650475937
552.414363037,36,0.872076003773,0.191120372610,7.795912074450,-2.975692687008
552.414363037,37,0.923975088394,-0.107199574961,7.797224481569,-2.976307745561
552.414363037,38,0.546429670468,0.029197788783,7.795776887596,-2.975614804903
552.414363037,39,-0.068147332166,0.722771073819,7.797068771559,-2.975845291125
552.414363037,40,0.232099646494,-0.132727392503,7.796802386878,-2.976096501475
552.414363037,41,0.668337563064,0.369544736060,7.795326306834,-2.975609447186
552.414363037,42,0.298260481154,-0.385936633415,7.796107081984,-2.975988403248
552.414363037,43,0.537461705994,0.689998957023,7.795461780393,-2.975835161282
552.414363037,44,0.179214366316,0.376183262628,7.796922432598,-2.974950483758
552.414363037,45,0.120873073829,-0.546014611777,7.796238559970,-2.976153540567
552.414363037,46,0.095259620052,-0.073485247346,7.796981595499,-2.976011004757
552.414363037,47,-0.174958397984,0.044062235320,7.796668912630,-2.975439809995
552.414363037,48,0.684267941530,0.168757891635,7.795354199278,-2.975581639991
552.414363037,49,-0.272985766685,0.627527932138,7.797511865781,-2.975833050389
552.414363037,50,0.355689383773,0.034283890732,7.796642309623,-2.975694142884
552.414363037,51,-0.296168935074,0.412124334160,7.797272122858,-2.975305279683
552.414363037,52,-0.030427507013,-0.047489747423,7.796851799474,-2.975869898476
552.414363037,53,-0.058928234127,0.614487763132,7.797040020196,-2.975424891927
552.414363037,54,-0.438225237114,-0.619541544687,7.796973825293,-2.976384236083
552.414363037,55,0.586987722233,-0.287652890184,7.795469822175,-2.975589136779
552.414363037,56,-0.893234633679,0.192961748815,7.796655474646,-2.975157501268
552.414363037,57,0.209042374797,0.756830586690,7.796354810475,-2.975842539341
552.414363037,58,0.456200181097,-0.240759852921,7.795825792911,-2.975741525076
552.414363037,59,0.848956400642,-0.300491499258,7.797099922194,-2.976543541405
552.414363037,60,0.467692217422,0.529859170031,7.795862039890,-2.975533510557
552.414363037,61,0.703567742313,-0.513617321535,7.796604925457,-2.976495176144
552.414363037,62,-0.196934932099,0.726158191337,7.797374042210,-2.975973742083
552.414363037,63,0.458251820794,0.476912602367,7.795978253720,-2.975459229423
552.414363037,64,0.463991791557,0.425283507540,7.796028379496,-2.975430587581
552.414363037,65,0.008848738853,-0.148852234584,7.796840447558,-2.976260170330
552.414363037,66,0.582006729594,0.361412444273,7.795597319628,-2.975550963762
552.414363037,67,0.065178954920,-0.786962582334,7.796088205645,-2.975469968635
552.414363037,68,0.063401758864,0.970615082298,7.796695919388,-2.976008219011
552.414363037,69,-0.575734712982,0.322266381172,7.797925347885,-2.975865761315
552.414363037,70,0.433947541588,0.545280601369,7.795965810144,-2.975506292069
552.414363037,71,-0.413660120771,-0.589915628258,7.796867188137,-2.976470559205
552.414363037,72,-0.616857948277,0.167562679736,7.797840345415,-2.975880990908
552.414363037,73,-0.597695444839,0.470697221227,7.797905492090,-2.975785631002
552.414363037,74,0.089333121815,-0.249740398459,7.796773332488,-2.976469120967
552.414363037,75,-0.675800707668,0.177980995385,7.798016206799,-2.975950053009
552.414363037,76,-0.280378025304,-0.729063091391,7.796759975841,-2.976129747229
552.414363037,77,0.172188714929,-0.845121384045,7.795913004613,-2.975357550347
552.414363037,78,-0.492107000221,-0.433198592759,7.796879368433,-2.976467583017
552.414363037,79,0.534162287256,-0.132184657187,7.795679605013,-2.975652463810
552.414363037,80,-0.072858359156,-0.024118308782,7.796788989101,-2.975750243145
552.414363037,81,0.168274031647,0.853324569211,7.796407346935,-2.976106724584
552.414363037,82,-0.268937337411,-0.072447765630,7.796500565270,-2.975842945277
552.414363037,83,0.023934690090,0.699582138329,7.796859736139,-2.975674041101
552.414363037,84,0.477787905658,0.275825694940,7.796120980890,-2.975453037927
552.414363037,85,0.036645124562,-0.916231028192,7.796136409567,-2.975282850840
552.414363037,86,-0.088683785592,0.970881583111,7.797005706782,-2.975641800174
552.414363037,87,-0.219830174021,0.520143512239,7.797276236276,-2.975394815704
552.414363037,88,0.944965954322,-0.069337104770,7.797378745823,-2.976299528848
552.414363037,89,-0.471210637956,0.339837586631,7.797637759709,-2.975670320198
552.414363037,90,-0.840595559603,0.324824900045,7.796580463356,-2.974841913773
552.414363037,91,0.784840104461,-0.427632562475,7.796999472449,-2.976671261207
552.414363037,92,0.201640674574,-0.783981004469,7.795849606195,-2.975376434410
552.414363037,93,0.303634251820,-0.369472185553,7.796125372153,-2.975995975208
552.414363037,94,-0.363735584074,0.073286353576,7.796745056209,-2.975453121195
552.414363037,95,0.152060898489,0.633441885320,7.796637849641,-2.975393817742
552.414363037,96,0.356639909075,0.156034381706,7.796684706452,-2.975473882761
552.414363037,97,0.819425997097,0.449237113415,7.795508132248,-2.975612918845
552.414363037,98,0.275899061299,0.320946203377,7.796822403954,-2.975130774347
552.414363037,99,-0.021108112823,0.172768947399,7.796959894077,-2.975071027542
552.510298348,0,-0.769463129821,-0.300463567000,7.547554992928,-2.989115754390
552.510298348,1,-0.209167276947,0.100349733717,7.546262903803,-2.988219974347
552.510298348,2,0.296023683601,-0.364321083002,7.545783928805,-2.988956799489
552.510298348,3,0.228179259258,0.363738967315,7.546482722238,-2.988003118046
552.510298348,4,-0.268060392883,0.322567088917,7.546610555813,-2.988065998166
552.510298348,5,-0.572195141308,-0.696194819659,7.547093831776,-2.988973796449
552.510298348,6,0.872210573234,-0.403229108530,7.547495390953,-2.990128315627
552.510298348,7,-0.038958968812,0.524458383998,7.546582953855,-2.988068657174
552.510298348,8,-0.343335149645,-0.837780124264,7.546596931970,-2.988616196521
552.510298348,9,0.559014935847,0.759865116064,7.544990061089,-2.988924602994
552.510298348,10,-0.044275750974,-0.714849713650,7.545967031190,-2.988838628014
552.510298348,11,-0.132643416332,0.476833645177,7.546657506828,-2.988060103601
552.510298348,12,0.035671008030,0.907176485191,7.546343923037,-2.989146853476
552.510298348,13,0.058461798746,0.458634038709,7.546534696701,-2.987878079636
552.510298348,14,-0.592016356790,0.625286882581,7.546889118410,-2.988090261399
552.510298348,15,-0.376031977856,0.698956476628,7.547221430475,-2.988877968655
552.510298348,16,-0.731729031643,-0.626082967965,7.547530105816,-2.989000633573
552.510298348,17,-0.462686668492,-0.133526160008,7.546283923908,-2.988940735126
552.510298348,18,-0.002004598931,-0.893935741652,7.545824479975,-2.988171293232
552.510298348,19,-0.200629508978,0.691312401871,7.546937628162,-2.988892018675
552.510298348,20,0.466497947957,-0.118047826618,7.545587847129,-2.988687713407
552.510298348,21,-0.392205757247,-0.109902853573,7.546125850154,-2.988883465784
552.510298348,22,-0.302712859750,-0.637302042237,7.546309271190,-2.989357280781
552.510298348,23,-0.288759030486,-0.706641962332,7.546359134733,-2.989122654553
552.510298348,24,0.247322295012,0.350955367274,7.546465028829,-2.988039278973
552.510298348,25,0.074787261056,0.096445748190,7.546664336954,-2.988354638595
552.510298348,26,-0.666964389691,0.162147253369,7.547529450943,-2.988908278623
552.510298348,27,-0.845280824069,-0.117233342714,7.547598650399,-2.989036582055
552.510298348,28,-0.132330170724,0.949257192593,7.546650592797,-2.988646041387
552.510298348,29,0.336207924789,0.715889821861,7.545629272357,-2.988778669454
552.510298348,30,-0.957374541242,-0.023591530897,7.546333391355,-2.988564817510
552.510298348,31,-0.500041272675,-0.783995520852,7.546970338309,-2.988789417870
552.510298348,32,0.062162390311,0.462902484850,7.546529706906,-2.987886200896
552.510298348,33,0.183465045254,0.912396847818,7.545941317425,-2.989177378024
552.510298348,34,0.820746316452,-0.239013431427,7.545961662136,-2.989042596727
552.510298348,35,-0.082811411792,-0.520583864882,7.546106226303,-2.989577743215
552.510298348,36,0.872076003773,0.191120372610,7.545387801163,-2.988645609566
552.510298348,37,0.923975088394,-0.107199574961,7.546695652537,-2.989213994548
552.510298348,38,0.546429670468,0.029197788783,7.545376739999,-2.988570020705
552.510298348,39,-0.068147332166,0.722771073819,7.546642208293,-2.988839052770
552.510298348,40,0.232099646494,-0.132727392503,7.546429029270,-2.989051814372
552.510298348,41,0.668337563064,0.369544736060,7.544890359565,-2.988594687826
552.510298348,42,0.298260481154,-0.385936633415,7.545728988314,-2.988918765354
552.510298348,43,0.537461705994,0.689998957023,7.545042467506,-2.988848734641
552.510298348,44,0.179214366316,0.376183262628,7.546532704935,-2.987926437122
552.510298348,45,0.120873073829,-0.546014611777,7.545861640706,-2.989075907302
552.510298348,46,0.095259620052,-0.073485247346,7.546596089207,-2.988968633572
552.510298348,47,-0.174958397984,0.044062235320,7.546245602398,-2.988396253170
552.510298348,48,0.684267941530,0.168757891635,7.544911674930,-2.988543600305
552.510298348,49,-0.272985766685,0.627527932138,7.547068270554,-2.988821798504
552.510298348,50,0.355689383773,0.034283890732,7.546269151726,-2.988657082343
552.510298348,51,-0.296168935074,0.412124334160,7.546828240779,-2.988279643114
552.510298348,52,-0.030427507013,-0.047489747423,7.546449974585,-2.988825942557
552.510298348,53,-0.058928234127,0.614487763132,7.546617203111,-2.988410732065
552.510298348,54,-0.438225237114,-0.619541544687,7.546560135153,-2.989291083852
552.510298348,55,0.586987722233,-0.287652890184,7.545034077514,-2.988496842260
552.510298348,56,-0.893234633679,0.192961748815,7.546228858965,-2.988135346873
552.510298348,57,0.209042374797,0.756830586690,7.545948404271,-2.988844216242
552.510298348,58,0.456200181097,-0.240759852921,7.545433177412,-2.988674622571
552.510298348,59,0.848956400642,-0.300491499258,7.546583189664,-2.989423108432
552.510298348,60,0.467692217422,0.529859170031,7.545465486715,-2.988528061901
552.510298348,61,0.703567742313,-0.513617321535,7.546110796438,-2.989346911603
552.510298348,62,-0.196934932099,0.726158191337,7.546935780268,-2.988968902461
552.510298348,63,0.458251820794,0.476912602367,7.545585977732,-2.988449252577
552.510298348,64,0.463991791557,0.425283507540,7.545638236788,-2.988417042357
552.510298348,65,0.008848738853,-0.148852234584,7.546447001765,-2.989212899023
552.510298348,66,0.582006729594,0.361412444273,7.545188302563,-2.988534962743
552.510298348,67,0.065178954920,-0.786962582334,7.545707880833,-2.988361021598
552.510298348,68,0.063401758864,0.970615082298,7.546269660964,-2.989026279369
552.510298348,69,-0.575734712982,0.322266381172,7.547467867864,-2.988838868881
552.510298348,70,0.433947541588,0.545280601369,7.545571640534,-2.988500543491
552.510298348,71,-0.413660120771,-0.589915628258,7.546453189900,-2.989380731756
552.510298348,72,-0.616857948277,0.167562679736,7.547383459825,-2.988842151170
552.510298348,73,-0.597695444839,0.470697221227,7.547450428219,-2.988773741119
552.510298348,74,0.089333121815,-0.249740398459,7.546391627129,-2.989417971822
552.510298348,75,-0.675800707668,0.177980995385,7.547560412628,-2.988913361047
552.510298348,76,-0.280378025304,-0.729063091391,7.546364662765,-2.989033894135
552.510298348,77,0.172188714929,-0.845121384045,7.545521556986,-2.988225464458
552.510298348,78,-0.492107000221,-0.433198592759,7.546450155594,-2.989385852442
552.510298348,79,0.534162287256,-0.132184657187,7.545274823701,-2.988590784424
552.510298348,80,-0.072858359156,-0.024118308782,7.546380829693,-2.988706175817
552.510298348,81,0.168274031647,0.853324569211,7.545993030648,-2.989115934430
552.510298348,82,-0.268937337411,-0.072447765630,7.546070709737,-2.988791628111
552.510298348,83,0.023934690090,0.699582138329,7.546442672856,-2.988666526900
552.510298348,84,0.477787905658,0.275825694940,7.545734792369,-2.988429572176
552.510298348,85,0.036645124562,-0.916231028192,7.545753130341,-2.988153826790
552.510298348,86,-0.088683785592,0.970881583111,7.546570707927,-2.988659027705
552.510298348,87,-0.219830174021,0.520143512239,7.546838335371,-2.988375182003
552.510298348,88,0.944965954322,-0.069337104770,7.546850264903,-2.989212058060
552.510298348,89,-0.471210637956,0.339837586631,7.547182615452,-2.988642254255
552.510298348,90,-0.840595559603,0.324824900045,7.546149474744,-2.987833617689
552.510298348,91,0.784840104461,-0.427632562475,7.546493310621,-2.989534208498
552.510298348,92,0.201640674574,-0.783981004469,7.545458769612,-2.988252479944
552.510298348,93,0.303634251820,-0.369472185553,7.545747531556,-2.988927897023
552.510298348,94,-0.363735584074,0.073286353576,7.546301437279,-2.988407886479
552.510298348,95,0.152060898489,0.633441885320,7.546234878064,-2.988383815975
552.510298348,96,0.356639909075,0.156034381706,7.546310155708,-2.988443151822
552.510298348,97,0.819425997097,0.449237113415,7.545008802842,-2.988607289956
552.510298348,98,0.275899061299,0.320946203377,7.546441654500,-2.988106419434
552.510298348,99,-0.021108112823,0.172768947399,7.546552647622,-2.988035482364
552.606233659,0,-0.769463129821,-0.300463567000,7.296773326398,-3.001781013081
552.606233659,1,-0.209167276947,0.100349733717,7.295489194759,-3.000922069850
552.606233659,2,0.296023683601,-0.364321083002,7.295061715535,-3.001634336620
552.606233659,3,0.228179259258,0.363738967315,7.295752122863,-3.000722162386
552.606233659,4,-0.268060392883,0.322567088917,7.295826732410,-3.000778913979
552.606233659,5,-0.572195141308,-0.696194819659,7.296334748506,-3.001613295934
552.606233659,6,0.872210573234,-0.403229108530,7.296660642517,-3.002752124437
552.606233659,7,-0.038958968812,0.524458383998,7.295819968096,-3.000792072117
552.606233659,8,-0.343335149645,-0.837780124264,7.295858255751,-3.001253104470
552.606233659,9,0.559014935847,0.759865116064,7.294219249690,-3.001687685967
552.606233659,10,-0.044275750974,-0.714849713650,7.295240235905,-3.001490334055
552.606233659,11,-0.132643416332,0.476833645177,7.295885192948,-3.000780902571
552.606233659,12,0.035671008030,0.907176485191,7.295575854132,-3.001900030727
552.606233659,13,0.058461798746,0.458634038709,7.295784263932,-3.000598641788
552.606233659,14,-0.592016356790,0.625286882581,7.296099239047,-3.000840750723
552.606233659,15,-0.376031977856,0.698956476628,7.296429862022,-3.001620380506
552.606233659,16,-0.731729031643,-0.626082967965,7.296764295505,-3.001638969505
552.606233659,17,-0.462686668492,-0.133526160008,7.295497499012,-3.001625100546
552.606233659,18,-0.002004598931,-0.893935741652,7.295097910750,-3.000795147418
552.606233659,19,-0.200629508978,0.691312401871,7.296156303682,-3.001627844237
552.606233659,20,0.466497947957,-0.118047826618,7.294856476573,-3.001377895597
552.606233659,21,-0.392205757247,-0.109902853573,7.295342693513,-3.001570915744
552.606233659,22,-0.302712859750,-0.637302042237,7.295561750363,-3.002012547488
552.606233659,23,-0.288759030486,-0.706641962332,7.295616706071,-3.001772713904
552.606233659,24,0.247322295012,0.350955367274,7.295736245069,-3.000758168480
552.606233659,25,0.074787261056,0.096445748190,7.295925570540,-3.001061404225
552.606233659,26,-0.666964389691,0.162147253369,7.296732732431,-3.001614612112
552.606233659,27,-0.845280824069,-0.117233342714,7.296817814147,-3.001719354992
552.606233659,28,-0.132330170724,0.949257192593,7.295870962262,-3.001404326341
552.606233659,29,0.336207924789,0.715889821861,7.294884004230,-3.001523739371
552.606233659,30,-0.957374541242,-0.023591530897,7.295574901886,-3.001262665753
552.606233659,31,-0.500041272675,-0.783995520852,7.296219915012,-3.001425338676
552.606233659,32,0.062162390311,0.462902484850,7.295779564085,-3.000607019226
552.606233659,33,0.183465045254,0.912396847818,7.295180387309,-3.001934575620
552.606233659,34,0.820746316452,-0.239013431427,7.295101685190,-3.001672166844
552.606233659,35,-0.082811411792,-0.520583864882,7.295370901976,-3.002248945590
552.606233659,36,0.872076003773,0.191120372610,7.294524446232,-3.001340994166
552.606233659,37,0.923975088394,-0.107199574961,7.295822554806,-3.001862189951
552.606233659,38,0.546429670468,0.029197788783,7.294634267706,-3.001268643044
552.606233659,39,-0.068147332166,0.722771073819,7.295871868875,-3.001575780606
552.606233659,40,0.232099646494,-0.132727392503,7.295709735159,-3.001750692333
552.606233659,41,0.668337563064,0.369544736060,7.294114219081,-3.001321695367
552.606233659,42,0.298260481154,-0.385936633415,7.295005823081,-3.001593607887
552.606233659,43,0.537461705994,0.689998957023,7.294281569826,-3.001602873645
552.606233659,44,0.179214366316,0.376183262628,7.295797518564,-3.000645054317
552.606233659,45,0.120873073829,-0.546014611777,7.295138769723,-3.001742700734
552.606233659,46,0.095259620052,-0.073485247346,7.295864269246,-3.001669665891
552.606233659,47,-0.174958397984,0.044062235320,7.295477217208,-3.001096360537
552.606233659,48,0.684267941530,0.168757891635,7.294129114849,-3.001248363674
552.606233659,49,-0.272985766685,0.627527932138,7.296281792535,-3.001554293983
552.606233659,50,0.355689383773,0.034283890732,7.295551014129,-3.001363235494
552.606233659,51,-0.296168935074,0.412124334160,7.296041062202,-3.000997944884
552.606233659,52,-0.030427507013,-0.047489747423,7.295702113194,-3.001525451485
552.606233659,53,-0.058928234127,0.614487763132,7.295850160419,-3.001139669075
552.606233659,54,-0.438225237114,-0.619541544687,7.295802345510,-3.001942110640
552.606233659,55,0.586987722233,-0.287652890184,7.294256912390,-3.001149437526
552.606233659,56,-0.893234633679,0.192961748815,7.295463097352,-3.000858229831
552.606233659,57,0.209042374797,0.756830586690,7.295198032751,-3.001587620707
552.606233659,58,0.456200181097,-0.240759852921,7.294697144122,-3.001352131362
552.606233659,59,0.848956400642,-0.300491499258,7.295722545070,-3.002045190547
552.606233659,60,0.467692217422,0.529859170031,7.294725980488,-3.001264024056
552.606233659,61,0.703567742313,-0.513617321535,7.295274148922,-3.001942879868
552.606233659,62,-0.196934932099,0.726158191337,7.296154442135,-3.001707466789
552.606233659,63,0.458251820794,0.476912602367,7.294850490401,-3.001180908664
552.606233659,64,0.463991791557,0.425283507540,7.294904830858,-3.001145306646
552.606233659,65,0.008848738853,-0.148852234584,7.295707293328,-3.001909135254
552.606233659,66,0.582006729594,0.361412444273,7.294437659757,-3.001260842596
552.606233659,67,0.065178954920,-0.786962582334,7.294981911965,-3.000997166145
552.606233659,68,0.063401758864,0.970615082298,7.295500370319,-3.001786181378
552.606233659,69,-0.575734712982,0.322266381172,7.296669238651,-3.001556503430
552.606233659,70,0.433947541588,0.545280601369,7.294834166684,-3.001236252656
552.606233659,71,-0.413660120771,-0.589915628258,7.295694956442,-3.002035018652
552.606233659,72,-0.616857948277,0.167562679736,7.296585494096,-3.001547901814
552.606233659,73,-0.597695444839,0.470697221227,7.296654645251,-3.001506377999
552.606233659,74,0.089333121815,-0.249740398459,7.295663565659,-3.002110478854
552.606233659,75,-0.675800707668,0.177980995385,7.296764024776,-3.001621366134
552.606233659,76,-0.280378025304,-0.729063091391,7.295624077736,-3.001682257029
552.606233659,77,0.172188714929,-0.845121384045,7.294785192582,-3.000839144087
552.606233659,78,-0.492107000221,-0.433198592759,7.295677626063,-3.002048298211
552.606233659,79,0.534162287256,-0.132184657187,7.294527666145,-3.001273228914
552.606233659,80,-0.072858359156,-0.024118308782,7.295626855582,-3.001405614568
552.606233659,81,0.168274031647,0.853324569211,7.295235122342,-3.001866802006
552.606233659,82,-0.268937337411,-0.072447765630,7.295296283167,-3.001484123440
552.606233659,83,0.023934690090,0.699582138329,7.295681416430,-3.001401666704
552.606233659,84,0.477787905658,0.275825694940,7.295005270138,-3.001148458739
552.606233659,85,0.036645124562,-0.916231028192,7.295024396642,-3.000770323820
552.606233659,86,-0.088683785592,0.970881583111,7.295793054422,-3.001418777549
552.606233659,87,-0.219830174021,0.520143512239,7.296056853300,-3.001099238414
552.606233659,88,0.944965954322,-0.069337104770,7.295976774952,-3.001866238161
552.606233659,89,-0.471210637956,0.339837586631,7.296385479244,-3.001358520083
552.606233659,90,-0.840595559603,0.324824900045,7.295379208494,-3.000570237658
552.606233659,91,0.784840104461,-0.427632562475,7.295643563240,-3.002140248752
552.606233659,92,0.201640674574,-0.783981004469,7.294723067220,-3.000874165434
552.606233659,93,0.303634251820,-0.369472185553,7.295024635862,-3.001604257549
552.606233659,94,-0.363735584074,0.073286353576,7.295514336312,-3.001106701012
552.606233659,95,0.152060898489,0.633441885320,7.295487312673,-3.001116084147
552.606233659,96,0.356639909075,0.156034381706,7.295590695416,-3.001155270905
552.606233659,97,0.819425997097,0.449237113415,7.294171026277,-3.001342978207
552.606233659,98,0.275899061299,0.320946203377,7.295715653368,-3.000824600768
552.606233659,99,-0.021108112823,0.172768947399,7.295799707819,-3.000743284157
552.702168970,0,-0.769463129821,-0.300463567000,7.045649897375,-3.014190095706
552.702168970,1,-0.209167276947,0.100349733717,7.044369883213,-3.013366900179
552.702168970,2,0.296023683601,-0.364321083002,7.043993364438,-3.014055259565
552.702168970,3,0.228179259258,0.363738967315,7.044675168544,-3.013182803754
552.702168970,4,-0.268060392883,0.322567088917,7.044698255834,-3.013234710719
552.702168970,5,-0.572195141308,-0.696194819659,7.045231516879,-3.013996314819
552.702168970,6,0.872210573234,-0.403229108530,7.045477040219,-3.015115626740
552.702168970,7,-0.038958968812,0.524458383998,7.044711413018,-3.013257649704
552.702168970,8,-0.343335149645,-0.837780124264,7.044773681785,-3.013633478723
552.702168970,9,0.559014935847,0.759865116064,7.043106232880,-3.014190073016
552.702168970,10,-0.044275750974,-0.714849713650,7.044166564304,-3.013885500600
552.702168970,11,-0.132643416332,0.476833645177,7.044767662979,-3.013244184531
552.702168970,12,0.035671008030,0.907176485191,7.044463494895,-3.014394395687
552.702168970,13,0.058461798746,0.458634038709,7.044687709702,-3.013061136336
552.702168970,14,-0.592016356790,0.625286882581,7.044967869404,-3.013334611036
552.702168970,15,-0.376031977856,0.698956476628,7.045295403673,-3.014105707471
552.702168970,16,-0.731729031643,-0.626082967965,7.045655649085,-3.014021173760
552.702168970,17,-0.462686668492,-0.133526160008,7.044367184746,-3.014052618116
552.702168970,18,-0.002004598931,-0.893935741652,7.044024807610,-3.013163262799
552.702168970,19,-0.200629508978,0.691312401871,7.045030859699,-3.014106141068
552.702168970,20,0.466497947957,-0.118047826618,7.043780582911,-3.013811014573
552.702168970,21,-0.392205757247,-0.109902853573,7.044215069053,-3.014001386076
552.702168970,22,-0.302712859750,-0.637302042237,7.044468286254,-3.014410867050
552.702168970,23,-0.288759030486,-0.706641962332,7.044528192804,-3.014165938260
552.702168970,24,0.247322295012,0.350955367274,7.044661142729,-3.013218633865
552.702168970,25,0.074787261056,0.096445748190,7.044839770760,-3.013510419286
552.702168970,26,-0.666964389691,0.162147253369,7.045594357770,-3.014064586875
552.702168970,27,-0.845280824069,-0.117233342714,7.045696062679,-3.014146104113
552.702168970,28,-0.132330170724,0.949257192593,7.044747782094,-3.013904381158
552.702168970,29,0.336207924789,0.715889821861,7.043794139239,-3.014009151905
552.702168970,30,-0.957374541242,-0.023591530897,7.044476221540,-3.013704682750
552.702168970,31,-0.500041272675,-0.783995520852,7.045124641377,-3.013804763973
552.702168970,32,0.062162390311,0.462902484850,7.044683305271,-3.013069753241
552.702168970,33,0.183465045254,0.912396847818,7.044075163033,-3.014432253499
552.702168970,34,0.820746316452,-0.239013431427,7.043899523943,-3.014044439823
552.702168970,35,-0.082811411792,-0.520583864882,7.044288615579,-3.014663069522
552.702168970,36,0.872076003773,0.191120372610,7.043321224482,-3.013777956053
552.702168970,37,0.923975088394,-0.107199574961,7.044604969373,-3.014251639291
552.702168970,38,0.546429670468,0.029197788783,7.043548379772,-3.013709706827
552.702168970,39,-0.068147332166,0.722771073819,7.044756796576,-3.014054500824
552.702168970,40,0.232099646494,-0.132727392503,7.044643527998,-3.014192138579
552.702168970,41,0.668337563064,0.369544736060,7.042996777924,-3.013789538040
552.702168970,42,0.298260481154,-0.385936633415,7.043936589380,-3.014011920793
552.702168970,43,0.537461705994,0.689998957023,7.043177984403,-3.014096661323
552.702168970,44,0.179214366316,0.376183262628,7.044715896993,-3.013105371967
552.702168970,45,0.120873073829,-0.546014611777,7.044069010907,-3.014152901666
552.702168970,46,0.095259620052,-0.073485247346,7.044785205185,-3.014113105558
552.702168970,47,-0.174958397984,0.044062235320,7.044362869679,-3.013539130558
552.702168970,48,0.684267941530,0.168757891635,7.043005431816,-3.013694991715
552.702168970,49,-0.272985766685,0.627527932138,7.045151489522,-3.014029533779
552.702168970,50,0.355689383773,0.034283890732,7.044486866793,-3.013811623026
552.702168970,51,-0.296168935074,0.412124334160,7.044909668382,-3.013459178276
552.702168970,52,-0.030427507013,-0.047489747423,7.044607314708,-3.013967426888
552.702168970,53,-0.058928234127,0.614487763132,7.044737946599,-3.013610727186
552.702168970,54,-0.438225237114,-0.619541544687,7.044699574746,-3.014336313663
552.702168970,55,0.586987722233,-0.287652890184,7.043137291511,-3.013545963950
552.702168970,56,-0.893234633679,0.192961748815,7.044357128938,-3.013325086533
552.702168970,57,0.209042374797,0.756830586690,7.044102683819,-3.014071815381
552.702168970,58,0.456200181097,-0.240759852921,7.043616641081,-3.013773061105
552.702168970,59,0.848956400642,-0.300491499258,7.044517620217,-3.014409111589
552.702168970,60,0.467692217422,0.529859170031,7.043642435209,-3.013740466647
552.702168970,61,0.703567742313,-0.513617321535,7.044094292264,-3.014282304323
552.702168970,62,-0.196934932099,0.726158191337,7.045029075795,-3.014188443369
552.702168970,63,0.458251820794,0.476912602367,7.043770709744,-3.013653262547
552.702168970,64,0.463991791557,0.425283507540,7.043827078841,-3.013614441390
552.702168970,65,0.008848738853,-0.148852234584,7.044620416528,-3.014347877270
552.702168970,66,0.582006729594,0.361412444273,7.043344279547,-3.013727665879
552.702168970,67,0.065178954920,-0.786962582334,7.043909374959,-3.013377380706
552.702168970,68,0.063401758864,0.970615082298,7.044387046295,-3.014286976709
552.702168970,69,-0.575734712982,0.322266381172,7.045528503438,-3.014017629201
552.702168970,70,0.433947541588,0.545280601369,7.043752313464,-3.013712488317
552.702168970,71,-0.413660120771,-0.589915628258,7.044591609571,-3.014432415747
552.702168970,72,-0.616857948277,0.167562679736,7.045445495181,-3.013997208367
552.702168970,73,-0.597695444839,0.470697221227,7.045517163143,-3.013982498299
552.702168970,74,0.089333121815,-0.249740398459,7.044588222476,-3.014545636166
552.702168970,75,-0.675800707668,0.177980995385,7.045626070633,-3.014073027769
552.702168970,76,-0.280378025304,-0.729063091391,7.044537346725,-3.014073829480
552.702168970,77,0.172188714929,-0.845121384045,7.043702965483,-3.013197573552
552.702168970,78,-0.492107000221,-0.433198592759,7.044560889586,-3.014453912455
552.702168970,79,0.534162287256,-0.132184657187,7.043437058082,-3.013698822445
552.702168970,80,-0.072858359156,-0.024118308782,7.044526172425,-3.013847560459
552.702168970,81,0.168274031647,0.853324569211,7.044132612378,-3.014358389518
552.702168970,82,-0.268937337411,-0.072447765630,7.044176406316,-3.013919423900
552.702168970,83,0.023934690090,0.699582138329,7.044575001098,-3.013878498058
552.702168970,84,0.477787905658,0.275825694940,7.043931330157,-3.013608746486
552.702168970,85,0.036645124562,-0.916231028192,7.043949288709,-3.013131323563
552.702168970,86,-0.088683785592,0.970881583111,7.044671759969,-3.013920077876
552.702168970,87,-0.219830174021,0.520143512239,7.044930862582,-3.013565987710
552.702168970,88,0.944965954322,-0.069337104770,7.044758151519,-3.014261385727
552.702168970,89,-0.471210637956,0.339837586631,7.045245416866,-3.013818092790
552.702168970,90,-0.840595559603,0.324824900045,7.044268613735,-3.013050707369
552.702168970,91,0.784840104461,-0.427632562475,7.044449739852,-3.014488687546
552.702168970,92,0.201640674574,-0.783981004469,7.043641544431,-3.013240474278
552.702168970,93,0.303634251820,-0.369472185553,7.043955685842,-3.014024047705
552.702168970,94,-0.363735584074,0.073286353576,7.044382859270,-3.013548552472
552.702168970,95,0.152060898489,0.633441885320,7.044394166495,-3.013589671958
552.702168970,96,0.356639909075,0.156034381706,7.044525291711,-3.013609271030
552.702168970,97,0.819425997097,0.449237113415,7.042993829270,-3.013819058712
552.702168970,98,0.275899061299,0.320946203377,7.044643393000,-3.013284358104
552.702168970,99,-0.021108112823,0.172768947399,7.044700161383,-3.013193444113
552.798104282,0,-0.769463129821,-0.300463567000,6.794183720515,-3.026341974363
552.798104282,1,-0.209167276947,0.100349733717,6.792904072699,-3.025553455854
552.798104282,2,0.296023683601,-0.364321083002,6.792577872334,-3.026218551403
552.798104282,3,0.228179259258,0.363738967315,6.793250861432,-3.025384074512
552.798104282,4,-0.268060392883,0.322567088917,6.793224210434,-3.025432376655
552.798104282,5,-0.572195141308,-0.696194819659,6.793783219500,-3.026121850429
552.798104282,6,0.872210573234,-0.403229108530,6.793944525850,-3.027218301545
552.798104282,7,-0.038958968812,0.524458383998,6.793256343477,-3.025464406052
552.798104282,8,-0.343335149645,-0.837780124264,6.793342322271,-3.025756312473
552.798104282,9,0.559014935847,0.759865116064,6.791649895102,-3.026430844602
552.798104282,10,-0.044275750974,-0.714849713650,6.792745112205,-3.026023103167
552.798104282,11,-0.132643416332,0.476833645177,6.793303985202,-3.025448953904
552.798104282,12,0.035671008030,0.907176485191,6.793005848018,-3.026628986931
552.798104282,13,0.058461798746,0.458634038709,6.793244078162,-3.025264586773
552.798104282,14,-0.592016356790,0.625286882581,6.793494001403,-3.025570786525
552.798104282,15,-0.376031977856,0.698956476628,6.793817084888,-3.026332923911
552.798104282,16,-0.731729031643,-0.626082967965,6.794203201534,-3.026146240948
552.798104282,17,-0.462686668492,-0.133526160008,6.792892077736,-3.026222266048
552.798104282,18,-0.002004598931,-0.893935741652,6.792604251576,-3.025274613955
552.798104282,19,-0.200629508978,0.691312401871,6.793560341076,-3.026325908822
552.798104282,20,0.466497947957,-0.118047826618,6.792359093291,-3.025986078809
552.798104282,21,-0.392205757247,-0.109902853573,6.792742082981,-3.026173857627
552.798104282,22,-0.302712859750,-0.637302042237,6.793027999776,-3.026551226855
552.798104282,23,-0.288759030486,-0.706641962332,6.793092714139,-3.026301315354
552.798104282,24,0.247322295012,0.350955367274,6.793238717780,-3.025419707979
552.798104282,25,0.074787261056,0.096445748190,6.793406001486,-3.025700689426
552.798104282,26,-0.666964389691,0.162147253369,6.794113348748,-3.026257156499
552.798104282,27,-0.845280824069,-0.117233342714,6.794232369659,-3.026315784461
552.798104282,28,-0.132330170724,0.949257192593,6.793280062565,-3.026145218884
552.798104282,29,0.336207924789,0.715889821861,6.792358622265,-3.026233973382
552.798104282,30,-0.957374541242,-0.023591530897,6.793036265375,-3.025889807352
552.798104282,31,-0.500041272675,-0.783995520852,6.793683613229,-3.025926692903
552.798104282,32,0.062162390311,0.462902484850,6.793239973457,-3.025273427003
552.798104282,33,0.183465045254,0.912396847818,6.792624619315,-3.026669470870
552.798104282,34,0.820746316452,-0.239013431427,6.792354503441,-3.026158616308
552.798104282,35,-0.082811411792,-0.520583864882,6.792858475168,-3.026819095080
552.798104282,36,0.872076003773,0.191120372610,6.791777296384,-3.025955598994
552.798104282,37,0.923975088394,-0.107199574961,6.793042580756,-3.026381623747
552.798104282,38,0.546429670468,0.029197788783,6.792117973847,-3.025892238580
552.798104282,39,-0.068147332166,0.722771073819,6.793296027714,-3.026274232039
552.798104282,40,0.232099646494,-0.132727392503,6.793229425854,-3.026375149144
552.798104282,41,0.668337563064,0.369544736060,6.791536910935,-3.025997276942
552.798104282,42,0.298260481154,-0.385936633415,6.792520283707,-3.026172686230
552.798104282,43,0.537461705994,0.689998957023,6.791730596921,-3.026329174693
552.798104282,44,0.179214366316,0.376183262628,6.793286858088,-3.025306419492
552.798104282,45,0.120873073829,-0.546014611777,6.792651422348,-3.026305483938
552.798104282,46,0.095259620052,-0.073485247346,6.793357961280,-3.026297949457
552.798104282,47,-0.174958397984,0.044062235320,6.792901665801,-3.025723554727
552.798104282,48,0.684267941530,0.168757891635,6.791539518377,-3.025882537349
552.798104282,49,-0.272985766685,0.627527932138,6.793676411509,-3.026246507122
552.798104282,50,0.355689383773,0.034283890732,6.793075673486,-3.026001258195
552.798104282,51,-0.296168935074,0.412124334160,6.793433132897,-3.025662329083
552.798104282,52,-0.030427507013,-0.047489747423,6.793164672757,-3.026150863501
552.798104282,53,-0.058928234127,0.614487763132,6.793279609425,-3.025822923133
552.798104282,54,-0.438225237114,-0.619541544687,6.793250932704,-3.026472684106
552.798104282,55,0.586987722233,-0.287652890184,6.791674161347,-3.025685451388
552.798104282,56,-0.893234633679,0.192961748815,6.792909881500,-3.025534845616
552.798104282,57,0.209042374797,0.756830586690,6.792661338718,-3.026295855770
552.798104282,58,0.456200181097,-0.240759852921,6.792190606779,-3.025936412703
552.798104282,59,0.848956400642,-0.300491499258,6.792967966563,-3.026514166391
552.798104282,60,0.467692217422,0.529859170031,6.792213756319,-3.025956452501
552.798104282,61,0.703567742313,-0.513617321535,6.792570487244,-3.026364384226
552.798104282,62,-0.196934932099,0.726158191337,6.793558721679,-3.026410832763
552.798104282,63,0.458251820794,0.476912602367,6.792345545591,-3.025865372164
552.798104282,64,0.463991791557,0.425283507540,6.792403889686,-3.025823500505
552.798104282,65,0.008848738853,-0.148852234584,6.793185460068,-3.026528116496
552.798104282,66,0.582006729594,0.361412444273,6.791907038116,-3.025934488002
552.798104282,67,0.065178954920,-0.786962582334,6.792489339200,-3.025500636783
552.798104282,68,0.063401758864,0.970615082298,6.792928680401,-3.026527709641
552.798104282,69,-0.575734712982,0.322266381172,6.794044695991,-3.026221202800
552.798104282,70,0.433947541588,0.545280601369,6.792324997841,-3.025928312386
552.798104282,71,-0.413660120771,-0.589915628258,6.793142262758,-3.026571912808
552.798104282,72,-0.616857948277,0.167562679736,6.793962500376,-3.026189028923
552.798104282,73,-0.597695444839,0.470697221227,6.794036992211,-3.026201050806
552.798104282,74,0.089333121815,-0.249740398459,6.793164666634,-3.026722431003
552.798104282,75,-0.675800707668,0.177980995385,6.794145567523,-3.026267297943
552.798104282,76,-0.280378025304,-0.729063091391,6.793103588205,-3.026207599122
552.798104282,77,0.172188714929,-0.845121384045,6.792273921809,-3.025299729009
552.798104282,78,-0.492107000221,-0.433198592759,6.793099047078,-3.026601680951
552.798104282,79,0.534162287256,-0.132184657187,6.792001913187,-3.025866581071
552.798104282,80,-0.072858359156,-0.024118308782,6.793077879871,-3.026031007653
552.798104282,81,0.168274031647,0.853324569211,6.792684484181,-3.026589751995
552.798104282,82,-0.268937337411,-0.072447765630,6.792710192763,-3.026096515284
552.798104282,83,0.023934690090,0.699582138329,6.793122454507,-3.026096051055
552.798104282,84,0.477787905658,0.275825694940,6.792511880045,-3.025809476963
552.798104282,85,0.036645124562,-0.916231028192,6.792526879689,-3.025235800650
552.798104282,86,-0.088683785592,0.970881583111,6.793205830626,-3.026161949131
552.798104282,87,-0.219830174021,0.520143512239,6.793459428381,-3.025774425108
552.798104282,88,0.944965954322,-0.069337104770,6.793194165665,-3.026396790860
552.798104282,89,-0.471210637956,0.339837586631,6.793761485354,-3.026019939931
552.798104282,90,-0.840595559603,0.324824900045,6.792816628554,-3.025273952612
552.798104282,91,0.784840104461,-0.427632562475,6.792911282734,-3.026578801791
552.798104282,92,0.201640674574,-0.783981004469,6.792213238780,-3.025350381641
552.798104282,93,0.303634251820,-0.369472185553,6.792539675672,-3.026186250624
552.798104282,94,-0.363735584074,0.073286353576,6.792906104244,-3.025732421461
552.798104282,95,0.152060898489,0.633441885320,6.792954446346,-3.025803621839
552.798104282,96,0.356639909075,0.156034381706,6.793112904561,-3.025804175897
552.798104282,97,0.819425997097,0.449237113415,6.791476201479,-3.026034600397
552.798104282,98,0.275899061299,0.320946203377,6.793223860108,-3.025484724014
552.798104282,99,-0.021108112823,0.172768947399,6.793253089134,-3.025384966329
552.894039593,0,-0.769463129821,-0.300463567000,6.542373799527,-3.038235614292
552.894039593,1,-0.209167276947,0.100349733717,6.541090859820,-3.037480720276
552.894039593,2,0.296023683601,-0.364321083002,6.540814229855,-3.038123187512
552.894039593,3,0.228179259258,0.363738967315,6.541478198134,-3.037324999754
552.894039593,4,-0.268060392883,0.322567088917,6.541403673074,-3.037370892620
552.894039593,5,-0.572195141308,-0.696194819659,6.541988929235,-3.037988894095
552.894039593,6,0.872210573234,-0.403229108530,6.542062939516,-3.039059588515
552.894039593,7,-0.038958968812,0.524458383998,6.541453807861,-3.037411349790
552.894039593,8,-0.343335149645,-0.837780124264,6.541563281261,-3.037620593122
552.894039593,9,0.559014935847,0.759865116064,6.539849108796,-3.038409075445
552.894039593,10,-0.044275750974,-0.714849713650,6.540974969166,-3.037902110893
552.894039593,11,-0.132643416332,0.476833645177,6.541493221037,-3.037394207589
552.894039593,12,0.035671008030,0.907176485191,6.541201909082,-3.038602835448
552.894039593,13,0.058461798746,0.458634038709,6.541452407503,-3.037208009215
552.894039593,14,-0.592016356790,0.625286882581,6.541676617183,-3.037548213212
552.894039593,15,-0.376031977856,0.698956476628,6.541993926557,-3.038300996170
552.894039593,16,-0.731729031643,-0.626082967965,6.542405976953,-3.038013159436
552.894039593,17,-0.462686668492,-0.133526160008,6.541071265974,-3.038133015659
552.894039593,18,-0.002004598931,-0.893935741652,6.540835316897,-3.037128168812
552.894039593,19,-0.200629508978,0.691312401871,6.541743785116,-3.038286139346
552.894039593,20,0.466497947957,-0.118047826618,6.540590926386,-3.037902088464
552.894039593,21,-0.392205757247,-0.109902853573,6.540922833388,-3.038087304350
552.894039593,22,-0.302712859750,-0.637302042237,6.541240004201,-3.038432608208
552.894039593,23,-0.288759030486,-0.706641962332,6.541309381670,-3.038177826925
552.894039593,24,0.247322295012,0.350955367274,6.541467960641,-3.037360416408
552.894039593,25,0.074787261056,0.096445748190,6.541623321158,-3.037631213177
552.894039593,26,-0.666964389691,0.162147253369,6.542288717044,-3.038191267023
552.894039593,27,-0.845280824069,-0.117233342714,6.542425697405,-3.038227343812
552.894039593,28,-0.132330170724,0.949257192593,6.541466806181,-3.038125844653
552.894039593,29,0.336207924789,0.715889821861,6.540576391185,-3.038197263154
552.894039593,30,-0.957374541242,-0.023591530897,6.541253936579,-3.037816970851
552.894039593,31,-0.500041272675,-0.783995520852,6.541895917133,-3.037790118776
552.894039593,32,0.062162390311,0.462902484850,6.541448605677,-3.037217057201
552.894039593,33,0.183465045254,0.912396847818,6.540827723771,-3.038645279719
552.894039593,34,0.820746316452,-0.239013431427,6.540465890629,-3.038013875191
552.894039593,35,-0.082811411792,-0.520583864882,6.541079582654,-3.038715995904
552.894039593,36,0.872076003773,0.191120372610,6.539891771760,-3.037873015402
552.894039593,37,0.923975088394,-0.107199574961,6.541134983468,-3.038251399138
552.894039593,38,0.546429670468,0.029197788783,6.540341936930,-3.037815256446
552.894039593,39,-0.068147332166,0.722771073819,6.541488591629,-3.038233985180
552.894039593,40,0.232099646494,-0.132727392503,6.541466441556,-3.038298712837
552.894039593,41,0.668337563064,0.369544736060,6.539733476446,-3.037943965917
552.894039593,42,0.298260481154,-0.385936633415,6.540755896251,-3.038074878595
552.894039593,43,0.537461705994,0.689998957023,6.539938282328,-3.038299484577
552.894039593,44,0.179214366316,0.376183262628,6.541509414161,-3.037247219030
552.894039593,45,0.120873073829,-0.546014611777,6.540885056432,-3.038199414424
552.894039593,46,0.095259620052,-0.073485247346,6.541581596518,-3.038223187460
552.894039593,47,-0.174958397984,0.044062235320,6.541092704885,-3.037648617494
552.894039593,48,0.684267941530,0.168757891635,6.539730248251,-3.037810044790
552.894039593,49,-0.272985766685,0.627527932138,6.541855600627,-3.038204195425
552.894039593,50,0.355689383773,0.034283890732,6.541316392057,-3.037931146791
552.894039593,51,-0.296168935074,0.412124334160,6.541610521576,-3.037606375528
552.894039593,52,-0.030427507013,-0.047489747423,6.541373275180,-3.038074749118
552.894039593,53,-0.058928234127,0.614487763132,6.541474189957,-3.037775266064
552.894039593,54,-0.438225237114,-0.619541544687,6.541455520582,-3.038350207062
552.894039593,55,0.586987722233,-0.287652890184,6.539866451371,-3.037566918382
552.894039593,56,-0.893234633679,0.192961748815,6.541120271366,-3.037486427879
552.894039593,57,0.209042374797,0.756830586690,6.540872972142,-3.038258790122
552.894039593,58,0.456200181097,-0.240759852921,6.540417970752,-3.037841178354
552.894039593,59,0.848956400642,-0.300491499258,6.541073060578,-3.038359621927
552.894039593,60,0.467692217422,0.529859170031,6.540438841144,-3.037911037520
552.894039593,61,0.703567742313,-0.513617321535,6.540701949260,-3.038188295597
552.894039593,62,-0.196934932099,0.726158191337,6.541742412619,-3.038373627698
552.894039593,63,0.458251820794,0.476912602367,6.540573900002,-3.037816288407
552.894039593,64,0.463991791557,0.425283507540,6.540634164583,-3.037771530782
552.894039593,65,0.008848738853,-0.148852234584,6.541401507084,-3.038448837483
552.894039593,66,0.582006729594,0.361412444273,6.540124800266,-3.037880357120
552.894039593,67,0.065178954920,-0.786962582334,6.540720867644,-3.037365898966
552.894039593,68,0.063401758864,0.970615082298,6.541124256863,-3.038507416948
552.894039593,69,-0.575734712982,0.322266381172,6.542216840544,-3.038166173126
552.894039593,70,0.433947541588,0.545280601369,6.540551129248,-3.037882779801
552.894039593,71,-0.413660120771,-0.589915628258,6.541346021041,-3.038452493473
552.894039593,72,-0.616857948277,0.167562679736,6.542135537205,-3.038122314072
552.894039593,73,-0.597695444839,0.470697221227,6.542213133033,-3.038160976344
552.894039593,74,0.089333121815,-0.249740398459,6.541391961887,-3.038639843712
552.894039593,75,-0.675800707668,0.177980995385,6.542321522599,-3.038203121061
552.894039593,76,-0.280378025304,-0.729063091391,6.541321913077,-3.038082547620
552.894039593,77,0.172188714929,-0.845121384045,6.540497099982,-3.037144578528
552.894039593,78,-0.492107000221,-0.433198592759,6.541291190513,-3.038490583072
552.894039593,79,0.534162287256,-0.132184657187,6.540221133871,-3.037775511790
552.894039593,80,-0.072858359156,-0.024118308782,6.541281071539,-3.037954943349
552.894039593,81,0.168274031647,0.853324569211,6.540889714334,-3.038559937162
552.894039593,82,-0.268937337411,-0.072447765630,6.540896748838,-3.038014376482
552.894039593,83,0.023934690090,0.699582138329,6.541322797726,-3.038053348236
552.894039593,84,0.477787905658,0.275825694940,6.540745819555,-3.037749684312
552.894039593,85,0.036645124562,-0.916231028192,6.540756235745,-3.037082722751
552.894039593,86,-0.088683785592,0.970881583111,6.541394264797,-3.038143403920
552.894039593,87,-0.219830174021,0.520143512239,6.541641608452,-3.037723538192
552.894039593,88,0.944965954322,-0.069337104770,6.541284490967,-3.038271718172
552.894039593,89,-0.471210637956,0.339837586631,6.541932732908,-3.037963021437
552.894039593,90,-0.840595559603,0.324824900045,6.541022179908,-3.037238891186
552.894039593,91,0.784840104461,-0.427632562475,6.541027571339,-3.038409840861
552.894039593,92,0.201640674574,-0.783981004469,6.540437180215,-3.037202854540
552.894039593,93,0.303634251820,-0.369472185553,6.540775593223,-3.038089841672
552.894039593,94,-0.363735584074,0.073286353576,6.541083161369,-3.037657281426
552.894039593,95,0.152060898489,0.633441885320,6.541167152895,-3.037756968851
552.894039593,96,0.356639909075,0.156034381706,6.541352488034,-3.037739001832
552.894039593,97,0.819425997097,0.449237113415,6.539617098003,-3.037988665812
552.894039593,98,0.275899061299,0.320946203377,6.541456035830,-3.037424723807
552.894039593,99,-0.021108112823,0.172768947399,6.541457565984,-3.037316847734
552.989974904,0,-0.769463129821,-0.300463567000,6.290219127058,-3.049869973802
552.989974904,1,-0.209167276947,0.100349733717,6.288929334178,-3.049147669649
552.989974904,2,0.296023683601,-0.364321083002,6.288701421699,-3.049768135577
552.989974904,3,0.228179259258,0.363738967315,6.289356169814,-3.049004597221
552.989974904,4,-0.268060392883,0.322567088917,6.289235713058,-3.049049231935
552.989974904,5,-0.572195141308,-0.696194819659,6.289847709090,-3.049596431072
552.989974904,6,0.872210573234,-0.403229108530,6.289832026353,-3.050638889690
552.989974904,7,-0.038958968812,0.524458383998,6.289302848069,-3.049097481957
552.989974904,8,-0.343335149645,-0.837780124264,6.289435654576,-3.049225302235
552.989974904,9,0.559014935847,0.759865116064,6.287702735055,-3.050123834311
552.989974904,10,-0.044275750974,-0.714849713650,6.288855218480,-3.049521486505
552.989974904,11,-0.132643416332,0.476833645177,6.289334424998,-3.049078934883
552.989974904,12,0.035671008030,0.907176485191,6.289050666572,-3.050314964519
552.989974904,13,0.058461798746,0.458634038709,6.289311729956,-3.048890412311
552.989974904,14,-0.592016356790,0.625286882581,6.289514689003,-3.049265818855
552.989974904,15,-0.376031977856,0.698956476628,6.289824940922,-3.050008882478
552.989974904,16,-0.731729031643,-0.626082967965,6.290262988455,-3.049620911266
552.989974904,17,-0.462686668492,-0.133526160008,6.288903828713,-3.049783831306
552.989974904,18,-0.002004598931,-0.893935741652,6.288717071107,-3.048722888659
552.989974904,19,-0.200629508978,0.691312401871,6.289580221509,-3.049985816587
552.989974904,20,0.466497947957,-0.118047826618,6.288474992903,-3.049558035390
552.989974904,21,-0.392205757247,-0.109902853573,6.288756410151,-3.049740693238
552.989974904,22,-0.302712859750,-0.637302042237,6.289103405071,-3.050053986280
552.989974904,23,-0.288759030486,-0.706641962332,6.289177299302,-3.049794448668
552.989974904,24,0.247322295012,0.350955367274,6.289347856296,-3.049039777390
552.989974904,25,0.074787261056,0.096445748190,6.289490782802,-3.049300981891
552.989974904,26,-0.666964389691,0.162147253369,6.290119464116,-3.049865856846
552.989974904,27,-0.845280824069,-0.117233342714,6.290274996782,-3.049879722585
552.989974904,28,-0.132330170724,0.949257192593,6.289307007657,-3.049845255579
552.989974904,29,0.336207924789,0.715889821861,6.288446377086,-3.049898073466
552.989974904,30,-0.957374541242,-0.023591530897,6.289128126388,-3.049485096899
552.989974904,31,-0.500041272675,-0.783995520852,6.289760630283,-3.049394028999
552.989974904,32,0.062162390311,0.462902484850,6.289308233016,-3.048899653051
552.989974904,33,0.183465045254,0.912396847818,6.288683437016,-3.050358724679
552.989974904,34,0.820746316452,-0.239013431427,6.288232898289,-3.049609374348
552.989974904,35,-0.082811411792,-0.520583864882,6.288951033774,-3.050352739165
552.989974904,36,0.872076003773,0.191120372610,6.287663713255,-3.049529286444
552.989974904,37,0.923975088394,-0.107199574961,6.288881688082,-3.049860196841
552.989974904,38,0.546429670468,0.029197788783,6.288219146071,-3.049477770188
552.989974904,39,-0.068147332166,0.722771073819,6.289333510665,-3.049932763408
552.989974904,40,0.232099646494,-0.132727392503,6.289353582826,-3.049961811211
552.989974904,41,0.668337563064,0.369544736060,6.287585317395,-3.049628651465
552.989974904,42,0.298260481154,-0.385936633415,6.288642411147,-3.049717464540
552.989974904,43,0.537461705994,0.689998957023,6.287799905422,-3.050006655420
552.989974904,44,0.179214366316,0.376183262628,6.289382572033,-3.048926785352
552.989974904,45,0.120873073829,-0.546014611777,6.288768959938,-3.049833653026
552.989974904,46,0.095259620052,-0.073485247346,6.289455164644,-3.049887802377
552.989974904,47,-0.174958397984,0.044062235320,6.288935079499,-3.049313296204
552.989974904,48,0.684267941530,0.168757891635,6.287576477635,-3.049476549540
552.989974904,49,-0.272985766685,0.627527932138,6.289688091064,-3.049901572194
552.989974904,50,0.355689383773,0.034283890732,6.289207974690,-3.049600287094
552.989974904,51,-0.296168935074,0.412124334160,6.289440892423,-3.049290288177
552.989974904,52,-0.030427507013,-0.047489747423,6.289232203995,-3.049738064517
552.989974904,53,-0.058928234127,0.614487763132,6.289320722506,-3.049466757452
552.989974904,54,-0.438225237114,-0.619541544687,6.289312430825,-3.049967861484
552.989974904,55,0.586987722233,-0.287652890184,6.287713075213,-3.049189372346
552.989974904,56,-0.893234633679,0.192961748815,6.288987203331,-3.049178746203
552.989974904,57,0.209042374797,0.756830586690,6.288736552341,-3.049959659316
552.989974904,58,0.456200181097,-0.240759852921,6.288297654123,-3.049486341601
552.989974904,59,0.848956400642,-0.300491499258,6.288832308758,-3.049944718389
552.989974904,60,0.467692217422,0.529859170031,6.288316579292,-3.049603270558
552.989974904,61,0.703567742313,-0.513617321535,6.288487851320,-3.049753192055
552.989974904,62,-0.196934932099,0.726158191337,6.289579173795,-3.050075812964
552.989974904,63,0.458251820794,0.476912602367,6.288454667658,-3.049505055013
552.989974904,64,0.463991791557,0.425283507540,6.288516797365,-3.049457571777
552.989974904,65,0.008848738853,-0.148852234584,6.289267635130,-3.050109017851
552.989974904,66,0.582006729594,0.361412444273,6.287996420147,-3.049564314042
552.989974904,67,0.065178954920,-0.786962582334,6.288603016903,-3.048972124950
552.989974904,68,0.063401758864,0.970615082298,6.288972752655,-3.050225127762
552.989974904,69,-0.575734712982,0.322266381172,6.290043951700,-3.049851481282
552.989974904,70,0.433947541588,0.545280601369,6.288429609924,-3.049574938412
552.989974904,71,-0.413660120771,-0.589915628258,6.289201980917,-3.050073135186
552.989974904,72,-0.616857948277,0.167562679736,6.289963623320,-3.049796006812
552.989974904,73,-0.597695444839,0.470697221227,6.290044576346,-3.049861207688
552.989974904,74,0.089333121815,-0.249740398459,6.289269166727,-3.050296847699
552.989974904,75,-0.675800707668,0.177980995385,6.290152932736,-3.049879433857
552.989974904,76,-0.280378025304,-0.729063091391,6.289191424588,-3.049697650620
552.989974904,77,0.172188714929,-0.845121384045,6.288371530973,-3.048731082186
552.989974904,78,-0.492107000221,-0.433198592759,6.289136402813,-3.050119591710
552.989974904,79,0.534162287256,-0.132184657187,6.288093612036,-3.049424612599
552.989974904,80,-0.072858359156,-0.024118308782,6.289134834979,-3.049618347729
552.989974904,81,0.168274031647,0.853324569211,6.288747272662,-3.050267985316
552.989974904,82,-0.268937337411,-0.072447765630,6.288735173541,-3.049671979407
552.989974904,83,0.023934690090,0.699582138329,6.289175045255,-3.049749404494
552.989974904,84,0.477787905658,0.275825694940,6.288632041012,-3.049428395196
552.989974904,85,0.036645124562,-0.916231028192,6.288636416150,-3.048671050603
552.989974904,86,-0.088683785592,0.970881583111,6.289236053210,-3.049863446890
552.989974904,87,-0.219830174021,0.520143512239,6.289476453075,-3.049412306817
552.989974904,88,0.944965954322,-0.069337104770,6.289028710094,-3.049885407707
552.989974904,89,-0.471210637956,0.339837586631,6.289758198796,-3.049646289519
552.989974904,90,-0.840595559603,0.324824900045,6.288884183532,-3.048944432820
552.989974904,91,0.784840104461,-0.427632562475,6.288797926462,-3.049981027663
552.989974904,92,0.201640674574,-0.783981004469,6.288312391350,-3.048796851924
552.989974904,93,0.303634251820,-0.369472185553,6.288662420324,-3.049733788471
552.989974904,94,-0.363735584074,0.073286353576,6.288913112727,-3.049322098588
552.989974904,95,0.152060898489,0.633441885320,6.289031280729,-3.049448740583
552.989974904,96,0.356639909075,0.156034381706,6.289242990532,-3.049412757724
552.989974904,97,0.819425997097,0.449237113415,6.287415441730,-3.049680310948
552.989974904,98,0.275899061299,0.320946203377,6.289338895863,-3.049103375445
552.989974904,99,-0.021108112823,0.172768947399,6.289312660917,-3.048988078018
553.085910215,0,-0.769463129821,-0.300463567000,6.037718684584,-3.061244004185
553.085910215,1,-0.209167276947,0.100349733717,6.036418578304,-3.060553272920
553.085910215,2,0.296023683601,-0.364321083002,6.036238426858,-3.061152355603
553.085910215,3,0.228179259258,0.363738967315,6.036883762284,-3.060421877220
553.085910215,4,-0.268060392883,0.322567088917,6.036719392058,-3.060466360317
553.085910215,5,-0.572195141308,-0.696194819659,6.037358612097,-3.060943440486
553.085910215,6,0.872210573234,-0.403229108530,6.037251442826,-3.061955571137
553.085910215,7,-0.038958968812,0.524458383998,6.036802499485,-3.060521795922
553.085910215,8,-0.343335149645,-0.837780124264,6.036958529711,-3.060569415505
553.085910215,9,0.559014935847,0.759865116064,6.035209624256,-3.061574183813
553.085910215,10,-0.044275750974,-0.714849713650,6.036384937176,-3.060880186308
553.085910215,11,-0.132643416332,0.476833645177,6.036826644644,-3.060502117387
553.085910215,12,0.035671008030,0.907176485191,6.036551101898,-3.061764389610
553.085910215,13,0.058461798746,0.458634038709,6.036821071809,-3.060310797154
553.085910215,14,-0.592016356790,0.625286882581,6.037007179153,-3.060722522866
553.085910215,15,-0.376031977856,0.698956476628,6.037309131504,-3.061455532856
553.085910215,16,-0.731729031643,-0.626082967965,6.037773238042,-3.060968472080
553.085910215,17,-0.462686668492,-0.133526160008,6.036388836365,-3.061173670304
553.085910215,18,-0.002004598931,-0.893935741652,6.036248575069,-3.060057728150
553.085910215,19,-0.200629508978,0.691312401871,6.037068672272,-3.061423916496
553.085910215,20,0.466497947957,-0.118047826618,6.036010196078,-3.060952903154
553.085910215,21,-0.392205757247,-0.109902853573,6.036241894836,-3.061132984245
553.085910215,22,-0.302712859750,-0.637302042237,6.036617300110,-3.061414330053
553.085910215,23,-0.288759030486,-0.706641962332,6.036695563167,-3.061150150188
553.085910215,24,0.247322295012,0.350955367274,6.036877384402,-3.060456801734
553.085910215,25,0.074787261056,0.096445748190,6.037007434036,-3.060708979668
553.085910215,26,-0.666964389691,0.162147253369,6.037604581095,-3.061279856650
553.085910215,27,-0.845280824069,-0.117233342714,6.037779207097,-3.061271853770
553.085910215,28,-0.132330170724,0.949257192593,6.036799653876,-3.061302440641
553.085910215,29,0.336207924789,0.715889821861,6.035967504474,-3.061335449326
553.085910215,30,-0.957374541242,-0.023591530897,6.036657714007,-3.060893101423
553.085910215,31,-0.500041272675,-0.783995520852,6.037276820388,-3.060737405026
553.085910215,32,0.062162390311,0.462902484850,6.036817880619,-3.060320216219
553.085910215,33,0.183465045254,0.912396847818,6.036190712754,-3.061808842897
553.085910215,34,0.820746316452,-0.239013431427,6.035654688732,-3.060944251329
553.085910215,35,-0.082811411792,-0.520583864882,6.036471918053,-3.061728285530
553.085910215,36,0.872076003773,0.191120372610,6.035092139613,-3.060923482143
553.085910215,37,0.923975088394,-0.107199574961,6.036282126929,-3.061207224661
553.085910215,38,0.546429670468,0.029197788783,6.035748469039,-3.060878781178
553.085910215,39,-0.068147332166,0.722771073819,6.036829800139,-3.061369561996
553.085910215,40,0.232099646494,-0.132727392503,6.036889852392,-3.061363418518
553.085910215,41,0.668337563064,0.369544736060,6.035091262379,-3.061050372622
553.085910215,42,0.298260481154,-0.385936633415,6.036178806729,-3.061099402983
553.085910215,43,0.537461705994,0.689998957023,6.035314321397,-3.061449745117
553.085910215,44,0.179214366316,0.376183262628,6.036905333098,-3.060344125776
553.085910215,45,0.120873073829,-0.546014611777,6.036302174117,-3.061207152666
553.085910215,46,0.095259620052,-0.073485247346,6.036977714183,-3.061290769897
553.085910215,47,-0.174958397984,0.044062235320,6.036427875407,-3.060716561016
553.085910215,48,0.684267941530,0.168757891635,6.035077046446,-3.060881078375
553.085910215,49,-0.272985766685,0.627527932138,6.037172909010,-3.061337602932
553.085910215,50,0.355689383773,0.034283890732,6.036749368140,-3.061007669826
553.085910215,51,-0.296168935074,0.412124334160,6.036923295539,-3.060713029853
553.085910215,52,-0.030427507013,-0.047489747423,6.036740535379,-3.061139783407
553.085910215,53,-0.058928234127,0.614487763132,6.036818234617,-3.060896390992
553.085910215,54,-0.438225237114,-0.619541544687,6.036820747019,-3.061324620113
553.085910215,55,0.586987722233,-0.287652890184,6.035212931757,-3.060551809736
553.085910215,56,-0.893234633679,0.192961748815,6.036509570572,-3.060610705464
553.085910215,57,0.209042374797,0.756830586690,6.036251041214,-3.061397496728
553.085910215,58,0.456200181097,-0.240759852921,6.035828570119,-3.060870877377
553.085910215,59,0.848956400642,-0.300491499258,6.036245052347,-3.061268670213
553.085910215,60,0.467692217422,0.529859170031,6.035845853045,-3.061032193297
553.085910215,61,0.703567742313,-0.513617321535,6.035927326861,-3.061058205609
553.085910215,62,-0.196934932099,0.726158191337,6.037068022678,-3.061516365326
553.085910215,63,0.458251820794,0.476912602367,6.035986736220,-3.060930708454
553.085910215,64,0.463991791557,0.425283507540,6.036050674882,-3.060880655715
553.085910215,65,0.008848738853,-0.148852234584,6.036782916173,-3.061507628238
553.085910215,66,0.582006729594,0.361412444273,6.035520741943,-3.060985392129
553.085910215,67,0.065178954920,-0.786962582334,6.036134837327,-3.060318265555
553.085910215,68,0.063401758864,0.970615082298,6.036473137537,-3.061679863455
553.085910215,69,-0.575734712982,0.322266381172,6.037525034325,-3.061276060485
553.085910215,70,0.433947541588,0.545280601369,6.035959335240,-3.061003828859
553.085910215,71,-0.413660120771,-0.589915628258,6.036709230241,-3.061432809142
553.085910215,72,-0.616857948277,0.167562679736,6.037445766388,-3.061209042467
553.085910215,73,-0.597695444839,0.470697221227,6.037530302956,-3.061300669483
553.085910215,74,0.089333121815,-0.249740398459,6.036795334412,-3.061692409388
553.085910215,75,-0.675800707668,0.177980995385,6.037638784423,-3.061295165309
553.085910215,76,-0.280378025304,-0.729063091391,6.036711218247,-3.061051877708
553.085910215,77,0.172188714929,-0.845121384045,6.035896238520,-3.060058192139
553.085910215,78,-0.492107000221,-0.433198592759,6.036633757733,-3.061487673214
553.085910215,79,0.534162287256,-0.132184657187,6.035618229773,-3.060812872538
553.085910215,80,-0.072858359156,-0.024118308782,6.036638251633,-3.061020193876
553.085910215,81,0.168274031647,0.853324569211,6.036256122309,-3.061712929202
553.085910215,82,-0.268937337411,-0.072447765630,6.036224558461,-3.061068288932
553.085910215,83,0.023934690090,0.699582138329,6.036678205020,-3.061183226963
553.085910215,84,0.477787905658,0.275825694940,6.036169429728,-3.060844628726
553.085910215,85,0.036645124562,-0.916231028192,6.036166473372,-3.059999738041
553.085910215,86,-0.088683785592,0.970881583111,6.036730178901,-3.061321074623
553.085910215,87,-0.219830174021,0.520143512239,6.036963004990,-3.060839703023
553.085910215,88,0.944965954322,-0.069337104770,6.036426320977,-3.061237075824
553.085910215,89,-0.471210637956,0.339837586631,6.037236913257,-3.061068688589
553.085910215,90,-0.840595559603,0.324824900045,6.036401543851,-3.060389479091
553.085910215,91,0.784840104461,-0.427632562475,6.036221614167,-3.061291559647
553.085910215,92,0.201640674574,-0.783981004469,6.035837887716,-3.060131324748
553.085910215,93,0.303634251820,-0.369472185553,6.036199133008,-3.061117050897
553.085910215,94,-0.363735584074,0.073286353576,6.036395032264,-3.060725831864
553.085910215,95,0.152060898489,0.633441885320,6.036545818403,-3.060877957054
553.085910215,96,0.356639909075,0.156034381706,6.036783355020,-3.060824444960
553.085910215,97,0.819425997097,0.449237113415,6.034870125547,-3.061108585062
553.085910215,98,0.275899061299,0.320946203377,6.036871410605,-3.060519689471
553.085910215,99,-0.021108112823,0.172768947399,6.036817436960,-3.060397639561
553.181845527,0,-0.769463129821,-0.300463567000,5.784871442287,-3.072356649636
553.181845527,1,-0.209167276947,0.100349733717,5.783557667593,-3.071696491687
553.181845527,2,0.296023683601,-0.364321083002,5.783424218838,-3.072274799912
553.181845527,3,0.228179259258,0.363738967315,5.784059956092,-3.071575842538
553.181845527,4,-0.268060392883,0.322567088917,5.783853764037,-3.071621235806
553.181845527,5,-0.572195141308,-0.696194819659,5.784520681196,-3.072028895260
553.181845527,6,0.872210573234,-0.403229108530,5.784320762646,-3.073008964484
553.181845527,7,-0.038958968812,0.524458383998,5.783951790954,-3.071683277292
553.181845527,8,-0.343335149645,-0.837780124264,5.784130985738,-3.071651902683
553.181845527,9,0.559014935847,0.759865116064,5.782368616646,-3.072759180205
553.181845527,10,-0.044275750974,-0.714849713650,5.783563196002,-3.071977160161
553.181845527,11,-0.132643416332,0.476833645177,5.783968920527,-3.071662728925
553.181845527,12,0.035671008030,0.907176485191,5.783702189397,-3.072950118246
553.181845527,13,0.058461798746,0.458634038709,5.783979453399,-3.071468157202
553.181845527,14,-0.592016356790,0.625286882581,5.784153039865,-3.071917236209
553.181845527,15,-0.376031977856,0.698956476628,5.784445493011,-3.072639889028
553.181845527,16,-0.731729031643,-0.626082967965,5.784935716499,-3.072054811037
553.181845527,17,-0.462686668492,-0.133526160008,5.783525350389,-3.072301482858
553.181845527,18,-0.002004598931,-0.893935741652,5.783428883011,-3.071131635325
553.181845527,19,-0.200629508978,0.691312401871,5.784208151695,-3.072599406931
553.181845527,20,0.466497947957,-0.118047826618,5.783195432123,-3.072085667035
553.181845527,21,-0.392205757247,-0.109902853573,5.783378360596,-3.072263130217
553.181845527,22,-0.302712859750,-0.637302042237,5.783780779135,-3.072512602277
553.181845527,23,-0.288759030486,-0.706641962332,5.783863261529,-3.072243894956
553.181845527,24,0.247322295012,0.350955367274,5.784055519385,-3.071610492737
553.181845527,25,0.074787261056,0.096445748190,5.784172317080,-3.071854183296
553.181845527,26,-0.666964389691,0.162147253369,5.784743048675,-3.072432189316
553.181845527,27,-0.845280824069,-0.117233342714,5.784937255997,-3.072402662830
553.181845527,28,-0.132330170724,0.949257192593,5.783943723863,-3.072496380583
553.181845527,29,0.336207924789,0.715889821861,5.783138691452,-3.072508428377
553.181845527,30,-0.957374541242,-0.023591530897,5.783841566537,-3.072039892534
553.181845527,31,-0.500041272675,-0.783995520852,5.784443545560,-3.071819222290
553.181845527,32,0.062162390311,0.462902484850,5.783976567690,-3.071477740726
553.181845527,33,0.183465045254,0.912396847818,5.783348497860,-3.072994663904
553.181845527,34,0.820746316452,-0.239013431427,5.782730377276,-3.072017624016
553.181845527,35,-0.082811411792,-0.520583864882,5.783641318769,-3.072841589116
553.181845527,36,0.872076003773,0.191120372610,5.782176028747,-3.072054661477
553.181845527,37,0.923975088394,-0.107199574961,5.783335659451,-3.072291667666
553.181845527,38,0.546429670468,0.029197788783,5.782928764939,-3.072017282401
553.181845527,39,-0.068147332166,0.722771073819,5.783976468314,-3.072543368250
553.181845527,40,0.232099646494,-0.132727392503,5.784074248101,-3.072502501672
553.181845527,41,0.668337563064,0.369544736060,5.782250126641,-3.072208160874
553.181845527,42,0.298260481154,-0.385936633415,5.783364055747,-3.072219645119
553.181845527,43,0.537461705994,0.689998957023,5.782480376370,-3.072627804841
553.181845527,44,0.179214366316,0.376183262628,5.784076693375,-3.071498240089
553.181845527,45,0.120873073829,-0.546014611777,5.783483734758,-3.072318859274
553.181845527,46,0.095259620052,-0.073485247346,5.784148288461,-3.072431058531
553.181845527,47,-0.174958397984,0.044062235320,5.783570171503,-3.071857374837
553.181845527,48,0.684267941530,0.168757891635,5.782230779484,-3.072022649335
553.181845527,49,-0.272985766685,0.627527932138,5.784309072573,-3.072511245049
553.181845527,50,0.355689383773,0.034283890732,5.783939513949,-3.072152278109
553.181845527,51,-0.296168935074,0.412124334160,5.784056773043,-3.071873555552
553.181845527,52,-0.030427507013,-0.047489747423,5.783897339634,-3.072278872358
553.181845527,53,-0.058928234127,0.614487763132,5.783965747028,-3.072063152514
553.181845527,54,-0.438225237114,-0.619541544687,5.783979543779,-3.072419449428
553.181845527,55,0.586987722233,-0.287652890184,5.782364906167,-3.071653216214
553.181845527,56,-0.893234633679,0.192961748815,5.783686254566,-3.071781202453
553.181845527,57,0.209042374797,0.756830586690,5.783415394395,-3.072571328133
553.181845527,58,0.456200181097,-0.240759852921,5.783009624553,-3.071993752036
553.181845527,59,0.848956400642,-0.300491499258,5.783310571759,-3.072330667034
553.181845527,60,0.467692217422,0.529859170031,5.783025537710,-3.072196840131
553.181845527,61,0.703567742313,-0.513617321535,5.783019472405,-3.072102447409
553.181845527,62,-0.196934932099,0.726158191337,5.784207968974,-3.072694253417
553.181845527,63,0.458251820794,0.476912602367,5.783168986671,-3.072092277828
553.181845527,64,0.463991791557,0.425283507540,5.783234677350,-3.072039807387
553.181845527,65,0.008848738853,-0.148852234584,5.783946416567,-3.072643632239
553.181845527,66,0.582006729594,0.361412444273,5.782696600515,-3.072142617206
553.181845527,67,0.065178954920,-0.786962582334,5.783315373067,-3.071403264730
553.181845527,68,0.063401758864,0.970615082298,5.783624374075,-3.072870637514
553.181845527,69,-0.575734712982,0.322266381172,5.784659083448,-3.072438835986
553.181845527,70,0.433947541588,0.545280601369,5.783139194000,-3.072168484456
553.181845527,71,-0.413660120771,-0.589915628258,5.783866848117,-3.072530480219
553.181845527,72,-0.616857948277,0.167562679736,5.784580963984,-3.072360348600
553.181845527,73,-0.597695444839,0.470697221227,5.784669283634,-3.072478278140
553.181845527,74,0.089333121815,-0.249740398459,5.783969512984,-3.072825488169
553.181845527,75,-0.675800707668,0.177980995385,5.784778053652,-3.072449236555
553.181845527,76,-0.280378025304,-0.729063091391,5.783880381745,-3.072144192358
553.181845527,77,0.172188714929,-0.845121384045,5.783070239336,-3.071124852690
553.181845527,78,-0.492107000221,-0.433198592759,5.783782319754,-3.072593787327
553.181845527,79,0.534162287256,-0.132184657187,5.782793860029,-3.071939271730
553.181845527,80,-0.072858359156,-0.024118308782,5.783790396789,-3.072159447723
553.181845527,81,0.168274031647,0.853324569211,5.783415219804,-3.072893793890
553.181845527,82,-0.268937337411,-0.072447765630,5.783363987695,-3.072202262813
553.181845527,83,0.023934690090,0.699582138329,5.783831278372,-3.072353814929
553.181845527,84,0.477787905658,0.275825694940,5.783356864390,-3.071997396387
553.181845527,85,0.036645124562,-0.916231028192,5.783345453143,-3.071067732027
553.181845527,86,-0.088683785592,0.970881583111,5.783875617185,-3.072515275523
553.181845527,87,-0.219830174021,0.520143512239,5.784100299338,-3.072004690942
553.181845527,88,0.944965954322,-0.069337104770,5.783476742585,-3.072325916006
553.181845527,89,-0.471210637956,0.339837586631,5.784367897404,-3.072229155173
553.181845527,90,-0.840595559603,0.324824900045,5.783573153899,-3.071572923338
553.181845527,91,0.784840104461,-0.427632562475,5.783297849462,-3.072340609762
553.181845527,92,0.201640674574,-0.783981004469,5.783012677979,-3.071205216037
553.181845527,93,0.303634251820,-0.369472185553,5.783384701744,-3.072238581100
553.181845527,94,-0.363735584074,0.073286353576,5.783527985690,-3.071867432787
553.181845527,95,0.152060898489,0.633441885320,5.783709748487,-3.072043630602
553.181845527,96,0.356639909075,0.156034381706,5.783972519228,-3.071973057370
553.181845527,97,0.819425997097,0.449237113415,5.781980014421,-3.072272530517
553.181845527,98,0.275899061299,0.320946203377,5.784052545265,-3.071672668919
553.181845527,99,-0.021108112823,0.172768947399,5.783970951161,-3.071544507356
553.277780838,0,-0.769463129821,-0.300463567000,5.531676358952,-3.083206847170
553.277780838,1,-0.209167276947,0.100349733717,5.530345670222,-3.082576280138
553.277780838,2,0.296023683601,-0.364321083002,5.530257765854,-3.083134413155
553.277780838,3,0.228179259258,0.363738967315,5.530883726588,-3.082465488358
553.277780838,4,-0.268060392883,0.322567088917,5.530637875163,-3.082512808674
553.277780838,5,-0.572195141308,-0.696194819659,5.531332949114,-3.082851762041
553.277780838,6,0.872210573234,-0.403229108530,5.531039482316,-3.083798368389
553.277780838,7,-0.038958968812,0.524458383998,5.530749744741,-3.082580903817
553.277780838,8,-0.343335149645,-0.837780124264,5.530952093214,-3.082471727547
553.277780838,9,0.559014935847,0.759865116064,5.529178542885,-3.083677873198
553.277780838,10,-0.044275750974,-0.714849713650,5.530389059408,-3.082811351450
553.277780838,11,-0.132643416332,0.476833645177,5.530760286135,-3.082559735450
553.277780838,12,0.035671008030,0.907176485191,5.530502896343,-3.083871149903
553.277780838,13,0.058461798746,0.458634038709,5.530785889107,-3.082361478182
553.277780838,14,-0.592016356790,0.625286882581,5.530951213214,-3.082848861326
553.277780838,15,-0.376031977856,0.698956476628,5.531233011266,-3.083560884314
553.277780838,16,-0.731729031643,-0.626082967965,5.531749403274,-3.082878890735
553.277780838,17,-0.462686668492,-0.133526160008,5.530312423185,-3.083166211985
553.277780838,18,-0.002004598931,-0.893935741652,5.530257042555,-3.081943551607
553.277780838,19,-0.200629508978,0.691312401871,5.530997666271,-3.083511247560
553.277780838,20,0.466497947957,-0.118047826618,5.530029590654,-3.082955294032
553.277780838,21,-0.392205757247,-0.109902853573,5.530164872073,-3.083130076818
553.277780838,22,-0.302712859750,-0.637302042237,5.530592923956,-3.083347759408
553.277780838,23,-0.288759030486,-0.706641962332,5.530679474699,-3.083074640250
553.277780838,24,0.247322295012,0.350955367274,5.530881230521,-3.082499846102
553.277780838,25,0.074787261056,0.096445748190,5.530984468745,-3.082735562176
553.277780838,26,-0.666964389691,0.162147253369,5.531533837007,-3.083321769831
553.277780838,27,-0.845280824069,-0.117233342714,5.531748059371,-3.083271067623
553.277780838,28,-0.132330170724,0.949257192593,5.530738188735,-3.083426047792
553.277780838,29,0.336207924789,0.715889821861,5.529958849897,-3.083416040773
553.277780838,30,-0.957374541242,-0.023591530897,5.530678538910,-3.082924370449
553.277780838,31,-0.500041272675,-0.783995520852,5.531259854198,-3.082638450138
553.277780838,32,0.062162390311,0.462902484850,5.530783307490,-3.082371212865
553.277780838,33,0.183465045254,0.912396847818,5.530155732450,-3.083915209475
553.277780838,34,0.820746316452,-0.239013431427,5.529459035507,-3.082828591243
553.277780838,35,-0.082811411792,-0.520583864882,5.530458312904,-3.083691597447
553.277780838,36,0.872076003773,0.191120372610,5.528914320624,-3.082921872466
553.277780838,37,0.923975088394,-0.107199574961,5.530041577203,-3.083112688939
553.277780838,38,0.546429670468,0.029197788783,5.529758884794,-3.082892258434
553.277780838,39,-0.068147332166,0.722771073819,5.530772516359,-3.083453161394
553.277780838,40,0.232099646494,-0.132727392503,5.530905763009,-3.083378020207
553.277780838,41,0.668337563064,0.369544736060,5.529060712999,-3.083101040046
553.277780838,42,0.298260481154,-0.385936633415,5.530197125577,-3.083077134430
553.277780838,43,0.537461705994,0.689998957023,5.529296907860,-3.083539878877
553.277780838,44,0.179214366316,0.376183262628,5.530895643555,-3.082388120457
553.277780838,45,0.120873073829,-0.546014611777,5.530312672245,-3.083167711776
553.277780838,46,0.095259620052,-0.073485247346,5.530965925608,-3.083307629557
553.277780838,47,-0.174958397984,0.044062235320,5.530361039738,-3.082734693252
553.277780838,48,0.684267941530,0.168757891635,5.529036487525,-3.082900271710
553.277780838,49,-0.272985766685,0.627527932138,5.531095591713,-3.083421447770
553.277780838,50,0.355689383773,0.034283890732,5.530777348648,-3.083033087416
553.277780838,51,-0.296168935074,0.412124334160,5.530840358988,-3.082770812353
553.277780838,52,-0.030427507013,-0.047489747423,5.530701681148,-3.083154290743
553.277780838,53,-0.058928234127,0.614487763132,5.530762273641,-3.082966019887
553.277780838,54,-0.438225237114,-0.619541544687,5.530787886640,-3.083251309576
553.277780838,55,0.586987722233,-0.287652890184,5.529167870843,-3.082492566802
553.277780838,56,-0.893234633679,0.192961748815,5.530516125013,-3.082689125790
553.277780838,57,0.209042374797,0.756830586690,5.530228561327,-3.083480171570
553.277780838,58,0.456200181097,-0.240759852921,5.529839716271,-3.082853923393
553.277780838,59,0.848956400642,-0.300491499258,5.530028090741,-3.083129874598
553.277780838,60,0.467692217422,0.529859170031,5.529854501954,-3.083096238049
553.277780838,61,0.703567742313,-0.513617321535,5.529763350049,-3.082885008452
553.277780838,62,-0.196934932099,0.726158191337,5.530998014563,-3.083608437647
553.277780838,63,0.458251820794,0.476912602367,5.530000293634,-3.082988784750
553.277780838,64,0.463991791557,0.425283507540,5.530067678681,-3.082934044051
553.277780838,65,0.008848738853,-0.148852234584,5.530757197037,-3.083515986351
553.277780838,66,0.582006729594,0.361412444273,5.529522822005,-3.083035007465
553.277780838,67,0.065178954920,-0.786962582334,5.530143662132,-3.082226059565
553.277780838,68,0.063401758864,0.970615082298,5.530425417660,-3.083796455415
553.277780838,69,-0.575734712982,0.322266381172,5.531445084158,-3.083338724978
553.277780838,70,0.433947541588,0.545280601369,5.529968068716,-3.083067931075
553.277780838,71,-0.413660120771,-0.589915628258,5.530673904788,-3.083365106929
553.277780838,72,-0.616857948277,0.167562679736,5.531368203482,-3.083248844932
553.277780838,73,-0.597695444839,0.470697221227,5.531460479019,-3.083392941762
553.277780838,74,0.089333121815,-0.249740398459,5.530790745283,-3.083695036359
553.277780838,75,-0.675800707668,0.177980995385,5.531569705817,-3.083340560808
553.277780838,76,-0.280378025304,-0.729063091391,5.530697994856,-3.082973551889
553.277780838,77,0.172188714929,-0.845121384045,5.529892543298,-3.081930000355
553.277780838,78,-0.492107000221,-0.433198592759,5.530581143960,-3.083436887104
553.277780838,79,0.534162287256,-0.132184657187,5.529619367219,-3.082802781424
553.277780838,80,-0.072858359156,-0.024118308782,5.530590339536,-3.083035067973
553.277780838,81,0.168274031647,0.853324569211,5.530223515118,-3.083809596654
553.277780838,82,-0.268937337411,-0.072447765630,5.530152537759,-3.083072851620
553.277780838,83,0.023934690090,0.699582138329,5.530633260072,-3.083260159721
553.277780838,84,0.477787905658,0.275825694940,5.530193217416,-3.082885701962
553.277780838,85,0.036645124562,-0.916231028192,5.530172394524,-3.081873972661
553.277780838,86,-0.088683785592,0.970881583111,5.530671335631,-3.083445029695
553.277780838,87,-0.219830174021,0.520143512239,5.530887363583,-3.082906226717
553.277780838,88,0.944965954322,-0.069337104770,5.530179320359,-3.083151099652
553.277780838,89,-0.471210637956,0.339837586631,5.531150163121,-3.083126617822
553.277780838,90,-0.840595559603,0.324824900045,5.530397895237,-3.082493650579
553.277780838,91,0.784840104461,-0.427632562475,5.530025799769,-3.083127327354
553.277780838,92,0.201640674574,-0.783981004469,5.529835764145,-3.082017460952
553.277780838,93,0.303634251820,-0.369472185553,5.530218091640,-3.083097323507
553.277780838,94,-0.363735584074,0.073286353576,5.530311030383,-3.082745845434
553.277780838,95,0.152060898489,0.633441885320,5.530522047601,-3.082944765790
553.277780838,96,0.356639909075,0.156034381706,5.530809415840,-3.082857581162
553.277780838,97,0.819425997097,0.449237113415,5.528743947355,-3.083171182610
553.277780838,98,0.275899061299,0.320946203377,5.530881259972,-3.082561309239
553.277780838,99,-0.021108112823,0.172768947399,5.530772254550,-3.082427648939
553.373716149,0,-0.769463129821,-0.300463567000,5.278132381849,-3.093793526538
553.373716149,1,-0.209167276947,0.100349733717,5.276781647072,-3.093191584964
553.373716149,2,0.296023683601,-0.364321083002,5.276738031008,-3.093730132304
553.373716149,3,0.228179259258,0.363738967315,5.277354043994,-3.093089802181
553.373716149,4,-0.268060392883,0.322567088917,5.277070763732,-3.093140021346
553.373716149,5,-0.572195141308,-0.696194819659,5.277794438250,-3.093411001134
553.373716149,6,0.872210573234,-0.403229108530,5.277407026340,-3.094323049895
553.373716149,7,-0.038958968812,0.524458383998,5.277195376497,-3.093213645308
553.373716149,8,-0.343335149645,-0.837780124264,5.277420914076,-3.093027847838
553.373716149,9,0.559014935847,0.759865116064,5.275638224574,-3.094329305767
553.373716149,10,-0.044275750974,-0.714849713650,5.276861585517,-3.093381697063
553.373716149,11,-0.132643416332,0.476833645177,5.277199767836,-3.093192094957
553.373716149,12,0.035671008030,0.907176485191,5.276952182944,-3.094526475887
553.373716149,13,0.058461798746,0.458634038709,5.277239387350,-3.092989738005
553.373716149,14,-0.592016356790,0.625286882581,5.277400631035,-3.093516292032
553.373716149,15,-0.376031977856,0.698956476628,5.277670663115,-3.094217443546
553.373716149,16,-0.731729031643,-0.626082967965,5.278213266373,-3.093439667122
553.373716149,17,-0.462686668492,-0.133526160008,5.276749097983,-3.093766793439
553.373716149,18,-0.002004598931,-0.893935741652,5.276732094732,-3.092492411808
553.373716149,19,-0.200629508978,0.691312401871,5.277436214639,-3.094158389768
553.373716149,20,0.466497947957,-0.118047826618,5.276511555079,-3.093560742865
553.373716149,21,-0.392205757247,-0.109902853573,5.276600485287,-3.093732762453
553.373716149,22,-0.302712859750,-0.637302042237,5.277052808285,-3.093918751554
553.373716149,23,-0.288759030486,-0.706641962332,5.277143274939,-3.093641337112
553.373716149,24,0.247322295012,0.350955367274,5.277353482019,-3.093123849851
553.373716149,25,0.074787261056,0.096445748190,5.277442920432,-3.093352078258
553.373716149,26,-0.666964389691,0.162147253369,5.277975905590,-3.093947505208
553.373716149,27,-0.845280824069,-0.117233342714,5.278210521251,-3.093875978315
553.373716149,28,-0.132330170724,0.949257192593,5.277182011662,-3.094090406199
553.373716149,29,0.336207924789,0.715889821861,5.276426885616,-3.094057309047
553.373716149,30,-0.957374541242,-0.023591530897,5.277167473820,-3.093545427399
553.373716149,31,-0.500041272675,-0.783995520852,5.277724784878,-3.093194051766
553.373716149,32,0.062162390311,0.462902484850,5.277237107325,-3.092999611111
553.373716149,33,0.183465045254,0.912396847818,5.276611349947,-3.094569493521
553.373716149,34,0.820746316452,-0.239013431427,5.275839694343,-3.093376233379
553.373716149,35,-0.082811411792,-0.520583864882,5.276921971099,-3.094277251411
553.373716149,36,0.872076003773,0.191120372610,5.275305919979,-3.093524152259
553.373716149,37,0.923975088394,-0.107199574961,5.276399108571,-3.093669430327
553.373716149,38,0.546429670468,0.029197788783,5.276237672091,-3.093502685441
553.373716149,39,-0.068147332166,0.722771073819,5.277216938315,-3.094097912481
553.373716149,40,0.232099646494,-0.132727392503,5.277383385467,-3.093988926235
553.373716149,41,0.668337563064,0.369544736060,5.275521812722,-3.093728026214
553.373716149,42,0.298260481154,-0.385936633415,5.276676978404,-3.093670806683
553.373716149,43,0.537461705994,0.689998957023,5.275762745249,-3.094185004464
553.373716149,44,0.179214366316,0.376183262628,5.277361169032,-3.093012751345
553.373716149,45,0.120873073829,-0.546014611777,5.276788011609,-3.093752642075
553.373716149,46,0.095259620052,-0.073485247346,5.277429658563,-3.093919436961
553.373716149,47,-0.174958397984,0.044062235320,5.276799545052,-3.093347464442
553.373716149,48,0.684267941530,0.168757891635,5.275492968344,-3.093512946020
553.373716149,49,-0.272985766685,0.627527932138,5.277531468160,-3.094067152033
553.373716149,50,0.355689383773,0.034283890732,5.277261803940,-3.093649065525
553.373716149,51,-0.296168935074,0.412124334160,5.277273079278,-3.093403739335
553.373716149,52,-0.030427507013,-0.047489747423,5.277152618356,-3.093764990664
553.373716149,53,-0.058928234127,0.614487763132,5.277206821475,-3.093603962922
553.373716149,54,-0.438225237114,-0.619541544687,5.277244831941,-3.093819154310
553.373716149,55,0.586987722233,-0.287652890184,5.275620686331,-3.093068826021
553.373716149,56,-0.893234633679,0.192961748815,5.276998039768,-3.093333355843
553.373716149,57,0.209042374797,0.756830586690,5.276689485325,-3.094123037242
553.373716149,58,0.456200181097,-0.240759852921,5.276317737569,-3.093450340748
553.373716149,59,0.848956400642,-0.300491499258,5.276396780272,-3.093665435624
553.373716149,60,0.467692217422,0.529859170031,5.276331608115,-3.093729406520
553.373716149,61,0.703567742313,-0.513617321535,5.276157989805,-3.093404960256
553.373716149,62,-0.196934932099,0.726158191337,5.277437153436,-3.094257870105
553.373716149,63,0.458251820794,0.476912602367,5.276479525664,-3.093619243252
553.373716149,64,0.463991791557,0.425283507540,5.276548546784,-3.093562375337
553.373716149,65,0.008848738853,-0.148852234584,5.277214312646,-3.094123639911
553.373716149,66,0.582006729594,0.361412444273,5.275998224401,-3.093661573372
553.373716149,67,0.065178954920,-0.786962582334,5.276618736437,-3.092785580294
553.373716149,68,0.063401758864,0.970615082298,5.276875216522,-3.094456314503
553.373716149,69,-0.575734712982,0.322266381172,5.277882011493,-3.093974636507
553.373716149,70,0.433947541588,0.545280601369,5.276444835873,-3.093701187033
553.373716149,71,-0.413660120771,-0.589915628258,5.277129461522,-3.093935641343
553.373716149,72,-0.616857948277,0.167562679736,5.277806461948,-3.093873443254
553.373716149,73,-0.597695444839,0.470697221227,5.277902839520,-3.094043560045
553.373716149,74,0.089333121815,-0.249740398459,5.277258068954,-3.094299999156
553.373716149,75,-0.675800707668,0.177980995385,5.278012695600,-3.093968043266
553.373716149,76,-0.280378025304,-0.729063091391,5.277163129353,-3.093538907407
553.373716149,77,0.172188714929,-0.845121384045,5.276362153611,-3.092472563925
553.373716149,78,-0.492107000221,-0.433198592759,5.277029275925,-3.094015918854
553.373716149,79,0.534162287256,-0.132184657187,5.276093607809,-3.093402364023
553.373716149,80,-0.072858359156,-0.024118308782,5.277037142710,-3.093646006045
553.373716149,81,0.168274031647,0.853324569211,5.276679951718,-3.094459346851
553.373716149,82,-0.268937337411,-0.072447765630,5.276589277496,-3.093678998667
553.373716149,83,0.023934690090,0.699582138329,5.277083138282,-3.093901244611
553.373716149,84,0.477787905658,0.275825694940,5.276677355295,-3.093508541466
553.373716149,85,0.036645124562,-0.916231028192,5.276646329950,-3.092417393212
553.373716149,86,-0.088683785592,0.970881583111,5.277116294022,-3.094109308839
553.373716149,87,-0.219830174021,0.520143512239,5.277323217441,-3.093543258400
553.373716149,88,0.944965954322,-0.069337104770,5.276533331294,-3.093711776791
553.373716149,89,-0.471210637956,0.339837586631,5.277582712964,-3.093759997026
553.373716149,90,-0.840595559603,0.324824900045,5.276874637871,-3.093150537425
553.373716149,91,0.784840104461,-0.427632562475,5.276404588168,-3.093650839017
553.373716149,92,0.201640674574,-0.783981004469,5.276306141744,-3.092566986846
553.373716149,93,0.303634251820,-0.369472185553,5.276698262634,-3.093692214819
553.373716149,94,-0.363735584074,0.073286353576,5.276743215292,-3.093360006339
553.373716149,95,0.152060898489,0.633441885320,5.276981686448,-3.093580359304
553.373716149,96,0.356639909075,0.156034381706,5.277292972673,-3.093476994864
553.373716149,97,0.819425997097,0.449237113415,5.275160739229,-3.093803569428
553.373716149,98,0.275899061299,0.320946203377,5.277356509872,-3.093184598221
553.373716149,99,-0.021108112823,0.172768947399,5.277220392101,-3.093046024310
553.469651460,0,-0.769463129821,-0.300463567000,5.024238446629,-3.104115610136
553.469651460,1,-0.209167276947,0.100349733717,5.022864651652,-3.103541345290
553.469651460,2,0.296023683601,-0.364321083002,5.022863972456,-3.104060886646
553.469651460,3,0.228179259258,0.363738967315,5.023469873450,-3.103447763737
553.469651460,4,-0.268060392883,0.322567088917,5.023151460079,-3.103501808310
553.469651460,5,-0.572195141308,-0.696194819659,5.023904160554,-3.103705566422
553.469651460,6,0.872210573234,-0.403229108530,5.023422752106,-3.104582245741
553.469651460,7,-0.038958968812,0.524458383998,5.023287695216,-3.103580463536
553.469651460,8,-0.343335149645,-0.837780124264,5.023536501540,-3.103319215209
553.469651460,9,0.559014935847,0.759865116064,5.021746474733,-3.104712513974
553.469651460,10,-0.044275750974,-0.714849713650,5.022979826096,-3.103687127364
553.469651460,11,-0.132643416332,0.476833645177,5.023286384810,-3.103558757399
553.469651460,12,0.035671008030,0.907176485191,5.023049002330,-3.104915079222
553.469651460,13,0.058461798746,0.458634038709,5.023338950557,-3.103351906678
553.469651460,14,-0.592016356790,0.625286882581,5.023500214827,-3.103918413426
553.469651460,15,-0.376031977856,0.698956476628,5.023757416343,-3.104608482966
553.469651460,16,-0.731729031643,-0.626082967965,5.024326262245,-3.103736089415
553.469651460,17,-0.462686668492,-0.133526160008,5.022834408729,-3.104102155630
553.469651460,18,-0.002004598931,-0.893935741652,5.022853073993,-3.102777144124
553.469651460,19,-0.200629508978,0.691312401871,5.023522787511,-3.104539776555
553.469651460,20,0.466497947957,-0.118047826618,5.022640202968,-3.103900963970
553.469651460,21,-0.392205757247,-0.109902853573,5.022684247534,-3.104070118194
553.469651460,22,-0.302712859750,-0.637302042237,5.023159497630,-3.104224522426
553.469651460,23,-0.288759030486,-0.706641962332,5.023253726359,-3.103942930289
553.469651460,24,0.247322295012,0.350955367274,5.023471233079,-3.103481484254
553.469651460,25,0.074787261056,0.096445748190,5.023546698111,-3.103702685970
553.469651460,26,-0.666964389691,0.162147253369,5.024068203166,-3.104308294395
553.469651460,27,-0.845280824069,-0.117233342714,5.024323533723,-3.104216297284
553.469651460,28,-0.132330170724,0.949257192593,5.023274147821,-3.104488411161
553.469651460,29,0.336207924789,0.715889821861,5.022541698491,-3.104431248002
553.469651460,30,-0.957374541242,-0.023591530897,5.023307201674,-3.103901947542
553.469651460,31,-0.500041272675,-0.783995520852,5.023837366230,-3.103484984150
553.469651460,32,0.062162390311,0.462902484850,5.023336968528,-3.103361906033
553.469651460,33,0.183465045254,0.912396847818,5.022714277135,-3.104956521941
553.469651460,34,0.820746316452,-0.239013431427,5.021871346913,-3.103659612875
553.469651460,35,-0.082811411792,-0.520583864882,5.023031357593,-3.104597485216
553.469651460,36,0.872076003773,0.191120372610,5.021349698866,-3.103860527208
553.469651460,37,0.923975088394,-0.107199574961,5.022407423179,-3.103961013116
553.469651460,38,0.546429670468,0.029197788783,5.022363963287,-3.103847531158
553.469651460,39,-0.068147332166,0.722771073819,5.023308721047,-3.104476584283
553.469651460,40,0.232099646494,-0.132727392503,5.023506099190,-3.104334164399
553.469651460,41,0.668337563064,0.369544736060,5.021632206344,-3.104088127604
553.469651460,42,0.298260481154,-0.385936633415,5.022802571398,-3.103999589931
553.469651460,43,0.537461705994,0.689998957023,5.021876710203,-3.104562211637
553.469651460,44,0.179214366316,0.376183262628,5.023472249935,-3.103371109430
553.469651460,45,0.120873073829,-0.546014611777,5.022908772561,-3.104072575040
553.469651460,46,0.095259620052,-0.073485247346,5.023538515067,-3.104265427375
553.469651460,47,-0.174958397984,0.044062235320,5.022884745290,-3.103694629117
553.469651460,48,0.684267941530,0.168757891635,5.021599007678,-3.103859664000
553.469651460,49,-0.272985766685,0.627527932138,5.023615695337,-3.104447290405
553.469651460,50,0.355689383773,0.034283890732,5.023391806866,-3.103999172470
553.469651460,51,-0.296168935074,0.412124334160,5.023353951580,-3.103771267481
553.469651460,52,-0.030427507013,-0.047489747423,5.023249203690,-3.104109916892
553.469651460,53,-0.058928234127,0.614487763132,5.023298390625,-3.103975943278
553.469651460,54,-0.438225237114,-0.619541544687,5.023349426710,-3.104121930926
553.469651460,55,0.586987722233,-0.287652890184,5.021722202164,-3.103380948027
553.469651460,56,-0.893234633679,0.192961748815,5.023130844767,-3.103712764634
553.469651460,57,0.209042374797,0.756830586690,5.022797103637,-3.104498927396
553.469651460,58,0.456200181097,-0.240759852921,5.022442574583,-3.103781944916
553.469651460,59,0.848956400642,-0.300491499258,5.022415762230,-3.103936470599
553.469651460,60,0.467692217422,0.529859170031,5.022455712490,-3.104095357375
553.469651460,61,0.703567742313,-0.513617321535,5.022202391804,-3.103661355481
553.469651460,62,-0.196934932099,0.726158191337,5.023524371627,-3.104641494454
553.469651460,63,0.458251820794,0.476912602367,5.022605545521,-3.103982659677
553.469651460,64,0.463991791557,0.425283507540,5.022676143846,-3.103923803148
553.469651460,65,0.008848738853,-0.148852234584,5.023316812760,-3.104465535042
553.469651460,66,0.582006729594,0.361412444273,5.022121618065,-3.104021317584
553.469651460,67,0.065178954920,-0.786962582334,5.022739621831,-3.103080750295
553.469651460,68,0.063401758864,0.970615082298,5.022972711735,-3.104849203867
553.469651460,69,-0.575734712982,0.322266381172,5.023968830345,-3.104345471388
553.469651460,70,0.433947541588,0.545280601369,5.022568366168,-3.104067262983
553.469651460,71,-0.413660120771,-0.589915628258,5.023232570503,-3.104241029030
553.469651460,72,-0.616857948277,0.167562679736,5.023894706029,-3.104233047337
553.469651460,73,-0.597695444839,0.470697221227,5.023995305215,-3.104429024189
553.469651460,74,0.089333121815,-0.249740398459,5.023370516440,-3.104639314585
553.469651460,75,-0.675800707668,0.177980995385,5.024105966872,-3.104330581026
553.469651460,76,-0.280378025304,-0.729063091391,5.023274848906,-3.103839203760
553.469651460,77,0.172188714929,-0.845121384045,5.022478066969,-3.102751464512
553.469651460,78,-0.492107000221,-0.433198592759,5.023125751594,-3.104329822062
553.469651460,79,0.534162287256,-0.132184657187,5.022215430852,-3.103736973112
553.469651460,80,-0.072858359156,-0.024118308782,5.023129862834,-3.103991205992
553.469651460,81,0.168274031647,0.853324569211,5.022783466604,-3.104842045800
553.469651460,82,-0.268937337411,-0.072447765630,5.022673267990,-3.104019639937
553.469651460,83,0.023934690090,0.699582138329,5.023179894535,-3.104276044721
553.469651460,84,0.477787905658,0.275825694940,5.022808138895,-3.103864903058
553.469651460,85,0.036645124562,-0.916231028192,5.022766285272,-3.102696920121
553.469651460,86,-0.088683785592,0.970881583111,5.023209444325,-3.104507076136
553.469651460,87,-0.219830174021,0.520143512239,5.023406872811,-3.103914725870
553.469651460,88,0.944965954322,-0.069337104770,5.022537988719,-3.104007076790
553.469651460,89,-0.471210637956,0.339837586631,5.023664540060,-3.104128205124
553.469651460,90,-0.840595559603,0.324824900045,5.023002240185,-3.103542451996
553.469651460,91,0.784840104461,-0.427632562475,5.022433296452,-3.103910249392
553.469651460,92,0.201640674574,-0.783981004469,5.022422800003,-3.102852713309
553.469651460,93,0.303634251820,-0.369472185553,5.022824169673,-3.104022184014
553.469651460,94,-0.363735584074,0.073286353576,5.022823580836,-3.103708844422
553.469651460,95,0.152060898489,0.633441885320,5.023087629833,-3.103949399850
553.469651460,96,0.356639909075,0.156034381706,5.023422112828,-3.103830269255
553.469651460,97,0.819425997097,0.449237113415,5.021229182528,-3.104168711697
553.469651460,98,0.275899061299,0.320946203377,5.023477245208,-3.103541515904
553.469651460,99,-0.021108112823,0.172768947399,5.023314402690,-3.103398585858
553.565586772,0,-0.769463129821,-0.300463567000,4.769993477217,-3.114172012922
553.565586772,1,-0.209167276947,0.100349733717,4.768593730011,-3.113624492589
553.565586772,2,0.296023683601,-0.364321083002,4.768634543556,-3.114125597787
553.565586772,3,0.228179259258,0.363738967315,4.769230175069,-3.113538344904
553.565586772,4,-0.268060392883,0.322567088917,4.768878986490,-3.113597096030
553.565586772,5,-0.572195141308,-0.696194819659,4.769661117414,-3.113734405291
553.565586772,6,0.872210573234,-0.403229108530,4.769085954474,-3.114575163574
553.565586772,7,-0.038958968812,0.524458383998,4.769025703190,-3.113680312149
553.565586772,8,-0.343335149645,-0.837780124264,4.769297899999,-3.113344775164
553.565586772,9,0.559014935847,0.759865116064,4.767502098257,-3.114826526789
553.565586772,10,-0.044275750974,-0.714849713650,4.768742826513,-3.113726566160
553.565586772,11,-0.132643416332,0.476833645177,4.769019148992,-3.113658664587
553.565586772,12,0.035671008030,0.907176485191,4.768792300546,-3.115035934535
553.565586772,13,0.058461798746,0.458634038709,4.769083575155,-3.113446946216
553.565586772,14,-0.592016356790,0.625286882581,4.769248875665,-3.114054101803
553.565586772,15,-0.376031977856,0.698956476628,4.769492229593,-3.114732910127
553.565586772,16,-0.731729031643,-0.626082967965,4.770087335685,-3.113767100005
553.565586772,17,-0.462686668492,-0.133526160008,4.768567379976,-3.114171219552
553.565586772,18,-0.002004598931,-0.893935741652,4.768619008208,-3.112796670136
553.565586772,19,-0.200629508978,0.691312401871,4.769256367603,-3.114654342441
553.565586772,20,0.466497947957,-0.118047826618,4.768414406396,-3.113974899500
553.565586772,21,-0.392205757247,-0.109902853573,4.768415197280,-3.114141067703
553.565586772,22,-0.302712859750,-0.637302042237,4.768912049195,-3.114264009264
553.565586772,23,-0.288759030486,-0.706641962332,4.769009884826,-3.113978358176
553.565586772,24,0.247322295012,0.350955367274,4.769233437953,-3.113571721730
553.565586772,25,0.074787261056,0.096445748190,4.769294822305,-3.113786332143
553.565586772,26,-0.666964389691,0.162147253369,4.769809667608,-3.114403028188
553.565586772,27,-0.845280824069,-0.117233342714,4.770085976832,-3.114290919039
553.565586772,28,-0.132330170724,0.949257192593,4.769013544345,-3.114619009357
553.565586772,29,0.336207924789,0.715889821861,4.768302182610,-3.114536864574
553.565586772,30,-0.957374541242,-0.023591530897,4.769096540538,-3.113992806873
553.565586772,31,-0.500041272675,-0.783995520852,4.769596616829,-3.113510197972
553.565586772,32,0.062162390311,0.462902484850,4.769081886442,-3.113457060203
553.565586772,33,0.183465045254,0.912396847818,4.768463434206,-3.115075292505
553.565586772,34,0.820746316452,-0.239013431427,4.767552951258,-3.113677774789
553.565586772,35,-0.082811411792,-0.520583864882,4.768785530167,-3.114651226338
553.565586772,36,0.872076003773,0.191120372610,4.767044499042,-3.113930012942
553.565586772,37,0.923975088394,-0.107199574961,4.768065636035,-3.113986538684
553.565586772,38,0.546429670468,0.029197788783,4.768136588283,-3.113925754877
553.565586772,39,-0.068147332166,0.722771073819,4.769046844200,-3.114588131198
553.565586772,40,0.232099646494,-0.132727392503,4.769272883323,-3.114412671826
553.565586772,41,0.668337563064,0.369544736060,4.767390664433,-3.114180344502
553.565586772,42,0.298260481154,-0.385936633415,4.768572856867,-3.114062404518
553.565586772,43,0.537461705994,0.689998957023,4.767637617077,-3.114670523068
553.565586772,44,0.179214366316,0.376183262628,4.769227861149,-3.113462163522
553.565586772,45,0.120873073829,-0.546014611777,4.768673969525,-3.114126428475
553.565586772,46,0.095259620052,-0.073485247346,4.769291517655,-3.114344540019
553.565586772,47,-0.174958397984,0.044062235320,4.768615691130,-3.113775120436
553.565586772,48,0.684267941530,0.168757891635,4.767353380132,-3.113939408579
553.565586772,49,-0.272985766685,0.627527932138,4.769347258279,-3.114560786973
553.565586772,50,0.355689383773,0.034283890732,4.769166279963,-3.114082360488
553.565586772,51,-0.296168935074,0.412124334160,4.769081985238,-3.113872319597
553.565586772,52,-0.030427507013,-0.047489747423,4.768990483532,-3.114188006800
553.565586772,53,-0.058928234127,0.614487763132,4.769035974214,-3.114080914371
553.565586772,54,-0.438225237114,-0.619541544687,4.769100708549,-3.114158580190
553.565586772,55,0.586987722233,-0.287652890184,4.767471257653,-3.113427876730
553.565586772,56,-0.893234633679,0.192961748815,4.768913373965,-3.113826215764
553.565586772,57,0.209042374797,0.756830586690,4.768550347495,-3.114606836206
553.565586772,58,0.456200181097,-0.240759852921,4.768213107648,-3.113847668240
553.565586772,59,0.848956400642,-0.300491499258,4.768084112831,-3.113942078550
553.565586772,60,0.467692217422,0.529859170031,4.768225665604,-3.114193094705
553.565586772,61,0.703567742313,-0.513617321535,4.767895528364,-3.113653228539
553.565586772,62,-0.196934932099,0.726158191337,4.769258647148,-3.114758245839
553.565586772,63,0.458251820794,0.476912602367,4.768377210427,-3.114078032569
553.565586772,64,0.463991791557,0.425283507540,4.768449326598,-3.114017321564
553.565586772,65,0.008848738853,-0.148852234584,4.769063741009,-3.114540606584
553.565586772,66,0.582006729594,0.361412444273,4.767891806226,-3.114113234854
553.565586772,67,0.065178954920,-0.786962582334,4.768505338134,-3.113110486091
553.565586772,68,0.063401758864,0.970615082298,4.768716837219,-3.114974104225
553.565586772,69,-0.575734712982,0.322266381172,4.769704495348,-3.114450122109
553.565586772,70,0.433947541588,0.545280601369,4.768337524732,-3.114165161800
553.565586772,71,-0.413660120771,-0.589915628258,4.768982274717,-3.114280208994
553.565586772,72,-0.616857948277,0.167562679736,4.769631891844,-3.114326552846
553.565586772,73,-0.597695444839,0.470697221227,4.769736805760,-3.114548216806
553.565586772,74,0.089333121815,-0.249740398459,4.769127114979,-3.114711913450
553.565586772,75,-0.675800707668,0.177980995385,4.769848452583,-3.114427062993
553.565586772,76,-0.280378025304,-0.729063091391,4.769032208989,-3.113873379482
553.565586772,77,0.172188714929,-0.845121384045,4.768239273686,-3.112765615603
553.565586772,78,-0.492107000221,-0.433198592759,4.768869597169,-3.114377529314
553.565586772,79,0.534162287256,-0.132184657187,4.767983678496,-3.113805553481
553.565586772,80,-0.072858359156,-0.024118308782,4.768867550062,-3.114069604438
553.565586772,81,0.168274031647,0.853324569211,4.768532990350,-3.114956686664
553.565586772,82,-0.268937337411,-0.072447765630,4.768403562469,-3.114093704006
553.565586772,83,0.023934690090,0.699582138329,4.768922503719,-3.114383526909
553.565586772,84,0.477787905658,0.275825694940,4.768584423756,-3.113953766982
553.565586772,85,0.036645124562,-0.916231028192,4.768531279791,-3.112711473016
553.565586772,86,-0.088683785592,0.970881583111,4.768949730648,-3.114637286134
553.565586772,87,-0.219830174021,0.520143512239,4.769137333689,-3.114019560735
553.565586772,88,0.944965954322,-0.069337104770,4.768192446773,-3.114036108984
553.565586772,89,-0.471210637956,0.339837586631,4.769394628004,-3.114230146217
553.565586772,90,-0.840595559603,0.324824900045,4.768779548865,-3.113668253835
553.565586772,91,0.784840104461,-0.427632562475,4.768110967998,-3.113904641934
553.565586772,92,0.201640674574,-0.783981004469,4.768184721994,-3.112873552227
553.565586772,93,0.303634251820,-0.369472185553,4.768594762866,-3.114086152345
553.565586772,94,-0.363735584074,0.073286353576,4.768551158804,-3.113791280896
553.565586772,95,0.152060898489,0.633441885320,4.768838836682,-3.114050868054
553.565586772,96,0.356639909075,0.156034381706,4.769195754841,-3.113916367306
553.565586772,97,0.819425997097,0.449237113415,4.766948048969,-3.114265622640
553.565586772,98,0.275899061299,0.320946203377,4.769242411399,-3.113631034505
553.565586772,99,-0.021108112823,0.172768947399,4.769053319043,-3.113484278289
553.661522083,0,-0.769463129821,-0.300463567000,4.515396385709,-3.123961642324
553.661522083,1,-0.209167276947,0.100349733717,4.513967920652,-3.123439950610
553.661522083,2,0.296023683601,-0.364321083002,4.514048692996,-3.123923179630
553.661522083,3,0.228179259258,0.363738967315,4.514633903966,-3.123360509623
553.661522083,4,-0.268060392883,0.322567088917,4.514252357116,-3.123424802863
553.661522083,5,-0.572195141308,-0.696194819659,4.515064299532,-3.123496458555
553.661522083,6,0.872210573234,-0.403229108530,4.514395870076,-3.124300983113
553.661522083,7,-0.038958968812,0.524458383998,4.514408395956,-3.123512136574
553.661522083,8,-0.343335149645,-0.837780124264,4.514704144915,-3.123103467007
553.661522083,9,0.559014935847,0.759865116064,4.512903892341,-3.124670365920
553.661522083,10,-0.044275750974,-0.714849713650,4.514149625696,-3.123498930664
553.661522083,11,-0.132643416332,0.476833645177,4.514397064994,-3.123490750109
553.661522083,12,0.035671008030,0.907176485191,4.514181016534,-3.124888007939
553.661522083,13,0.058461798746,0.458634038709,4.514472251535,-3.123273810550
553.661522083,14,-0.592016356790,0.625286882581,4.514645514108,-3.123922224559
553.661522083,15,-0.376031977856,0.698956476628,4.514874052266,-3.124589623799
553.661522083,16,-0.731729031643,-0.626082967965,4.515495419723,-3.123531634371
553.661522083,17,-0.462686668492,-0.133526160008,4.513947026766,-3.123972898692
553.661522083,18,-0.002004598931,-0.893935741652,4.514028918662,-3.122549904796
553.661522083,19,-0.200629508978,0.691312401871,4.514635929561,-3.124501013364
553.661522083,20,0.466497947957,-0.118047826618,4.513833032253,-3.123781483310
553.661522083,21,-0.392205757247,-0.109902853573,4.513792364046,-3.123944527151
553.661522083,22,-0.302712859750,-0.637302042237,4.514309511773,-3.124036142796
553.661522083,23,-0.288759030486,-0.706641962332,4.514410797856,-3.123746552767
553.661522083,24,0.247322295012,0.350955367274,4.514639045989,-3.123393526778
553.661522083,25,0.074787261056,0.096445748190,4.514686308061,-3.123601955947
553.661522083,26,-0.666964389691,0.162147253369,4.515199225822,-3.124230589139
553.661522083,27,-0.845280824069,-0.117233342714,4.515496718502,-3.124098730120
553.661522083,28,-0.132330170724,0.949257192593,4.514399140269,-3.124481138672
553.661522083,29,0.336207924789,0.715889821861,4.513707226389,-3.124373157724
553.661522083,30,-0.957374541242,-0.023591530897,4.514534296096,-3.123816873135
553.661522083,31,-0.500041272675,-0.783995520852,4.515001545077,-3.123268637554
553.661522083,32,0.062162390311,0.462902484850,4.514470850391,-3.123284028108
553.661522083,33,0.183465045254,0.912396847818,4.513857734798,-3.124924794731
553.661522083,34,0.820746316452,-0.239013431427,4.512883432868,-3.123429747270
553.661522083,35,-0.082811411792,-0.520583864882,4.514183540078,-3.124437395473
553.661522083,36,0.872076003773,0.191120372610,4.512389134222,-3.123731614429
553.661522083,37,0.923975088394,-0.107199574961,4.513372811414,-3.123745089110
553.661522083,38,0.546429670468,0.029197788783,4.513554370867,-3.123736307426
553.661522083,39,-0.068147332166,0.722771073819,4.514430280148,-3.124431499146
553.661522083,40,0.232099646494,-0.132727392503,4.514682712492,-3.124223378087
553.661522083,41,0.668337563064,0.369544736060,4.512795948312,-3.124003669164
553.661522083,42,0.298260481154,-0.385936633415,4.513986782400,-3.123858163062
553.661522083,43,0.537461705994,0.689998957023,4.513044273281,-3.124508953927
553.661522083,44,0.179214366316,0.376183262628,4.514626972327,-3.123284874473
553.661522083,45,0.120873073829,-0.546014611777,4.514082611655,-3.123913113106
553.661522083,46,0.095259620052,-0.073485247346,4.514687683634,-3.124155706642
553.661522083,47,-0.174958397984,0.044062235320,4.513991425998,-3.123587863932
553.661522083,48,0.684267941530,0.168757891635,4.512754850020,-3.123751153861
553.661522083,49,-0.272985766685,0.627527932138,4.514725133551,-3.124406557263
553.661522083,50,0.355689383773,0.034283890732,4.514584141394,-3.123897573974
553.661522083,51,-0.296168935074,0.412124334160,4.514456181177,-3.123705810214
553.661522083,52,-0.030427507013,-0.047489747423,4.514375498156,-3.123998190289
553.661522083,53,-0.058928234127,0.614487763132,4.514418558339,-3.123917821268
553.661522083,54,-0.438225237114,-0.619541544687,4.514497705518,-3.123928036273
553.661522083,55,0.586987722233,-0.287652890184,4.512866682634,-3.123208545913
553.661522083,56,-0.893234633679,0.192961748815,4.514344449283,-3.123672564320
553.661522083,57,0.209042374797,0.756830586690,4.513948142147,-3.124445749665
553.661522083,58,0.456200181097,-0.240759852921,4.513628211636,-3.123646434613
553.661522083,59,0.848956400642,-0.300491499258,4.513400865860,-3.123681337763
553.661522083,60,0.467692217422,0.529859170031,4.513640312457,-3.124021614743
553.661522083,61,0.703567742313,-0.513617321535,4.513236345927,-3.123379596151
553.661522083,62,-0.196934932099,0.726158191337,4.514638949911,-3.124607050778
553.661522083,63,0.458251820794,0.476912602367,4.513793372296,-3.123904352585
553.661522083,64,0.463991791557,0.425283507540,4.513866946554,-3.123841916754
553.661522083,65,0.008848738853,-0.148852234584,4.514454135243,-3.124347782041
553.661522083,66,0.582006729594,0.361412444273,4.513307585446,-3.123936311947
553.661522083,67,0.065178954920,-0.786962582334,4.513914899142,-3.122873697343
553.661522083,68,0.063401758864,0.970615082298,4.514106519732,-3.124829987793
553.661522083,69,-0.575734712982,0.322266381172,4.515087950779,-3.124287472742
553.661522083,70,0.433947541588,0.545280601369,4.513751171336,-3.123993878474
553.661522083,71,-0.413660120771,-0.589915628258,4.514377607832,-3.124052113602
553.661522083,72,-0.616857948277,0.167562679736,4.515016964880,-3.124152847253
553.661522083,73,-0.597695444839,0.470697221227,4.515126260283,-3.124400011828
553.661522083,74,0.089333121815,-0.249740398459,4.514526886585,-3.124516719281
553.661522083,75,-0.675800707668,0.177980995385,4.515239074659,-3.124256369794
553.661522083,76,-0.280378025304,-0.729063091391,4.514434256773,-3.123640366730
553.661522083,77,0.172188714929,-0.845121384045,4.513644757823,-3.122513923105
553.661522083,78,-0.492107000221,-0.433198592759,4.514259828982,-3.124157966228
553.661522083,79,0.534162287256,-0.132184657187,4.513397186450,-3.123607041151
553.661522083,80,-0.072858359156,-0.024118308782,4.514249248111,-3.123880130507
553.661522083,81,0.168274031647,0.853324569211,4.513927447126,-3.124802254329
553.661522083,82,-0.268937337411,-0.072447765630,4.513779206205,-3.123900111969
553.661522083,83,0.023934690090,0.699582138329,4.514309934039,-3.124222649677
553.661522083,84,0.477787905658,0.275825694940,4.514005060354,-3.123774105485
553.661522083,85,0.036645124562,-0.916231028192,4.513940326269,-3.122459964716
553.661522083,86,-0.088683785592,0.970881583111,4.514336089194,-3.124498884633
553.661522083,87,-0.219830174021,0.520143512239,4.514513596095,-3.123856686241
553.661522083,88,0.944965954322,-0.069337104770,4.513495804602,-3.123797963301
553.661522083,89,-0.471210637956,0.339837586631,4.514771950753,-3.124064716073
553.661522083,90,-0.840595559603,0.324824900045,4.514205398837,-3.123526793826
553.661522083,91,0.784840104461,-0.427632562475,4.513436610458,-3.123633079620
553.661522083,92,0.201640674574,-0.783981004469,4.513590884774,-3.122628407809
553.661522083,93,0.303634251820,-0.369472185553,4.514008987626,-3.123883033324
553.661522083,94,-0.363735584074,0.073286353576,4.513924972248,-3.123606229197
553.661522083,95,0.152060898489,0.633441885320,4.514234260049,-3.123883736363
553.661522083,96,0.356639909075,0.156034381706,4.514612812806,-3.123734244114
553.661522083,97,0.819425997097,0.449237113415,4.512316091026,-3.124093307834
553.661522083,98,0.275899061299,0.320946203377,4.514650949102,-3.123452118334
553.661522083,99,-0.021108112823,0.172768947399,4.514436167691,-3.123302038543
553.757457394,0,-0.769463129821,-0.300463567000,4.260446072271,-3.133483398147
553.757457394,1,-0.209167276947,0.100349733717,4.258986254443,-3.132986635292
553.757457394,2,0.296023683601,-0.364321083002,4.259105364920,-3.133452538366
553.757457394,3,0.228179259258,0.363738967315,4.259680010292,-3.132913213812
553.757457394,4,-0.268060392883,0.322567088917,4.259270577878,-3.132983838969
553.757457394,5,-0.572195141308,-0.696194819659,4.260112686817,-3.132990660367
553.757457394,6,0.872210573234,-0.403229108530,4.259351681350,-3.133758857217
553.757457394,7,-0.038958968812,0.524458383998,4.259434762246,-3.133074873926
553.757457394,8,-0.343335149645,-0.837780124264,4.259754262712,-3.132594223770
553.757457394,9,0.559014935847,0.759865116064,4.257950646877,-3.134243045643
553.757457394,10,-0.044275750974,-0.714849713650,4.259199256083,-3.133003131471
553.757457394,11,-0.132643416332,0.476833645177,4.259419130041,-3.133053939232
553.757457394,12,0.035671008030,0.907176485191,4.259214082107,-3.134470256923
553.757457394,13,0.058461798746,0.458634038709,4.259503964022,-3.132831445441
553.757457394,14,-0.592016356790,0.625286882581,4.259689020117,-3.133521640097
553.757457394,15,-0.376031977856,0.698956476628,4.259901824444,-3.134177513869
553.757457394,16,-0.731729031643,-0.626082967965,4.260549435535,-3.133028620978
553.757457394,17,-0.462686668492,-0.133526160008,4.258972354516,-3.133506098959
553.757457394,18,-0.002004598931,-0.893935741652,4.259081820035,-3.132035756426
553.757457394,19,-0.200629508978,0.691312401871,4.259660439888,-3.134078706584
553.757457394,20,0.466497947957,-0.118047826618,4.258894942535,-3.133319640948
553.757457394,21,-0.392205757247,-0.109902853573,4.258814768302,-3.133479405138
553.757457394,22,-0.302712859750,-0.637302042237,4.259350925644,-3.133539847158
553.757457394,23,-0.288759030486,-0.706641962332,4.259455504510,-3.133246439585
553.757457394,24,0.247322295012,0.350955367274,4.259687001675,-3.132945855883
553.757457394,25,0.074787261056,0.096445748190,4.259720164919,-3.133148488814
553.757457394,26,-0.666964389691,0.162147253369,4.260235793639,-3.133789851465
553.757457394,27,-0.845280824069,-0.117233342714,4.260554614452,-3.133638609011
553.757457394,28,-0.132330170724,0.949257192593,4.259429866473,-3.134073728093
553.757457394,29,0.336207924789,0.715889821861,4.258755712678,-3.133939118311
553.757457394,30,-0.957374541242,-0.023591530897,4.259619261617,-3.133373005731
553.757457394,31,-0.500041272675,-0.783995520852,4.260051149088,-3.132759240769
553.757457394,32,0.062162390311,0.462902484850,4.259502843649,-3.132841756062
553.757457394,33,0.183465045254,0.912396847818,4.258896086030,-3.134504009753
553.757457394,34,0.820746316452,-0.239013431427,4.257861687060,-3.132914542019
553.757457394,35,-0.082811411792,-0.520583864882,4.259224431992,-3.133954906488
553.757457394,36,0.872076003773,0.191120372610,4.257382392179,-3.133264326038
553.757457394,37,0.923975088394,-0.107199574961,4.258327966506,-3.133235727750
553.757457394,38,0.546429670468,0.029197788783,4.258616129122,-3.133278131146
553.757457394,39,-0.068147332166,0.722771073819,4.259457993940,-3.134005625464
553.757457394,40,0.232099646494,-0.132727392503,4.259734556842,-3.133765205137
553.757457394,41,0.668337563064,0.369544736060,4.257846810731,-3.133557085721
553.757457394,42,0.298260481154,-0.385936633415,4.259043290984,-3.133385770452
553.757457394,43,0.537461705994,0.689998957023,4.258095479632,-3.134076511728
553.757457394,44,0.179214366316,0.376183262628,4.259668547899,-3.132838195094
553.757457394,45,0.120873073829,-0.546014611777,4.259133702845,-3.133431532551
553.757457394,46,0.095259620052,-0.073485247346,4.259726025061,-3.133697851453
553.757457394,47,-0.174958397984,0.044062235320,4.259010985980,-3.133131777436
553.757457394,48,0.684267941530,0.168757891635,4.257802172162,-3.133293865095
553.757457394,49,-0.272985766685,0.627527932138,4.259748289162,-3.133983508128
553.757457394,50,0.355689383773,0.034283890732,4.259644305080,-3.133443749421
553.757457394,51,-0.296168935074,0.412124334160,4.259475531815,-3.133270645502
553.757457394,52,-0.030427507013,-0.047489747423,4.259403281668,-3.133539389723
553.757457394,53,-0.058928234127,0.614487763132,4.259445122017,-3.133485600598
553.757457394,54,-0.438225237114,-0.619541544687,4.259539436015,-3.133429226677
553.757457394,55,0.586987722233,-0.287652890184,4.257907298154,-3.132721879331
553.757457394,56,-0.893234633679,0.192961748815,4.259422880553,-3.133250656793
553.757457394,57,0.209042374797,0.756830586690,4.258989406900,-3.134014645470
553.757457394,58,0.456200181097,-0.240759852921,4.258686756263,-3.133177159489
553.757457394,59,0.848956400642,-0.300491499258,4.258365015697,-3.133153306459
553.757457394,60,0.467692217422,0.529859170031,4.258698492755,-3.133579905758
553.757457394,61,0.703567742313,-0.513617321535,4.258223766889,-3.132839457876
553.757457394,62,-0.196934932099,0.726158191337,4.259664241662,-3.134186827074
553.757457394,63,0.458251820794,0.476912602367,4.258852877955,-3.133460602381
553.757457394,64,0.463991791557,0.425283507540,4.258927850233,-3.133396566867
553.757457394,65,0.008848738853,-0.148852234584,4.259487027481,-3.133885981505
553.757457394,66,0.582006729594,0.361412444273,4.258367746045,-3.133489527548
553.757457394,67,0.065178954920,-0.786962582334,4.258967312644,-3.132369286841
553.757457394,68,0.063401758864,0.970615082298,4.259140678866,-3.134415818174
553.757457394,69,-0.575734712982,0.322266381172,4.260118130449,-3.133856398853
553.757457394,70,0.433947541588,0.545280601369,4.258808160580,-3.133552400001
553.757457394,71,-0.413660120771,-0.589915628258,4.259417594085,-3.133555668511
553.757457394,72,-0.616857948277,0.167562679736,4.260048859880,-3.133710809740
553.757457394,73,-0.597695444839,0.470697221227,4.260162577296,-3.133983274414
553.757457394,74,0.089333121815,-0.249740398459,4.259568848027,-3.134052648288
553.757457394,75,-0.675800707668,0.177980995385,4.260276743900,-3.133817373682
553.757457394,76,-0.280378025304,-0.729063091391,4.259480031027,-3.133139091237
553.757457394,77,0.172188714929,-0.845121384045,4.258693497297,-3.131995285373
553.757457394,78,-0.492107000221,-0.433198592759,4.259295453382,-3.133670051365
553.757457394,79,0.534162287256,-0.132184657187,4.258454784424,-3.133140363376
553.757457394,80,-0.072858359156,-0.024118308782,4.259273994194,-3.133421705746
553.757457394,81,0.168274031647,0.853324569211,4.258965754724,-3.134377725291
553.757457394,82,-0.268937337411,-0.072447765630,4.258799236422,-3.133437777360
553.757457394,83,0.023934690090,0.699582138329,4.259341146989,-3.133792363067
553.757457394,84,0.477787905658,0.275825694940,4.259068894353,-3.133324882748
553.757457394,85,0.036645124562,-0.916231028192,4.258992430949,-3.131941301231
553.757457394,86,-0.088683785592,0.970881583111,4.259367448215,-3.134090808577
553.757457394,87,-0.219830174021,0.520143512239,4.259534647987,-3.133425017178
553.757457394,88,0.944965954322,-0.069337104770,4.258447110304,-3.133291710831
553.757457394,89,-0.471210637956,0.339837586631,4.259795472526,-3.133630802035
553.757457394,90,-0.840595559603,0.324824900045,4.259278613205,-3.133116914107
553.757457394,91,0.784840104461,-0.427632562475,4.258409198286,-3.133094605627
553.757457394,92,0.201640674574,-0.783981004469,4.258640259503,-3.132116176630
553.757457394,93,0.303634251820,-0.369472185553,4.259065784803,-3.133411732722
553.757457394,94,-0.363735584074,0.073286353576,4.258944035378,-3.133152594889
553.757457394,95,0.152060898489,0.633441885320,4.259272847122,-3.133446968939
553.757457394,96,0.356639909075,0.156034381706,4.259672196501,-3.133282846838
553.757457394,97,0.819425997097,0.449237113415,4.257332043365,-3.133650765086
553.757457394,98,0.275899061299,0.320946203377,4.259701794265,-3.133003723714
553.757457394,99,-0.021108112823,0.172768947399,4.259461968909,-3.132850795715
553.853392705,0,-0.769463129821,-0.300463567000,4.005141425045,-3.142736172482
553.853392705,1,-0.209167276947,0.100349733717,4.003647754528,-3.142263454682
553.853392705,2,0.296023683601,-0.364321083002,4.003803499026,-3.142712572462
553.853392705,3,0.228179259258,0.363738967315,4.004367439252,-3.142195405286
553.853392705,4,-0.268060392883,0.322567088917,4.003932646374,-3.142273106217
553.853392705,5,-0.572195141308,-0.696194819659,4.004805248264,-3.142215938141
553.853392705,6,0.872210573234,-0.403229108530,4.003952520332,-3.142947912927
553.853392705,7,-0.038958968812,0.524458383998,4.004103783927,-3.142367452915
553.853392705,8,-0.343335149645,-0.837780124264,4.004447270666,-3.141815972157
553.853392705,9,0.559014935847,0.759865116064,4.002641144823,-3.143543572644
553.853392705,10,-0.044275750974,-0.714849713650,4.003890743564,-3.142238072514
553.853392705,11,-0.132643416332,0.476833645177,4.004084333893,-3.142347148809
553.853392705,12,0.035671008030,0.907176485191,4.003890421926,-3.143781630235
553.853392705,13,0.058461798746,0.458634038709,4.004177690839,-3.142118788385
553.853392705,14,-0.592016356790,0.625286882581,4.004378272963,-3.142851197737
553.853392705,15,-0.376031977856,0.698956476628,4.004574476795,-3.143495461242
553.853392705,16,-0.731729031643,-0.626082967965,4.005248292336,-3.142256981191
553.853392705,17,-0.462686668492,-0.133526160008,4.003642358904,-3.142769718597
553.853392705,18,-0.002004598931,-0.893935741652,4.003776720386,-3.141253126695
553.853392705,19,-0.200629508978,0.691312401871,4.004328856865,-3.143386330584
553.853392705,20,0.466497947957,-0.118047826618,4.003598994618,-3.142588289643
553.853392705,21,-0.392205757247,-0.109902853573,4.003481421353,-3.142744602620
553.853392705,22,-0.302712859750,-0.637302042237,4.004035322458,-3.142774039844
553.853392705,23,-0.288759030486,-0.706641962332,4.004143035286,-3.142476937628
553.853392705,24,0.247322295012,0.350955367274,4.004376244662,-3.142227657442
553.853392705,25,0.074787261056,0.096445748190,4.004395396874,-3.142424854367
553.853392705,26,-0.666964389691,0.162147253369,4.004918275713,-3.143079680964
553.853392705,27,-0.845280824069,-0.117233342714,4.005258508121,-3.142909426045
553.853392705,28,-0.132330170724,0.949257192593,4.004104645628,-3.143395697593
553.853392705,29,0.336207924789,0.715889821861,4.003446518857,-3.143233728982
553.853392705,30,-0.957374541242,-0.023591530897,4.004350217931,-3.142660055627
553.853392705,31,-0.500041272675,-0.783995520852,4.004744416571,-3.141980938975
553.853392705,32,0.062162390311,0.462902484850,4.004176843406,-3.142129182111
553.853392705,33,0.183465045254,0.912396847818,4.003577388525,-3.143811910203
553.853392705,34,0.820746316452,-0.239013431427,4.002486581214,-3.142131154728
553.853392705,35,-0.082811411792,-0.520583864882,4.003907243908,-3.143202666370
553.853392705,36,0.872076003773,0.191120372610,4.002023036728,-3.142527131593
553.853392705,37,0.923975088394,-0.107199574961,4.002930074829,-3.142457499776
553.853392705,38,0.546429670468,0.029197788783,4.003320675812,-3.142550159873
553.853392705,39,-0.068147332166,0.722771073819,4.004128943243,-3.143309438815
553.853392705,40,0.232099646494,-0.132727392503,4.004427382078,-3.143037067278
553.853392705,41,0.668337563064,0.369544736060,4.002541996498,-3.142839570097
553.853392705,42,0.298260481154,-0.385936633415,4.003741321127,-3.142644123837
553.853392705,43,0.537461705994,0.689998957023,4.002790030675,-3.143372196187
553.853392705,44,0.179214366316,0.376183262628,4.004351547072,-3.142121070072
553.853392705,45,0.120873073829,-0.546014611777,4.003826241734,-3.142680583289
553.853392705,46,0.095259620052,-0.073485247346,4.004405548715,-3.142969891060
553.853392705,47,-0.174958397984,0.044062235320,4.003673399739,-3.142405770993
553.853392705,48,0.684267941530,0.168757891635,4.002494092621,-3.142566498655
553.853392705,49,-0.272985766685,0.627527932138,4.004415684477,-3.143290537661
553.853392705,50,0.355689383773,0.034283890732,4.004345680806,-3.142719815372
553.853392705,51,-0.296168935074,0.412124334160,4.004139020970,-3.142565723173
553.853392705,52,-0.030427507013,-0.047489747423,4.004072861946,-3.142810519858
553.853392705,53,-0.058928234127,0.614487763132,4.004114637127,-3.142783180454
553.853392705,54,-0.438225237114,-0.619541544687,4.004224908658,-3.142661072166
553.853392705,55,0.586987722233,-0.287652890184,4.002591917124,-3.141966790821
553.853392705,56,-0.893234633679,0.192961748815,4.004147465474,-3.142559330988
553.853392705,57,0.209042374797,0.756830586690,4.003673055139,-3.143312492912
553.853392705,58,0.456200181097,-0.240759852921,4.003387606373,-3.142438749891
553.853392705,59,0.848956400642,-0.300491499258,4.002975520162,-3.142357023431
553.853392705,60,0.467692217422,0.529859170031,4.003399041119,-3.142866947949
553.853392705,61,0.703567742313,-0.513617321535,4.002856691306,-3.142031796622
553.853392705,62,-0.196934932099,0.726158191337,4.004333475899,-3.143496483703
553.853392705,63,0.458251820794,0.476912602367,4.003554569337,-3.142745756523
553.853392705,64,0.463991791557,0.425283507540,4.003630879368,-3.142680241958
553.853392705,65,0.008848738853,-0.148852234584,4.004161443859,-3.143154117608
553.853392705,66,0.582006729594,0.361412444273,4.003071072509,-3.142771852182
553.853392705,67,0.065178954920,-0.786962582334,4.003661580416,-3.141596150494
553.853392705,68,0.063401758864,0.970615082298,4.003818227026,-3.143730550233
553.853392705,69,-0.575734712982,0.322266381172,4.004793957608,-3.143155767407
553.853392705,70,0.433947541588,0.545280601369,4.003507342066,-3.142839705279
553.853392705,71,-0.413660120771,-0.589915628258,4.004101248160,-3.142789792601
553.853392705,72,-0.616857948277,0.167562679736,4.004726500740,-3.142999311114
553.853392705,73,-0.597695444839,0.470697221227,4.004844654595,-3.143296860859
553.853392705,74,0.089333121815,-0.249740398459,4.004252010801,-3.143318609295
553.853392705,75,-0.675800707668,0.177980995385,4.004960359882,-3.143108938451
553.853392705,76,-0.280378025304,-0.729063091391,4.004168562015,-3.142368472246
553.853392705,77,0.172188714929,-0.845121384045,4.003384463973,-3.141208593256
553.853392705,78,-0.492107000221,-0.433198592759,4.003975466612,-3.142912696166
553.853392705,79,0.534162287256,-0.132184657187,4.003155296535,-3.142404438672
553.853392705,80,-0.072858359156,-0.024118308782,4.003940818946,-3.142693244059
553.853392705,81,0.168274031647,0.853324569211,4.003646824570,-3.143682067533
553.853392705,82,-0.268937337411,-0.072447765630,4.003462682187,-3.142705606082
553.853392705,83,0.023934690090,0.699582138329,4.004015097310,-3.143091608557
553.853392705,84,0.477787905658,0.275825694940,4.003774766824,-3.142605054808
553.853392705,85,0.036645124562,-0.916231028192,4.003686593556,-3.141154381771
553.853392705,86,-0.088683785592,0.970881583111,4.004042727964,-3.143411985934
553.853392705,87,-0.219830174021,0.520143512239,4.004199469177,-3.142723459784
553.853392705,88,0.944965954322,-0.069337104770,4.003045364616,-3.142516404373
553.853392705,89,-0.471210637956,0.339837586631,4.004464147697,-3.142927282936
553.853392705,90,-0.840595559603,0.324824900045,4.003998003196,-3.142437447982
553.853392705,91,0.784840104461,-0.427632562475,4.003027675110,-3.142288243970
553.853392705,92,0.201640674574,-0.783981004469,4.003331811555,-3.141335747663
553.853392705,93,0.303634251820,-0.369472185553,4.003764090791,-3.142671148552
553.853392705,94,-0.363735584074,0.073286353576,4.003607353461,-3.142429275585
553.853392705,95,0.152060898489,0.633441885320,4.003953539216,-3.142739521568
553.853392705,96,0.356639909075,0.156034381706,4.004372811482,-3.142561114635
553.853392705,97,0.819425997097,0.449237113415,4.001994624191,-3.142936984296
553.853392705,98,0.275899061299,0.320946203377,4.004393878177,-3.142284798898
553.853392705,99,-0.021108112823,0.172768947399,4.004129736656,-3.142129470983
553.949328016,0,-0.769463129821,-0.300463567000,3.749481320055,-3.151718849607
553.949328016,1,-0.209167276947,0.100349733717,3.747951436230,-3.151269308860
553.949328016,2,0.296023683601,-0.364321083002,3.748142030665,-3.151702172637
553.949328016,3,0.228179259258,0.363738967315,3.748695131121,-3.151206023667
553.949328016,4,-0.268060392883,0.322567088917,3.748237551784,-3.151291498099
553.949328016,5,-0.572195141308,-0.696194819659,3.749140941842,-3.151171212464
553.949328016,6,0.872210573234,-0.403229108530,3.748197472203,-3.151867252425
553.949328016,7,-0.038958968812,0.524458383998,3.748414435940,-3.151388793750
553.949328016,8,-0.343335149645,-0.837780124264,3.748782176799,-3.150767632474
553.949328016,9,0.559014935847,0.759865116064,3.746974162552,-3.152570945853
553.949328016,10,-0.044275750974,-0.714849713650,3.748223107421,-3.151202651020
553.949328016,11,-0.132643416332,0.476833645177,3.748391658770,-3.151369287194
553.949328016,12,0.035671008030,0.907176485191,3.748208953469,-3.152821067761
553.949328016,13,0.058461798746,0.458634038709,3.748492404065,-3.151134768527
553.949328016,14,-0.592016356790,0.625286882581,3.748712141144,-3.151909737619
553.949328016,15,-0.376031977856,0.698956476628,3.748890930478,-3.152542337742
553.949328016,16,-0.731729031643,-0.626082967965,3.749590887302,-3.151215629163
553.949328016,17,-0.462686668492,-0.133526160008,3.747956025752,-3.151762648096
553.949328016,18,-0.002004598931,-0.893935741652,3.748112621121,-3.150200910602
553.949328016,19,-0.200629508978,0.691312401871,3.748640130472,-3.152422784963
553.949328016,20,0.466497947957,-0.118047826618,3.747944041498,-3.151586338288
553.949328016,21,-0.392205757247,-0.109902853573,3.747791325227,-3.151739012810
553.949328016,22,-0.302712859750,-0.637302042237,3.748361725130,-3.151737631631
553.949328016,23,-0.288759030486,-0.706641962332,3.748472412015,-3.151436959304
553.949328016,24,0.247322295012,0.350955367274,3.748705709793,-3.151237871669
553.949328016,25,0.074787261056,0.096445748190,3.748711002340,-3.151429968342
553.949328016,26,-0.666964389691,0.162147253369,3.749245565423,-3.152098934909
553.949328016,27,-0.845280824069,-0.117233342714,3.749607230600,-3.151910043306
553.949328016,28,-0.132330170724,0.949257192593,3.748422392130,-3.152445958019
553.949328016,29,0.336207924789,0.715889821861,3.747778516923,-3.152255964045
553.949328016,30,-0.957374541242,-0.023591530897,3.748725933410,-3.151676865263
553.949328016,31,-0.500041272675,-0.783995520852,3.749080324721,-3.150932656930
553.949328016,32,0.062162390311,0.462902484850,3.748491820726,-3.151145235945
553.949328016,33,0.183465045254,0.912396847818,3.747900536425,-3.152847460083
553.949328016,34,0.820746316452,-0.239013431427,3.746756956867,-3.151078565482
553.949328016,35,-0.082811411792,-0.520583864882,3.748231007081,-3.152179575165
553.949328016,36,0.872076003773,0.191120372610,3.746309809579,-3.151519004422
553.949328016,37,0.923975088394,-0.107199574961,3.747178069441,-3.151409432691
553.949328016,38,0.546429670468,0.029197788783,3.747666818732,-3.151551318905
553.949328016,39,-0.068147332166,0.722771073819,3.748442078280,-3.152341859069
553.949328016,40,0.232099646494,-0.132727392503,3.748760149481,-3.152037871093
553.949328016,41,0.668337563064,0.369544736060,3.746880243065,-3.151850089911
553.949328016,42,0.298260481154,-0.385936633415,3.748079806944,-3.151632112610
553.949328016,43,0.537461705994,0.689998957023,3.747126714981,-3.152394999082
553.949328016,44,0.179214366316,0.376183262628,3.748674923821,-3.151132435878
553.949328016,45,0.120873073829,-0.546014611777,3.748159221700,-3.151659154641
553.949328016,46,0.095259620052,-0.073485247346,3.748725256060,-3.151970734408
553.949328016,47,-0.174958397984,0.044062235320,3.747977688419,-3.151408746788
553.949328016,48,0.684267941530,0.168757891635,3.746829349395,-3.151568002010
553.949328016,49,-0.272985766685,0.627527932138,3.748726270134,-3.152326535087
553.949328016,50,0.355689383773,0.034283890732,3.748687174319,-3.151724692364
553.949328016,51,-0.296168935074,0.412124334160,3.748445623758,-3.151589932391
553.949328016,52,-0.030427507013,-0.047489747423,3.748383260568,-3.151810487766
553.949328016,53,-0.058928234127,0.614487763132,3.748426068347,-3.151809480290
553.949328016,54,-0.438225237114,-0.619541544687,3.748553122167,-3.151622486684
553.949328016,55,0.586987722233,-0.287652890184,3.746919344915,-3.150942184378
553.949328016,56,-0.893234633679,0.192961748815,3.748516989577,-3.151597415941
553.949328016,57,0.209042374797,0.756830586690,3.747997994348,-3.152338252758
553.949328016,58,0.456200181097,-0.240759852921,3.747729622204,-3.151430104413
553.949328016,59,0.848956400642,-0.300491499258,3.747231303184,-3.151291508651
553.949328016,60,0.467692217422,0.529859170031,3.747740787281,-3.151881713336
553.949328016,61,0.703567742313,-0.513617321535,3.747133998501,-3.150955579112
553.949328016,62,-0.196934932099,0.726158191337,3.748645597799,-3.152534920716
553.949328016,63,0.458251820794,0.476912602367,3.747897283668,-3.151758781381
553.949328016,64,0.463991791557,0.425283507540,3.747974871091,-3.151691903877
553.949328016,65,0.008848738853,-0.148852234584,3.748476404566,-3.152151095440
553.949328016,66,0.582006729594,0.361412444273,3.747416343854,-3.151782248125
553.949328016,67,0.065178954920,-0.786962582334,3.747996698213,-3.150553177316
553.949328016,68,0.063401758864,0.970615082298,3.748138069412,-3.152773129975
553.949328016,69,-0.575734712982,0.322266381172,3.749114344832,-3.152184436672
553.949328016,70,0.433947541588,0.545280601369,3.747847560556,-3.151854764996
553.949328016,71,-0.413660120771,-0.589915628258,3.748427575076,-3.151753397905
553.949328016,72,-0.616857948277,0.167562679736,3.749048800401,-3.152017213713
553.949328016,73,-0.597695444839,0.470697221227,3.749171379168,-3.152339618496
553.949328016,74,0.089333121815,-0.249740398459,3.748575381095,-3.152313503698
553.949328016,75,-0.675800707668,0.177980995385,3.749288810854,-3.152129919334
553.949328016,76,-0.280378025304,-0.729063091391,3.748498871380,-3.151327422446
553.949328016,77,0.172188714929,-0.845121384045,3.747716623747,-3.150152730116
553.949328016,78,-0.492107000221,-0.433198592759,3.748298854688,-3.151884804857
553.949328016,79,0.534162287256,-0.132184657187,3.747497541680,-3.151398176808
553.949328016,80,-0.072858359156,-0.024118308782,3.748248746351,-3.151693651626
553.949328016,81,0.168274031647,0.853324569211,3.747969561727,-3.152714240407
553.949328016,82,-0.268937337411,-0.072447765630,3.747768564312,-3.151702496317
553.949328016,83,0.023934690090,0.699582138329,3.748330732944,-3.152119318961
553.949328016,84,0.477787905658,0.275825694940,3.748121514466,-3.151613569487
553.949328016,85,0.036645124562,-0.916231028192,3.748021807286,-3.150098098726
553.949328016,86,-0.088683785592,0.970881583111,3.748360840637,-3.152461335590
553.949328016,87,-0.219830174021,0.520143512239,3.748507031247,-3.151750911655
553.949328016,88,0.944965954322,-0.069337104770,3.747289524384,-3.151471078939
553.949328016,89,-0.471210637956,0.339837586631,3.748776920690,-3.151953028998
553.949328016,90,-0.840595559603,0.324824900045,3.748362368112,-3.151487219837
553.949328016,91,0.784840104461,-0.427632562475,3.747290955962,-3.151213000102
553.949328016,92,0.201640674574,-0.783981004469,3.747664500610,-3.150286002307
553.949328016,93,0.303634251820,-0.369472185553,3.748102837631,-3.151660171051
553.949328016,94,-0.363735584074,0.073286353576,3.747913922702,-3.151435160865
553.949328016,95,0.152060898489,0.633441885320,3.748275271766,-3.151760341545
553.949328016,96,0.356639909075,0.156034381706,3.748713559185,-3.151567978586
553.949328016,97,0.819425997097,0.449237113415,3.746302536508,-3.151950947334
553.949328016,98,0.275899061299,0.320946203377,3.748726127501,-3.151294283988
553.949328016,99,-0.021108112823,0.172768947399,3.748438478516,-3.151136977519
554.045263328,0,-0.769463129821,-0.300463567000,3.493464621120,-3.160430305893
554.045263328,1,-0.209167276947,0.100349733717,3.491896306953,-3.160003089846
554.045263328,2,0.296023683601,-0.364321083002,3.492119890914,-3.160420221852
554.045263328,3,0.228179259258,0.363738967315,3.492662021250,-3.159944000299
554.045263328,4,-0.268060392883,0.322567088917,3.492184274770,-3.160037899640
554.045263328,5,-0.572195141308,-0.696194819659,3.493118714386,-3.159855397008
554.045263328,6,0.872210573234,-0.403229108530,3.492085578622,-3.160515953947
554.045263328,7,-0.038958968812,0.524458383998,3.492365686237,-3.160137808043
554.045263328,8,-0.343335149645,-0.837780124264,3.492757979764,-3.159448118564
554.045263328,9,0.559014935847,0.759865116064,3.490948470167,-3.161324156290
554.045263328,10,-0.044275750974,-0.714849713650,3.492195360264,-3.159895757479
554.045263328,11,-0.132643416332,0.476833645177,3.492340079269,-3.160119254135
554.045263328,12,0.035671008030,0.907176485191,3.492168586991,-3.161587500425
554.045263328,13,0.058461798746,0.458634038709,3.492447069589,-3.159878306564
554.045263328,14,-0.592016356790,0.625286882581,3.492689482301,-3.160696090610
554.045263328,15,-0.376031977856,0.698956476628,3.492850097062,-3.161317006012
554.045263328,16,-0.731729031643,-0.626082967965,3.493576105475,-3.159903471740
554.045263328,17,-0.462686668492,-0.133526160008,3.491912330906,-3.160483770116
554.045263328,18,-0.002004598931,-0.893935741652,3.492088516956,-3.158877996464
554.045263328,19,-0.200629508978,0.691312401871,3.492593202306,-3.161186960341
554.045263328,20,0.466497947957,-0.118047826618,3.491928932022,-3.160312687420
554.045263328,21,-0.392205757247,-0.109902853573,3.491743472559,-3.160461521112
554.045263328,22,-0.302712859750,-0.637302042237,3.492329147725,-3.160429526516
554.045263328,23,-0.288759030486,-0.706641962332,3.492442647744,-3.160125410370
554.045263328,24,0.247322295012,0.350955367274,3.492674327112,-3.159975430521
554.045263328,25,0.074787261056,0.096445748190,3.492665974094,-3.160162738516
554.045263328,26,-0.666964389691,0.162147253369,3.493216544770,-3.160846461968
554.045263328,27,-0.845280824069,-0.117233342714,3.493599600566,-3.160639314535
554.045263328,28,-0.132330170724,0.949257192593,3.492382012040,-3.161223410987
554.045263328,29,0.336207924789,0.715889821861,3.491750573566,-3.161004789363
554.045263328,30,-0.957374541242,-0.023591530897,3.492745163963,-3.160422268462
554.045263328,31,-0.500041272675,-0.783995520852,3.493057840101,-3.159613312703
554.045263328,32,0.062162390311,0.462902484850,3.492446740500,-3.159888838806
554.045263328,33,0.183465045254,0.912396847818,3.491864417407,-3.161609614646
554.045263328,34,0.820746316452,-0.239013431427,3.490671631675,-3.159755739152
554.045263328,35,-0.082811411792,-0.520583864882,3.492194745945,-3.160884525931
554.045263328,36,0.872076003773,0.191120372610,3.490241432073,-3.160238907397
554.045263328,37,0.923975088394,-0.107199574961,3.491070845939,-3.160090536800
554.045263328,38,0.546429670468,0.029197788783,3.491653361035,-3.160280524984
554.045263328,39,-0.068147332166,0.722771073819,3.492396341768,-3.161101797214
554.045263328,40,0.232099646494,-0.132727392503,3.492731815929,-3.160766515403
554.045263328,41,0.668337563064,0.369544736060,3.490860281081,-3.160587604404
554.045263328,42,0.298260481154,-0.385936633415,3.492057678250,-3.160348618391
554.045263328,43,0.537461705994,0.689998957023,3.491104315427,-3.161143904115
554.045263328,44,0.179214366316,0.376183262628,3.492637626883,-3.159871220686
554.045263328,45,0.120873073829,-0.546014611777,3.492131630844,-3.160366128725
554.045263328,46,0.095259620052,-0.073485247346,3.492684143205,-3.160699282708
554.045263328,47,-0.174958397984,0.044062235320,3.491922865557,-3.160139599059
554.045263328,48,0.684267941530,0.168757891635,3.490806673068,-3.160297313694
554.045263328,49,-0.272985766685,0.627527932138,3.492678987948,-3.161090380673
554.045263328,50,0.355689383773,0.034283890732,3.492667687418,-3.160457292867
554.045263328,51,-0.296168935074,0.412124334160,3.492394306502,-3.160342153680
554.045263328,52,-0.030427507013,-0.047489747423,3.492333492742,-3.160538192768
554.045263328,53,-0.058928234127,0.614487763132,3.492378373086,-3.160563410826
554.045263328,54,-0.438225237114,-0.619541544687,3.492523065243,-3.160312377283
554.045263328,55,0.586987722233,-0.287652890184,3.490888379926,-3.159646954247
554.045263328,56,-0.893234633679,0.192961748815,3.492530226192,-3.160363731829
554.045263328,57,0.209042374797,0.756830586690,3.491963126122,-3.161090877150
554.045263328,58,0.456200181097,-0.240759852921,3.491711659626,-3.160150113229
554.045263328,59,0.848956400642,-0.300491499258,3.491131257296,-3.159955763835
554.045263328,60,0.467692217422,0.529859170031,3.491722556259,-3.160623165654
554.045263328,61,0.703567742313,-0.513617321535,3.491054548566,-3.159609756337
554.045263328,62,-0.196934932099,0.726158191337,3.492599544132,-3.161301029138
554.045263328,63,0.458251820794,0.476912602367,3.491879853630,-3.160498635029
554.045263328,64,0.463991791557,0.425283507540,3.491958658104,-3.160430506191
554.045263328,65,0.008848738853,-0.148852234584,3.492430923788,-3.160875812493
554.045263328,66,0.582006729594,0.361412444273,3.491402333975,-3.160519669317
554.045263328,67,0.065178954920,-0.786962582334,3.491971655755,-3.159239249412
554.045263328,68,0.063401758864,0.970615082298,3.492099103995,-3.161542494428
554.045263328,69,-0.575734712982,0.322266381172,3.493078193932,-3.160941256131
554.045263328,70,0.433947541588,0.545280601369,3.491827656115,-3.160596541532
554.045263328,71,-0.413660120771,-0.589915628258,3.492395570060,-3.160445389517
554.045263328,72,-0.616857948277,0.167562679736,3.493014660746,-3.160763371308
554.045263328,73,-0.597695444839,0.470697221227,3.493141627103,-3.161110385605
554.045263328,74,0.089333121815,-0.249740398459,3.492537959749,-3.161036225394
554.045263328,75,-0.675800707668,0.177980995385,3.493260973643,-3.160879162919
554.045263328,76,-0.280378025304,-0.729063091391,3.492469972043,-3.160014847914
554.045263328,77,0.172188714929,-0.845121384045,3.491688936615,-3.158826571857
554.045263328,78,-0.492107000221,-0.433198592759,3.492264593281,-3.160585274378
554.045263328,79,0.534162287256,-0.132184657187,3.491480333888,-3.160120478822
554.045263328,80,-0.072858359156,-0.024118308782,3.492196793660,-3.160421826831
554.045263328,81,0.168274031647,0.853324569211,3.491932864904,-3.161473194528
554.045263328,82,-0.268937337411,-0.072447765630,3.491715895249,-3.160427338453
554.045263328,83,0.023934690090,0.699582138329,3.492286994995,-3.160874418324
554.045263328,84,0.477787905658,0.275825694940,3.492107969784,-3.160349366317
554.045263328,85,0.036645124562,-0.916231028192,3.491997058802,-3.158771337672
554.045263328,86,-0.088683785592,0.970881583111,3.492320690319,-3.161237767228
554.045263328,87,-0.219830174021,0.520143512239,3.492456297459,-3.160506261640
554.045263328,88,0.944965954322,-0.069337104770,3.491178505804,-3.160154752243
554.045263328,89,-0.471210637956,0.339837586631,3.492732725876,-3.160706901736
554.045263328,90,-0.840595559603,0.324824900045,3.492370495286,-3.160265045059
554.045263328,91,0.784840104461,-0.427632562475,3.491197929362,-3.159867861480
554.045263328,92,0.201640674574,-0.783981004469,3.491637280731,-3.158965814404
554.045263328,93,0.303634251820,-0.369472185553,3.492080953096,-3.160377682666
554.045263328,94,-0.363735584074,0.073286353576,3.491862730148,-3.160169132177
554.045263328,95,0.152060898489,0.633441885320,3.492236974314,-3.160508367587
554.045263328,96,0.356639909075,0.156034381706,3.492693336999,-3.160302361641
554.045263328,97,0.819425997097,0.449237113415,3.490254469303,-3.160691627919
554.045263328,98,0.275899061299,0.320946203377,3.492697464302,-3.160031110853
554.045263328,99,-0.021108112823,0.172768947399,3.492387195624,-3.159872220414
554.141198639,0,-0.769463129821,-0.300463567000,3.237090179769,-3.168869409702
554.141198639,1,-0.209167276947,0.100349733717,3.235481366091,-3.168463681517
554.141198639,2,0.296023683601,-0.364321083002,3.235736006645,-3.168865595269
554.141198639,3,0.228179259258,0.363738967315,3.236267040063,-3.168408258166
554.141198639,4,-0.268060392883,0.322567088917,3.235771787383,-3.168511187299
554.141198639,5,-0.572195141308,-0.696194819659,3.236737501487,-3.168267398434
554.141198639,6,0.872210573234,-0.403229108530,3.235615840848,-3.168893072644
554.141198639,7,-0.038958968812,0.524458383998,3.235956495713,-3.168613398717
554.141198639,8,-0.343335149645,-0.837780124264,3.236373668734,-3.167856337731
554.141198639,9,0.559014935847,0.759865116064,3.234562831801,-3.169802186915
554.141198639,10,-0.044275750974,-0.714849713650,3.235806507959,-3.168316275594
554.141198639,11,-0.132643416332,0.476833645177,3.235928562287,-3.168595940691
554.141198639,12,0.035671008030,0.907176485191,3.235768225491,-3.170079850058
554.141198639,13,0.058461798746,0.458634038709,3.236040647058,-3.168348314657
554.141198639,14,-0.592016356790,0.625286882581,3.236309143139,-3.169209078213
554.141198639,15,-0.376031977856,0.698956476628,3.236450878425,-3.169818319411
554.141198639,16,-0.731729031643,-0.626082967965,3.237202819693,-3.168319408351
554.141198639,17,-0.462686668492,-0.133526160008,3.235510240125,-3.168931959391
554.141198639,18,-0.002004598931,-0.893935741652,3.235703395880,-3.167283265886
554.141198639,19,-0.200629508978,0.691312401871,3.236187005498,-3.169677738255
554.141198639,20,0.466497947957,-0.118047826618,3.235552511089,-3.168766229197
554.141198639,21,-0.392205757247,-0.109902853573,3.235336846475,-3.168911005027
554.141198639,22,-0.302712859750,-0.637302042237,3.235936595344,-3.168848621649
554.141198639,23,-0.288759030486,-0.706641962332,3.236052746629,-3.168541189854
554.141198639,24,0.247322295012,0.350955367274,3.236281021878,-3.168439257603
554.141198639,25,0.074787261056,0.096445748190,3.236259299232,-3.168622064632
554.141198639,26,-0.666964389691,0.162147253369,3.236830084287,-3.169321102097
554.141198639,27,-0.845280824069,-0.117233342714,3.237234424226,-3.169096085030
554.141198639,28,-0.132330170724,0.949257192593,3.235982403012,-3.169726948765
554.141198639,29,0.336207924789,0.715889821861,3.235361550232,-3.169479162231
554.141198639,30,-0.957374541242,-0.023591530897,3.236406653045,-3.168895090331
554.141198639,31,-0.500041272675,-0.783995520852,3.236675918538,-3.168021817595
554.141198639,32,0.062162390311,0.462902484850,3.236040561403,-3.168358903392
554.141198639,33,0.183465045254,0.912396847818,3.235467912684,-3.170097320271
554.141198639,34,0.820746316452,-0.239013431427,3.234229401255,-3.168161625743
554.141198639,35,-0.082811411792,-0.520583864882,3.235797478021,-3.169316404674
554.141198639,36,0.872076003773,0.191120372610,3.233816606820,-3.168685792981
554.141198639,37,0.923975088394,-0.107199574961,3.234607265280,-3.168499805671
554.141198639,38,0.546429670468,0.029197788783,3.235279101535,-3.168736686254
554.141198639,39,-0.068147332166,0.722771073819,3.235990668852,-3.169588155247
554.141198639,40,0.232099646494,-0.132727392503,3.236341333902,-3.169221891210
554.141198639,41,0.668337563064,0.369544736060,3.234480834898,-3.169051064336
554.141198639,42,0.298260481154,-0.385936633415,3.235673860628,-3.168792515004
554.141198639,43,0.537461705994,0.689998957023,3.234721609452,-3.169617886775
554.141198639,44,0.179214366316,0.376183262628,3.236238599730,-3.168336344283
554.141198639,45,0.120873073829,-0.546014611777,3.235742451973,-3.168800380431
554.141198639,46,0.095259620052,-0.073485247346,3.236281200858,-3.169154429371
554.141198639,47,-0.174958397984,0.044062235320,3.235507936985,-3.168597214022
554.141198639,48,0.684267941530,0.168757891635,3.234424787407,-3.168753363279
554.141198639,49,-0.272985766685,0.627527932138,3.236272770824,-3.169580945621
554.141198639,50,0.355689383773,0.034283890732,3.236286118025,-3.168916521233
554.141198639,51,-0.296168935074,0.412124334160,3.235984026629,-3.168821258820
554.141198639,52,-0.030427507013,-0.047489747423,3.235922567234,-3.168992526352
554.141198639,53,-0.058928234127,0.614487763132,3.235970501422,-3.169043873949
554.141198639,54,-0.438225237114,-0.619541544687,3.236133716450,-3.168729644043
554.141198639,55,0.586987722233,-0.287652890184,3.234497814104,-3.168079984992
554.141198639,56,-0.893234633679,0.192961748815,3.236185936431,-3.168857089883
554.141198639,57,0.209042374797,0.756830586690,3.235567346169,-3.169569309481
554.141198639,58,0.456200181097,-0.240759852921,3.235332570361,-3.168597658084
554.141198639,59,0.848956400642,-0.300491499258,3.234674245986,-3.168348772979
554.141198639,60,0.467692217422,0.529859170031,3.235343168523,-3.169090260252
554.141198639,61,0.703567742313,-0.513617321535,3.234617183777,-3.167993263973
554.141198639,62,-0.196934932099,0.726158191337,3.236194243185,-3.169793690862
554.141198639,63,0.458251820794,0.476912602367,3.235501107511,-3.168964267156
554.141198639,64,0.463991791557,0.425283507540,3.235581068838,-3.168894994078
554.141198639,65,0.008848738853,-0.148852234584,3.236024009634,-3.169327158588
554.141198639,66,0.582006729594,0.361412444273,3.235027811970,-3.168983061279
554.141198639,67,0.065178954920,-0.786962582334,3.235585436700,-3.167653241949
554.141198639,68,0.063401758864,0.970615082298,3.235700221488,-3.170037571523
554.141198639,69,-0.575734712982,0.322266381172,3.236684395846,-3.169425066383
554.141198639,70,0.433947541588,0.545280601369,3.235446464237,-3.169063988851
554.141198639,71,-0.413660120771,-0.589915628258,3.236004218433,-3.168864665537
554.141198639,72,-0.616857948277,0.167562679736,3.236622972502,-3.169236629016
554.141198639,73,-0.597695444839,0.470697221227,3.236754263495,-3.169607991313
554.141198639,74,0.089333121815,-0.249740398459,3.236138742213,-3.169485660735
554.141198639,75,-0.675800707668,0.177980995385,3.236875713562,-3.169355507049
554.141198639,76,-0.280378025304,-0.729063091391,3.236080868087,-3.168429648047
554.141198639,77,0.172188714929,-0.845121384045,3.235300356729,-3.167228986942
554.141198639,78,-0.492107000221,-0.433198592759,3.235871647596,-3.169012994291
554.141198639,79,0.534162287256,-0.132184657187,3.235102482639,-3.168570237016
554.141198639,80,-0.072858359156,-0.024118308782,3.235783971312,-3.168876660183
554.141198639,81,0.168274031647,0.853324569211,3.235535626446,-3.169957871637
554.141198639,82,-0.268937337411,-0.072447765630,3.235303678978,-3.168879014997
554.141198639,83,0.023934690090,0.699582138329,3.235882817670,-3.169355821819
554.141198639,84,0.477787905658,0.275825694940,3.235732961273,-3.168811376464
554.141198639,85,0.036645124562,-0.916231028192,3.235611328205,-3.167172977351
554.141198639,86,-0.088683785592,0.970881583111,3.235921172924,-3.169740181218
554.141198639,87,-0.219830174021,0.520143512239,3.236046222662,-3.168988389752
554.141198639,88,0.944965954322,-0.069337104770,3.234711187468,-3.168566425142
554.141198639,89,-0.471210637956,0.339837586631,3.236330487466,-3.169187753872
554.141198639,90,-0.840595559603,0.324824900045,3.236021160047,-3.168769729943
554.141198639,91,0.784840104461,-0.427632562475,3.234747459279,-3.168251798100
554.141198639,92,0.201640674574,-0.783981004469,3.235249100436,-3.167374050263
554.141198639,93,0.303634251820,-0.369472185553,3.235697360768,-3.168822558029
554.141198639,94,-0.363735584074,0.073286353576,3.235452753565,-3.168630062761
554.141198639,95,0.152060898489,0.633441885320,3.235837570483,-3.168982529719
554.141198639,96,0.356639909075,0.156034381706,3.236311038336,-3.168763178540
554.141198639,97,0.819425997097,0.449237113415,3.233849098661,-3.169157991501
554.141198639,98,0.275899061299,0.320946203377,3.236306806071,-3.168494203044
554.141198639,99,-0.021108112823,0.172768947399,3.235974882600,-3.168334096593
554.237133950,0,-0.769463129821,-0.300463567000,2.980356835167,-3.177035021288
554.237133950,1,-0.209167276947,0.100349733717,2.978705604920,-3.176649959528
554.237133950,2,0.296023683601,-0.364321083002,2.978989300585,-3.177037160242
554.237133950,3,0.228179259258,0.363738967315,2.979509113054,-3.176597711799
554.237133950,4,-0.268060392883,0.322567088917,2.978999052954,-3.176710228884
554.237133950,5,-0.572195141308,-0.696194819659,2.979996227386,-3.176406116303
554.237133950,6,0.872210573234,-0.403229108530,2.978787222671,-3.176997641389
554.237133950,7,-0.038958968812,0.524458383998,2.979185818134,-3.176814459909
554.237133950,8,-0.343335149645,-0.837780124264,2.979628223292,-3.175991190667
554.237133950,9,0.559014935847,0.759865116064,2.977816005896,-3.178004012475
554.237133950,10,-0.044275750974,-0.714849713650,2.979055549554,-3.176463082239
554.237133950,11,-0.132643416332,0.476833645177,2.979156066929,-3.176798229129
554.237133950,12,0.035671008030,0.907176485191,2.979006764662,-3.178297029297
554.237133950,13,0.058461798746,0.458634038709,2.979272089825,-3.176543696335
554.237133950,14,-0.592016356790,0.625286882581,2.979569959348,-3.177447512473
554.237133950,15,-0.376031977856,0.698956476628,2.979692166667,-3.178045121915
554.237133950,16,-0.731729031643,-0.626082967965,2.980469890507,-3.176462330902
554.237133950,17,-0.462686668492,-0.133526160008,2.978748708957,-3.177106082646
554.237133950,18,-0.002004598931,-0.893935741652,2.978956239101,-3.175415593738
554.237133950,19,-0.200629508978,0.691312401871,2.979420464627,-3.177893991054
554.237133950,20,0.466497947957,-0.118047826618,2.978813619841,-3.176945847374
554.237133950,21,-0.392205757247,-0.109902853573,2.978570420481,-3.177086334066
554.237133950,22,-0.302712859750,-0.637302042237,2.979183064006,-3.176993807254
554.237133950,23,-0.288759030486,-0.706641962332,2.979301703816,-3.176683189999
554.237133950,24,0.247322295012,0.350955367274,2.979524714558,-3.176628268089
554.237133950,25,0.074787261056,0.096445748190,2.979489959112,-3.176806838317
554.237133950,26,-0.666964389691,0.162147253369,2.980085042943,-3.177521686455
554.237133950,27,-0.845280824069,-0.117233342714,2.980510495267,-3.177279191545
554.237133950,28,-0.132330170724,0.949257192593,2.979222454233,-3.177955454163
554.237133950,29,0.336207924789,0.715889821861,2.978610303180,-3.177678031263
554.237133950,30,-0.957374541242,-0.023591530897,2.979709131674,-3.177094147172
554.237133950,31,-0.500041272675,-0.783995520852,2.979933505005,-3.176157076043
554.237133950,32,0.062162390311,0.462902484850,2.979272235834,-3.176554333769
554.237133950,33,0.183465045254,0.912396847818,2.978709897005,-3.178309514343
554.237133950,34,0.820746316452,-0.239013431427,2.977429040912,-3.176295160750
554.237133950,35,-0.082811411792,-0.520583864882,2.979038213835,-3.177474090292
554.237133950,36,0.872076003773,0.191120372610,2.977034019219,-3.176858603252
554.237133950,37,0.923975088394,-0.107199574961,2.977786156421,-3.176636216551
554.237133950,38,0.546429670468,0.029197788783,2.978542834984,-3.176918702237
554.237133950,39,-0.068147332166,0.722771073819,2.979223987034,-3.177799826066
554.237133950,40,0.232099646494,-0.132727392503,2.979587651483,-3.177402881638
554.237133950,41,0.668337563064,0.369544736060,2.977740623053,-3.177239411915
554.237133950,42,0.298260481154,-0.385936633415,2.978927275488,-3.176962668458
554.237133950,43,0.537461705994,0.689998957023,2.977977369295,-3.177815914208
554.237133950,44,0.179214366316,0.376183262628,2.979476780551,-3.176526717979
554.237133950,45,0.120873073829,-0.546014611777,2.978990662570,-3.176960777383
554.237133950,46,0.095259620052,-0.073485247346,2.979515414275,-3.177335059938
554.237133950,47,-0.174958397984,0.044062235320,2.978731900730,-3.176780469779
554.237133950,48,0.684267941530,0.168757891635,2.977682409930,-3.176935071334
554.237133950,49,-0.272985766685,0.627527932138,2.979506542667,-3.177797091967
554.237133950,50,0.355689383773,0.034283890732,2.979541360246,-3.177101273635
554.237133950,51,-0.296168935074,0.412124334160,2.979213732573,-3.177026110760
554.237133950,52,-0.030427507013,-0.047489747423,2.979149486284,-3.177172372108
554.237133950,53,-0.058928234127,0.614487763132,2.979201396022,-3.177249762611
554.237133950,54,-0.438225237114,-0.619541544687,2.979384044096,-3.176873179988
554.237133950,55,0.586987722233,-0.287652890184,2.977746433431,-3.176240151572
554.237133950,56,-0.893234633679,0.192961748815,2.979482869174,-3.177076292309
554.237133950,57,0.209042374797,0.756830586690,2.978809544312,-3.177772484295
554.237133950,58,0.456200181097,-0.240759852921,2.978591202183,-3.176771612289
554.237133950,59,0.848956400642,-0.300491499258,2.977859105890,-3.176469502865
554.237133950,60,0.467692217422,0.529859170031,2.978601440134,-3.177281943986
554.237133950,61,0.703567742313,-0.513617321535,2.977820729910,-3.176105022779
554.237133950,62,-0.196934932099,0.726158191337,2.979428614674,-3.178011778547
554.237133950,63,0.458251820794,0.476912602367,2.978759869343,-3.177154618957
554.237133950,64,0.463991791557,0.425283507540,2.978840927588,-3.177084304249
554.237133950,65,0.008848738853,-0.148852234584,2.979254664068,-3.177504015804
554.237133950,66,0.582006729594,0.361412444273,2.978291542427,-3.177171361030
554.237133950,67,0.065178954920,-0.786962582334,2.978837018616,-3.175794023144
554.237133950,68,0.063401758864,0.970615082298,2.978940305310,-3.178257279971
554.237133950,69,-0.575734712982,0.322266381172,2.979931830545,-3.177634699044
554.237133950,70,0.433947541588,0.545280601369,2.978702815969,-3.177256052394
554.237133950,71,-0.413660120771,-0.589915628258,2.979252495488,-3.177010116969
554.237133950,72,-0.616857948277,0.167562679736,2.979872615131,-3.177435823199
554.237133950,73,-0.597695444839,0.470697221227,2.980008142363,-3.177831255504
554.237133950,74,0.089333121815,-0.249740398459,2.979376718492,-3.177660688457
554.237133950,75,-0.675800707668,0.177980995385,2.980131884318,-3.177557780726
554.237133950,76,-0.280378025304,-0.729063091391,2.979330554646,-3.176570715489
554.237133950,77,0.172188714929,-0.845121384045,2.978549832446,-3.175358836408
554.237133950,78,-0.492107000221,-0.433198592759,2.979118972253,-3.177166846699
554.237133950,79,0.534162287256,-0.132184657187,2.978362793161,-3.176746334952
554.237133950,80,-0.072858359156,-0.024118308782,2.979009282845,-3.177057034243
554.237133950,81,0.168274031647,0.853324569211,2.978776732325,-3.178167204507
554.237133950,82,-0.268937337411,-0.072447765630,2.978530910905,-3.177056400496
554.237133950,83,0.023934690090,0.699582138329,2.979117128228,-3.177562435642
554.237133950,84,0.477787905658,0.275825694940,2.978995313570,-3.176998522655
554.237133950,85,0.036645124562,-0.916231028192,2.978863589009,-3.175301889660
554.237133950,86,-0.088683785592,0.970881583111,2.979161176134,-3.177967468503
554.237133950,87,-0.219830174021,0.520143512239,2.979275753205,-3.177196167061
554.237133950,88,0.944965954322,-0.069337104770,2.977886413217,-3.176705082070
554.237133950,89,-0.471210637956,0.339837586631,2.979569119409,-3.177394429229
554.237133950,90,-0.840595559603,0.324824900045,2.979313125695,-3.177000071615
554.237133950,91,0.784840104461,-0.427632562475,2.977938386961,-3.176363763004
554.237133950,92,0.201640674574,-0.783981004469,2.978498902750,-3.175509568667
554.237133950,93,0.303634251820,-0.369472185553,2.978950980096,-3.176993663933
554.237133950,94,-0.363735584074,0.073286353576,2.978682961336,-3.176816817551
554.237133950,95,0.152060898489,0.633441885320,2.979075977956,-3.177181749180
554.237133950,96,0.356639909075,0.156034381706,2.979565552694,-3.176949335747
554.237133950,97,0.819425997097,0.449237113415,2.977085088795,-3.177348995143
554.237133950,98,0.275899061299,0.320946203377,2.979553065732,-3.176682475714
554.237133950,99,-0.021108112823,0.172768947399,2.979200527471,-3.176521494730
554.333069261,0,-0.769463129821,-0.300463567000,2.723263414042,-3.184925992695
554.333069261,1,-0.209167276947,0.100349733717,2.721568006499,-3.184560791215
554.333069261,2,0.296023683601,-0.364321083002,2.721878691353,-3.184933776278
554.333069261,3,0.228179259258,0.363738967315,2.722387160768,-3.184511267193
554.333069261,4,-0.268060392883,0.322567088917,2.721865026001,-3.184633883449
554.333069261,5,-0.572195141308,-0.696194819659,2.722893804871,-3.184270442975
554.333069261,6,0.872210573234,-0.403229108530,2.721598653160,-3.184828671547
554.333069261,7,-0.038958968812,0.524458383998,2.722052600066,-3.184739876864
554.333069261,8,-0.343335149645,-0.837780124264,2.722520613321,-3.183851571379
554.333069261,9,0.559014935847,0.759865116064,2.720706745449,-3.185928599359
554.333069261,10,-0.044275750974,-0.714849713650,2.721941477197,-3.184335047405
554.333069261,11,-0.132643416332,0.476833645177,2.722021544431,-3.184724992829
554.333069261,12,0.035671008030,0.907176485191,2.721883092848,-3.186237941458
554.333069261,13,0.058461798746,0.458634038709,2.722140344891,-3.184463346402
554.333069261,14,-0.592016356790,0.625286882581,2.722470755527,-3.185410195879
554.333069261,15,-0.376031977856,0.698956476628,2.722572844018,-3.185996248013
554.333069261,16,-0.731729031643,-0.626082967965,2.723376166123,-3.184331123658
554.333069261,17,-0.462686668492,-0.133526160008,2.721626682629,-3.185004998504
554.333069261,18,-0.002004598931,-0.893935741652,2.721846020998,-3.183273848126
554.333069261,19,-0.200629508978,0.691312401871,2.722292495632,-3.185834581797
554.333069261,20,0.466497947957,-0.118047826618,2.721711095830,-3.184850417279
554.333069261,21,-0.392205757247,-0.109902853573,2.721443158340,-3.184986369663
554.333069261,22,-0.302712859750,-0.637302042237,2.722067540538,-3.184863966564
554.333069261,23,-0.288759030486,-0.706641962332,2.722188505333,-3.184550296178
554.333069261,24,0.247322295012,0.350955367274,2.722404320823,-3.184541368631
554.333069261,25,0.074787261056,0.096445748190,2.722356929290,-3.184715943007
554.333069261,26,-0.666964389691,0.162147253369,2.722980268051,-3.185447037301
554.333069261,27,-0.845280824069,-0.117233342714,2.723426594816,-3.185187462196
554.333069261,28,-0.132330170724,0.949257192593,2.722101046346,-3.185907800419
554.333069261,29,0.336207924789,0.715889821861,2.721495683527,-3.185600336280
554.333069261,30,-0.957374541242,-0.023591530897,2.722651318457,-3.185018246382
554.333069261,31,-0.500041272675,-0.783995520852,2.722829533522,-3.184017985530
554.333069261,32,0.062162390311,0.462902484850,2.722140709863,-3.184474025273
554.333069261,33,0.183465045254,0.912396847818,2.721589238645,-3.186245125127
554.333069261,34,0.820746316452,-0.239013431427,2.720269307248,-3.184155265466
554.333069261,35,-0.082811411792,-0.520583864882,2.721915956820,-3.185356454515
554.333069261,36,0.872076003773,0.191120372610,2.719892338891,-3.184756269940
554.333069261,37,0.923975088394,-0.107199574961,2.720606318788,-3.184498730770
554.333069261,38,0.546429670468,0.029197788783,2.721443352327,-3.184825463797
554.333069261,39,-0.068147332166,0.722771073819,2.722095216099,-3.185735693371
554.333069261,40,0.232099646494,-0.132727392503,2.722469712346,-3.185308361876
554.333069261,41,0.668337563064,0.369544736060,2.720638358708,-3.185151580705
554.333069261,42,0.298260481154,-0.385936633415,2.721816840123,-3.184857936922
554.333069261,43,0.537461705994,0.689998957023,2.720870362210,-3.185736945083
554.333069261,44,0.179214366316,0.376183262628,2.722351102220,-3.184441244521
554.333069261,45,0.120873073829,-0.546014611777,2.721875234759,-3.184846179894
554.333069261,46,0.095259620052,-0.073485247346,2.722385763205,-3.185240052014
554.333069261,47,-0.174958397984,0.044062235320,2.721593746918,-3.184688236241
554.333069261,48,0.684267941530,0.168757891635,2.720578252423,-3.184841349400
554.333069261,49,-0.272985766685,0.627527932138,2.722379218280,-3.185737672485
554.333069261,50,0.355689383773,0.034283890732,2.722432304427,-3.185010438004
554.333069261,51,-0.296168935074,0.412124334160,2.722082363672,-3.184955563518
554.333069261,52,-0.030427507013,-0.047489747423,2.722013245528,-3.185076605642
554.333069261,53,-0.058928234127,0.614487763132,2.722069992077,-3.185179960729
554.333069261,54,-0.438225237114,-0.619541544687,2.722273006116,-3.184741871004
554.333069261,55,0.586987722233,-0.287652890184,2.720633018369,-3.184126319392
554.333069261,56,-0.893234633679,0.192961748815,2.722419761071,-3.185020132189
554.333069261,57,0.209042374797,0.756830586690,2.721688604477,-3.185699327164
554.333069261,58,0.456200181097,-0.240759852921,2.721486399101,-3.184670840717
554.333069261,59,0.848956400642,-0.300491499258,2.720684648857,-3.184316903531
554.333069261,60,0.467692217422,0.529859170031,2.721496182884,-3.185197155114
554.333069261,61,0.703567742313,-0.513617321535,2.720663997481,-3.183943938974
554.333069261,62,-0.196934932099,0.726158191337,2.722301569660,-3.185954155511
554.333069261,63,0.458251820794,0.476912602367,2.721654959022,-3.185068623046
554.333069261,64,0.463991791557,0.425283507540,2.721737054648,-3.184997364844
554.333069261,65,0.008848738853,-0.148852234584,2.722121882831,-3.185405258412
554.333069261,66,0.582006729594,0.361412444273,2.721192285704,-3.185083497000
554.333069261,67,0.065178954920,-0.786962582334,2.721725372938,-3.183660454230
554.333069261,68,0.063401758864,0.970615082298,2.721818231548,-3.186200529146
554.333069261,69,-0.575734712982,0.322266381172,2.722819366934,-3.185568976654
554.333069261,70,0.433947541588,0.545280601369,2.721595538004,-3.185171668981
554.333069261,71,-0.413660120771,-0.589915628258,2.722139366372,-3.184880627655
554.333069261,72,-0.616857948277,0.167562679736,2.722762456741,-3.185359781368
554.333069261,73,-0.597695444839,0.470697221227,2.722902106559,-3.185778988721
554.333069261,74,0.089333121815,-0.249740398459,2.722250873089,-3.185560179625
554.333069261,75,-0.675800707668,0.177980995385,2.723028327926,-3.185484804019
554.333069261,76,-0.280378025304,-0.729063091391,2.722218017792,-3.184436936069
554.333069261,77,0.172188714929,-0.845121384045,2.721436306358,-3.183214973882
554.333069261,78,-0.492107000221,-0.433198592759,2.722005511168,-3.185045706155
554.333069261,79,0.534162287256,-0.132184657187,2.721260066701,-3.184647647447
554.333069261,80,-0.072858359156,-0.024118308782,2.721871724809,-3.184961823538
554.333069261,81,0.168274031647,0.853324569211,2.721655062121,-3.186100116809
554.333069261,82,-0.268937337411,-0.072447765630,2.721396577745,-3.184958361455
554.333069261,83,0.023934690090,0.699582138329,2.721988846923,-3.185493156913
554.333069261,84,0.477787905658,0.275825694940,2.721893847596,-3.184909719101
554.333069261,85,0.036645124562,-0.916231028192,2.721752808109,-3.183156939627
554.333069261,86,-0.088683785592,0.970881583111,2.722039579333,-3.185918510486
554.333069261,87,-0.219830174021,0.520143512239,2.722143826842,-3.185128455607
554.333069261,88,0.944965954322,-0.069337104770,2.720702994809,-3.184569691433
554.333069261,89,-0.471210637956,0.339837586631,2.722447525283,-3.185325762640
554.333069261,90,-0.840595559603,0.324824900045,2.722245143476,-3.184954857942
554.333069261,91,0.784840104461,-0.427632562475,2.720769532664,-3.184202692752
554.333069261,92,0.201640674574,-0.783981004469,2.721385625253,-3.183371220892
554.333069261,93,0.303634251820,-0.369472185553,2.721840726450,-3.184889859312
554.333069261,94,-0.363735584074,0.073286353576,2.721552312344,-3.184728253090
554.333069261,95,0.152060898489,0.633441885320,2.721951108443,-3.185104938319
554.333069261,96,0.356639909075,0.156034381706,2.722455765699,-3.184859731382
554.333069261,97,0.819425997097,0.449237113415,2.719961093026,-3.185263587409
554.333069261,98,0.275899061299,0.320946203377,2.722435151651,-3.184594835528
554.333069261,99,-0.021108112823,0.172768947399,2.722063111597,-3.184433295167
554.429004573,0,-0.769463129821,-0.300463567000,2.465808730622,-3.192541167643
554.429004573,1,-0.209167276947,0.100349733717,2.464067545566,-3.192195035511
554.429004573,2,0.296023683601,-0.364321083002,2.464403093500,-3.192554295011
554.429004573,3,0.228179259258,0.363738967315,2.464900098784,-3.192147821715
554.429004573,4,-0.268060392883,0.322567088917,2.464368652117,-3.192281001204
554.429004573,5,-0.572195141308,-0.696194819659,2.465429135181,-3.191859263509
554.429004573,6,0.872210573234,-0.403229108530,2.464049029227,-3.192385153688
554.429004573,7,-0.038958968812,0.524458383998,2.464555780795,-3.192388525849
554.429004573,8,-0.343335149645,-0.837780124264,2.465049798885,-3.191436367104
554.429004573,9,0.559014935847,0.759865116064,2.463233798256,-3.193574905450
554.429004573,10,-0.044275750974,-0.714849713650,2.464463276057,-3.191931034157
554.429004573,11,-0.132643416332,0.476833645177,2.464523938061,-3.192375096187
554.429004573,12,0.035671008030,0.907176485191,2.464396090991,-3.193901480431
554.429004573,13,0.058461798746,0.458634038709,2.464644352842,-3.192106150844
554.429004573,14,-0.592016356790,0.625286882581,2.465010345111,-3.193095921274
554.429004573,15,-0.376031977856,0.698956476628,2.465091782746,-3.193670522609
554.429004573,16,-0.731729031643,-0.626082967965,2.465920482339,-3.191924663131
554.429004573,17,-0.462686668492,-0.133526160008,2.464143095925,-3.192627557398
554.429004573,18,-0.002004598931,-0.893935741652,2.464371709058,-3.190856890354
554.429004573,19,-0.200629508978,0.691312401871,2.464802005728,-3.193498364152
554.429004573,20,0.466497947957,-0.118047826618,2.464243773171,-3.192478805778
554.429004573,21,-0.392205757247,-0.109902853573,2.463954013959,-3.192609965091
554.429004573,22,-0.302712859750,-0.637302042237,2.464589002449,-3.192457975739
554.429004573,23,-0.288759030486,-0.706641962332,2.464712127968,-3.192141386838
554.429004573,24,0.247322295012,0.350955367274,2.464918751535,-3.192177457276
554.429004573,25,0.074787261056,0.096445748190,2.464859179460,-3.192348253865
554.429004573,26,-0.666964389691,0.162147253369,2.465514595188,-3.193095967901
554.429004573,27,-0.845280824069,-0.117233342714,2.465981491405,-3.192819716350
554.429004573,28,-0.132330170724,0.949257192593,2.464617051378,-3.193582851090
554.429004573,29,0.336207924789,0.715889821861,2.464016537288,-3.193245008196
554.429004573,30,-0.957374541242,-0.023591530897,2.465231919642,-3.192666186361
554.429004573,31,-0.500041272675,-0.783995520852,2.465362927048,-3.191603436487
554.429004573,32,0.062162390311,0.462902484850,2.464644923165,-3.192116864414
554.429004573,33,0.183465045254,0.912396847818,2.464104799395,-3.193903071652
554.429004573,34,0.820746316452,-0.239013431427,2.462748939681,-3.191740847284
554.429004573,35,-0.082811411792,-0.520583864882,2.464429703224,-3.192962361839
554.429004573,36,0.872076003773,0.191120372610,2.462390221019,-3.192377714451
554.429004573,37,0.923975088394,-0.107199574961,2.463066524597,-3.192086294117
554.429004573,38,0.546429670468,0.029197788783,2.463979440932,-3.192455853102
554.429004573,39,-0.068147332166,0.722771073819,2.464603268047,-3.193394631556
554.429004573,40,0.232099646494,-0.132727392503,2.464986455746,-3.192937199121
554.429004573,41,0.668337563064,0.369544736060,2.463172750060,-3.192786495540
554.429004573,42,0.298260481154,-0.385936633415,2.464341467737,-3.192477170691
554.429004573,43,0.537461705994,0.689998957023,2.463399350669,-3.193379929457
554.429004573,44,0.179214366316,0.376183262628,2.464860492261,-3.192078818004
554.429004573,45,0.120873073829,-0.546014611777,2.464395135266,-3.192455440932
554.429004573,46,0.095259620052,-0.073485247346,2.464891221826,-3.192868275194
554.429004573,47,-0.174958397984,0.044062235320,2.464092457669,-3.192319375037
554.429004573,48,0.684267941530,0.168757891635,2.463111021425,-3.192471099942
554.429004573,49,-0.272985766685,0.627527932138,2.464889703281,-3.193401530577
554.429004573,50,0.355689383773,0.034283890732,2.464957837192,-3.192642893970
554.429004573,51,-0.296168935074,0.412124334160,2.464588850066,-3.192608462081
554.429004573,52,-0.030427507013,-0.047489747423,2.464512833911,-3.192704094500
554.429004573,53,-0.058928234127,0.614487763132,2.464575217215,-3.192833343080
554.429004573,54,-0.438225237114,-0.619541544687,2.464799549952,-3.192334595754
554.429004573,55,0.586987722233,-0.287652890184,2.463156344281,-3.191737344368
554.429004573,56,-0.893234633679,0.192961748815,2.464995336546,-3.192687393402
554.429004573,57,0.209042374797,0.756830586690,2.464203404680,-3.193348754590
554.429004573,58,0.456200181097,-0.240759852921,2.464017001517,-3.192294199781
554.429004573,59,0.848956400642,-0.300491499258,2.463149663869,-3.191889908719
554.429004573,60,0.467692217422,0.529859170031,2.464026204406,-3.192834823195
554.429004573,61,0.703567742313,-0.513617321535,2.463145782898,-3.191508904580
554.429004573,62,-0.196934932099,0.726158191337,2.464812010463,-3.193619675632
554.429004573,63,0.458251820794,0.476912602367,2.464185192416,-3.192705203352
554.429004573,64,0.463991791557,0.425283507540,2.464268266412,-3.192633095345
554.429004573,65,0.008848738853,-0.148852234584,2.464624655365,-3.193029752799
554.429004573,66,0.582006729594,0.361412444273,2.463728798173,-3.192718388945
554.429004573,67,0.065178954920,-0.786962582334,2.464249464929,-3.191251389431
554.429004573,68,0.063401758864,0.970615082298,2.464332868920,-3.193866218966
554.429004573,69,-0.575734712982,0.322266381172,2.465345862759,-3.193226712580
554.429004573,70,0.433947541588,0.545280601369,2.464123452778,-3.192809766705
554.429004573,71,-0.413660120771,-0.589915628258,2.464663785967,-3.192475074183
554.429004573,72,-0.616857948277,0.167562679736,2.465291353985,-3.193007322088
554.429004573,73,-0.597695444839,0.470697221227,2.465434987689,-3.193449992067
554.429004573,74,0.089333121815,-0.249740398459,2.464760184951,-3.193182997572
554.429004573,75,-0.675800707668,0.177980995385,2.465563874623,-3.193135387963
554.429004573,76,-0.280378025304,-0.729063091391,2.464742234420,-3.192027188718
554.429004573,77,0.172188714929,-0.845121384045,2.463958715317,-3.190796245580
554.429004573,78,-0.492107000221,-0.433198592759,2.464530197437,-3.192648439574
554.429004573,79,0.534162287256,-0.132184657187,2.463793100775,-3.192273040563
554.429004573,80,-0.072858359156,-0.024118308782,2.464370286677,-3.192589894487
554.429004573,81,0.168274031647,0.853324569211,2.464169489005,-3.193755523004
554.429004573,82,-0.268937337411,-0.072447765630,2.463899657417,-3.192583756241
554.429004573,83,0.023934690090,0.699582138329,2.464496886938,-3.193146873562
554.429004573,84,0.477787905658,0.275825694940,2.464427380683,-3.192543871418
554.429004573,85,0.036645124562,-0.916231028192,2.464277945734,-3.190736985396
554.429004573,86,-0.088683785592,0.970881583111,2.464555253541,-3.193592178906
554.429004573,87,-0.219830174021,0.520143512239,2.464649372634,-3.192784108286
554.429004573,88,0.944965954322,-0.069337104770,2.463159714427,-3.192159205982
554.429004573,89,-0.471210637956,0.339837586631,2.464964598198,-3.192980579843
554.429004573,90,-0.840595559603,0.324824900045,2.464815952578,-3.192632867449
554.429004573,91,0.784840104461,-0.427632562475,2.463239697251,-3.191767507866
554.429004573,92,0.201640674574,-0.783981004469,2.463908200105,-3.190957850701
554.429004573,93,0.303634251820,-0.369472185553,2.464365511160,-3.192509995202
554.429004573,94,-0.363735584074,0.073286353576,2.464059755861,-3.192363217430
554.429004573,95,0.152060898489,0.633441885320,2.464461867643,-3.192751000488
554.429004573,96,0.356639909075,0.156034381706,2.464980559146,-3.192493255147
554.429004573,97,0.819425997097,0.449237113415,2.462475754687,-3.192900708253
554.429004573,98,0.275899061299,0.320946203377,2.464951967629,-3.192230180585
554.429004573,99,-0.021108112823,0.172768947399,2.464561609585,-3.192068369829
554.524939884,0,-0.769463129821,-0.300463567000,2.207991586577,-3.199879381431
554.524939884,1,-0.209167276947,0.100349733717,2.206203188431,-3.199551542859
554.524939884,2,0.296023683601,-0.364321083002,2.206561417528,-3.199897560165
554.524939884,3,0.228179259258,0.363738967315,2.207046837689,-3.199506264018
554.524939884,4,-0.268060392883,0.322567088917,2.206508867875,-3.199650423417
554.524939884,5,-0.572195141308,-0.696194819659,2.207601107910,-3.199171455556
554.524939884,6,0.872210573234,-0.403229108530,2.206137218046,-3.199666058270
554.524939884,7,-0.038958968812,0.524458383998,2.206694292249,-3.199759274046
554.524939884,8,-0.343335149645,-0.837780124264,2.207214730128,-3.198744458227
554.524939884,9,0.559014935847,0.759865116064,2.205395907117,-3.200941879985
554.524939884,10,-0.044275750974,-0.714849713650,2.206619924233,-3.199249898579
554.524939884,11,-0.132643416332,0.476833645177,2.206662183035,-3.199747394515
554.524939884,12,0.035671008030,0.907176485191,2.206544632576,-3.201286530554
554.524939884,13,0.058461798746,0.458634038709,2.206783047781,-3.199470986729
554.524939884,14,-0.592016356790,0.625286882581,2.207187530304,-3.200503471758
554.524939884,15,-0.376031977856,0.698956476628,2.207247845066,-3.201066760912
554.524939884,16,-0.731729031643,-0.626082967965,2.208101662497,-3.199241817955
554.524939884,17,-0.462686668492,-0.133526160008,2.206296873073,-3.199972601473
554.524939884,18,-0.002004598931,-0.893935741652,2.206532263815,-3.198163574893
554.524939884,19,-0.200629508978,0.691312401871,2.206947893310,-3.200884182283
554.524939884,20,0.466497947957,-0.118047826618,2.206410482676,-3.199829871245
554.524939884,21,-0.392205757247,-0.109902853573,2.206101931273,-3.199955965361
554.524939884,22,-0.302712859750,-0.637302042237,2.206746417819,-3.199774703792
554.524939884,23,-0.288759030486,-0.706641962332,2.206871539160,-3.199455333402
554.524939884,24,0.247322295012,0.350955367274,2.207066912728,-3.199535423374
554.524939884,25,0.074787261056,0.096445748190,2.206995673381,-3.199702637703
554.524939884,26,-0.666964389691,0.162147253369,2.207686848108,-3.200467282425
554.524939884,27,-0.845280824069,-0.117233342714,2.208173940951,-3.200174764523
554.524939884,28,-0.132330170724,0.949257192593,2.206769332671,-3.200979459934
554.524939884,29,0.336207924789,0.715889821861,2.206171705402,-3.200610968900
554.524939884,30,-0.957374541242,-0.023591530897,2.207449629171,-3.200036756414
554.524939884,31,-0.500041272675,-0.783995520852,2.207532597383,-3.198912312199
554.524939884,32,0.062162390311,0.462902484850,2.206783808961,-3.199481728786
554.524939884,33,0.183465045254,0.912396847818,2.206255434538,-3.201282263584
554.524939884,34,0.820746316452,-0.239013431427,2.204866661851,-3.199050799979
554.524939884,35,-0.082811411792,-0.520583864882,2.206578442013,-3.200290669465
554.524939884,36,0.872076003773,0.191120372610,2.204526307596,-3.199721847879
554.524939884,37,0.923975088394,-0.107199574961,2.205165521023,-3.199397837181
554.524939884,38,0.546429670468,0.029197788783,2.206149884805,-3.199808743582
554.524939884,39,-0.068147332166,0.722771073819,2.206747047007,-3.200775505600
554.524939884,40,0.232099646494,-0.132727392503,2.207136816490,-3.200288252515
554.524939884,41,0.668337563064,0.369544736060,2.205342500720,-3.200143072444
554.524939884,42,0.298260481154,-0.385936633415,2.206500067479,-3.199819212163
554.524939884,43,0.537461705994,0.689998957023,2.205563092538,-3.200743808663
554.524939884,44,0.179214366316,0.376183262628,2.207003872808,-3.199438323778
554.524939884,45,0.120873073829,-0.546014611777,2.206549325370,-3.199787406075
554.524939884,46,0.095259620052,-0.073485247346,2.207030758685,-3.200218590989
554.524939884,47,-0.174958397984,0.044062235320,2.206227006992,-3.199672739428
554.524939884,48,0.684267941530,0.168757891635,2.205279418682,-3.199823216320
554.524939884,49,-0.272985766685,0.627527932138,2.207036893998,-3.200787500175
554.524939884,50,0.355689383773,0.034283890732,2.207116841480,-3.199997512799
554.524939884,51,-0.296168935074,0.412124334160,2.206732112598,-3.199983642305
554.524939884,52,-0.030427507013,-0.047489747423,2.206647233597,-3.200053698096
554.524939884,53,-0.058928234127,0.614487763132,2.206715991432,-3.200208775206
554.524939884,54,-0.438225237114,-0.619541544687,2.206962612437,-3.199650225585
554.524939884,55,0.586987722233,-0.287652890184,2.205315181813,-3.199072072967
554.524939884,56,-0.893234633679,0.192961748815,2.207208307827,-3.200076850537
554.524939884,57,0.209042374797,0.756830586690,2.206352817011,-3.200719673880
554.524939884,58,0.456200181097,-0.240759852921,2.206181846375,-3.199640537428
554.524939884,59,0.848956400642,-0.300491499258,2.205252918856,-3.199187436298
554.524939884,60,0.467692217422,0.529859170031,2.206190308284,-3.200193868989
554.524939884,61,0.703567742313,-0.513617321535,2.205264869548,-3.198798797764
554.524939884,62,-0.196934932099,0.726158191337,2.206958830573,-3.201007183234
554.524939884,63,0.458251820794,0.476912602367,2.206349381461,-3.200063275022
554.524939884,64,0.463991791557,0.425283507540,2.206433375483,-3.199990406485
554.524939884,65,0.008848738853,-0.148852234584,2.206761964726,-3.200376357394
554.524939884,66,0.582006729594,0.361412444273,2.205899832451,-3.200074947866
554.524939884,67,0.065178954920,-0.786962582334,2.206408253627,-3.198565675929
554.524939884,68,0.063401758864,0.970615082298,2.206483078721,-3.201253239767
554.524939884,69,-0.575734712982,0.322266381172,2.207510164513,-3.200606710913
554.524939884,70,0.433947541588,0.545280601369,2.206285378548,-3.200169264828
554.524939884,71,-0.413660120771,-0.589915628258,2.206824698769,-3.199792325803
554.524939884,72,-0.616857948277,0.167562679736,2.207458151971,-3.200377254880
554.524939884,73,-0.597695444839,0.470697221227,2.207605606033,-3.200843057113
554.524939884,74,0.089333121815,-0.249740398459,2.206903627393,-3.200527997827
554.524939884,75,-0.675800707668,0.177980995385,2.207737342791,-3.200508334461
554.524939884,76,-0.280378025304,-0.729063091391,2.206902172133,-3.199340345403
554.524939884,77,0.172188714929,-0.845121384045,2.206115990450,-3.198101490310
554.524939884,78,-0.492107000221,-0.433198592759,2.206691953221,-3.199973906142
554.524939884,79,0.534162287256,-0.132184657187,2.205960689391,-3.199621371594
554.524939884,80,-0.072858359156,-0.024118308782,2.206503950744,-3.199940105315
554.524939884,81,0.168274031647,0.853324569211,2.206318879707,-3.201132328224
554.524939884,82,-0.268937337411,-0.072447765630,2.206039118924,-3.199931435005
554.524939884,83,0.023934690090,0.699582138329,2.206640154326,-3.200522464229
554.524939884,84,0.477787905658,0.275825694940,2.206594726690,-3.199899876554
554.524939884,85,0.036645124562,-0.916231028192,2.206437955404,-3.198040878195
554.524939884,86,-0.088683785592,0.970881583111,2.206707061345,-3.200987335740
554.524939884,87,-0.219830174021,0.520143512239,2.206791310855,-3.200161968760
554.524939884,88,0.944965954322,-0.069337104770,2.205255327016,-3.199472563168
554.524939884,89,-0.471210637956,0.339837586631,2.207119220690,-3.200357697391
554.524939884,90,-0.840595559603,0.324824900045,2.207024280127,-3.200032869238
554.524939884,91,0.784840104461,-0.427632562475,2.205347663706,-3.199057113255
554.524939884,92,0.201640674574,-0.783981004469,2.206065554078,-3.198268294357
554.524939884,93,0.303634251820,-0.369472185553,2.206524241542,-3.199852914715
554.524939884,94,-0.363735584074,0.073286353576,2.206204231437,-3.199720550051
554.524939884,95,0.152060898489,0.633441885320,2.206607155208,-3.200118829944
554.524939884,96,0.356639909075,0.156034381706,2.207138811029,-3.199848788258
554.524939884,97,0.819425997097,0.449237113415,2.204627707975,-3.200259288914
554.524939884,98,0.275899061299,0.320946203377,2.207102412895,-3.199587400324
554.524939884,99,-0.021108112823,0.172768947399,2.206694989210,-3.199425582133
554.620875195,0,-0.769463129821,-0.300463567000,1.949810770968,-3.206939460821
554.620875195,1,-0.209167276947,0.100349733717,1.947973892870,-3.206629155115
554.620875195,2,0.296023683601,-0.364321083002,1.948352569909,-3.206962407519
554.620875195,3,0.228179259258,0.363738967315,1.948826283044,-3.206585473951
554.620875195,4,-0.268060392883,0.322567088917,1.948284600715,-3.206740982312
554.620875195,5,-0.572195141308,-0.696194819659,1.949408600917,-3.206205889256
554.620875195,6,0.872210573234,-0.403229108530,1.947862059306,-3.206670336283
554.620875195,7,-0.038958968812,0.524458383998,1.948467058918,-3.206850979454
554.620875195,8,-0.343335149645,-0.837780124264,1.949014347157,-3.205774718199
554.620875195,9,0.559014935847,0.759865116064,1.947191810041,-3.208028463416
554.620875195,10,-0.044275750974,-0.714849713650,1.948410392664,-3.206290489714
554.620875195,11,-0.132643416332,0.476833645177,1.948435206420,-3.206840733940
554.620875195,12,0.035671008030,0.907176485191,1.948327583575,-3.208391966506
554.620875195,13,0.058461798746,0.458634038709,1.948555357263,-3.206556722114
554.620875195,14,-0.592016356790,0.625286882581,1.949001102013,-3.207631620601
554.620875195,15,-0.376031977856,0.698956476628,1.949039883047,-3.208183768339
554.620875195,16,-0.731729031643,-0.626082967965,1.949918517441,-3.206281448768
554.620875195,17,-0.462686668492,-0.133526160008,1.948086927630,-3.207038964495
554.620875195,18,-0.002004598931,-0.893935741652,1.948326638780,-3.205192749346
554.620875195,19,-0.200629508978,0.691312401871,1.948729047868,-3.207990870750
554.620875195,20,0.466497947957,-0.118047826618,1.948210051974,-3.206902463531
554.620875195,21,-0.392205757247,-0.109902853573,1.947885844126,-3.207023207139
554.620875195,22,-0.302712859750,-0.637302042237,1.948538745177,-3.206813012509
554.620875195,23,-0.288759030486,-0.706641962332,1.948665696874,-3.206491000208
554.620875195,24,0.247322295012,0.350955367274,1.948847705579,-3.206614147488
554.620875195,25,0.074787261056,0.096445748190,1.948765368808,-3.206777952898
554.620875195,26,-0.666964389691,0.162147253369,1.949495838664,-3.207559775851
554.620875195,27,-0.845280824069,-0.117233342714,1.950002686741,-3.207251408278
554.620875195,28,-0.132330170724,0.949257192593,1.948556744800,-3.208096470801
554.620875195,29,0.336207924789,0.715889821861,1.947960023756,-3.207697131145
554.620875195,30,-0.957374541242,-0.023591530897,1.949303128763,-3.207128736655
554.620875195,31,-0.500041272675,-0.783995520852,1.949337445068,-3.205943488689
554.620875195,32,0.062162390311,0.462902484850,1.948556293945,-3.206567486966
554.620875195,33,0.183465045254,0.912396847818,1.948039992832,-3.208381601110
554.620875195,34,0.820746316452,-0.239013431427,1.946621182949,-3.206084003969
554.620875195,35,-0.082811411792,-0.520583864882,1.948361154764,-3.207340227228
554.620875195,36,0.872076003773,0.191120372610,1.946299228597,-3.206787571037
554.620875195,37,0.923975088394,-0.107199574961,1.946902032226,-3.206432275695
554.620875195,38,0.546429670468,0.029197788783,1.947953464781,-3.206882999898
554.620875195,39,-0.068147332166,0.722771073819,1.948525449164,-3.207877170965
554.620875195,40,0.232099646494,-0.132727392503,1.948919724913,-3.207360373084
554.620875195,41,0.668337563064,0.369544736060,1.947146310066,-3.207220218542
554.620875195,42,0.298260481154,-0.385936633415,1.948291544462,-3.206882895797
554.620875195,43,0.537461705994,0.689998957023,1.947360341250,-3.207827515163
554.620875195,44,0.179214366316,0.376183262628,1.948780160556,-3.206518638357
554.620875195,45,0.120873073829,-0.546014611777,1.948336760846,-3.206840913465
554.620875195,46,0.095259620052,-0.073485247346,1.948803336624,-3.207289852753
554.620875195,47,-0.174958397984,0.044062235320,1.947996360684,-3.206747174222
554.620875195,48,0.684267941530,0.168757891635,1.947082141559,-3.206896582742
554.620875195,49,-0.272985766685,0.627527932138,1.948819677380,-3.207894405632
554.620875195,50,0.355689383773,0.034283890732,1.948908196558,-3.207073157330
554.620875195,51,-0.296168935074,0.412124334160,1.948511062705,-3.207079930819
554.620875195,52,-0.030427507013,-0.047489747423,1.948415419881,-3.207124267620
554.620875195,53,-0.058928234127,0.614487763132,1.948491227000,-3.207305113302
554.620875195,54,-0.438225237114,-0.619541544687,1.948761119684,-3.206687624437
554.620875195,55,0.586987722233,-0.287652890184,1.947108297249,-3.206129342260
554.620875195,56,-0.893234633679,0.192961748815,1.949057374971,-3.207187268806
554.620875195,57,0.209042374797,0.756830586690,1.948135707603,-3.207810983043
554.620875195,58,0.456200181097,-0.240759852921,1.947979767291,-3.206708693116
554.620875195,59,0.848956400642,-0.300491499258,1.946993162380,-3.206208388652
554.620875195,60,0.467692217422,0.529859170031,1.947987294144,-3.207273204349
554.620875195,61,0.703567742313,-0.513617321535,1.947020028803,-3.205812483143
554.620875195,62,-0.196934932099,0.726158191337,1.948740914560,-3.208115512984
554.620875195,63,0.458251820794,0.476912602367,1.948146334247,-3.207141744327
554.620875195,64,0.463991791557,0.425283507540,1.948231190754,-3.207068200154
554.620875195,65,0.008848738853,-0.148852234584,1.948532787500,-3.207443922594
554.620875195,66,0.582006729594,0.361412444273,1.947704137608,-3.207152075920
554.620875195,67,0.065178954920,-0.786962582334,1.948200691786,-3.205602153831
554.620875195,68,0.063401758864,0.970615082298,1.948267714780,-3.208360472190
554.620875195,69,-0.575734712982,0.322266381172,1.949311107350,-3.207707766370
554.620875195,70,0.433947541588,0.545280601369,1.948080129459,-3.207249073681
554.620875195,71,-0.413660120771,-0.589915628258,1.948621038775,-3.206831244335
554.620875195,72,-0.616857948277,0.167562679736,1.949261684174,-3.207468380115
554.620875195,73,-0.597695444839,0.470697221227,1.949412770467,-3.207956965796
554.620875195,74,0.089333121815,-0.249740398459,1.948680168038,-3.207594028051
554.620875195,75,-0.675800707668,0.177980995385,1.949547538882,-3.207602436189
554.620875195,76,-0.280378025304,-0.729063091391,1.948696789125,-3.206375271042
554.620875195,77,0.172188714929,-0.845121384045,1.947907057164,-3.205129539475
554.620875195,78,-0.492107000221,-0.433198592759,1.948489689629,-3.207020957216
554.620875195,79,0.534162287256,-0.132184657187,1.947761623258,-3.206691489047
554.620875195,80,-0.072858359156,-0.024118308782,1.948271692038,-3.207011305972
554.620875195,81,0.168274031647,0.853324569211,1.948102094488,-3.208229428154
554.620875195,82,-0.268937337411,-0.072447765630,1.947813922247,-3.207000239587
554.620875195,83,0.023934690090,0.699582138329,1.948417547933,-3.207618798156
554.620875195,84,0.477787905658,0.275825694940,1.948394696095,-3.206976622711
554.620875195,85,0.036645124562,-0.916231028192,1.948231783875,-3.205067462307
554.620875195,86,-0.088683785592,0.970881583111,1.948493856828,-3.208102833070
554.620875195,87,-0.219830174021,0.520143512239,1.948568552895,-3.207260871351
554.620875195,88,0.944965954322,-0.069337104770,1.946988562481,-3.206508685471
554.620875195,89,-0.471210637956,0.339837586631,1.948910264618,-3.207455922543
554.620875195,90,-0.840595559603,0.324824900045,1.948868841197,-3.207153622901
554.620875195,91,0.784840104461,-0.427632562475,1.947092198545,-3.206070398609
554.620875195,92,0.201640674574,-0.783981004469,1.947856608561,-3.205301380610
554.620875195,93,0.303634251820,-0.369472185553,1.948315820924,-3.206917453006
554.620875195,94,-0.363735584074,0.073286353576,1.947984668781,-3.206799081751
554.620875195,95,0.152060898489,0.633441885320,1.948385864692,-3.207207311743
554.620875195,96,0.356639909075,0.156034381706,1.948929395554,-3.206925203364
554.620875195,97,0.819425997097,0.449237113415,1.946415578743,-3.207338251804
554.620875195,98,0.275899061299,0.320946203377,1.948885382090,-3.206665375445
554.620875195,99,-0.021108112823,0.172768947399,1.948462211324,-3.206503786903
554.716810506,0,-0.769463129821,-0.300463567000,1.691265060212,-3.213720223925
554.716810506,1,-0.209167276947,0.100349733717,1.689378608012,-3.213426705459
554.716810506,2,0.296023683601,-0.364321083002,1.689775453083,-3.213747664872
554.716810506,3,0.228179259258,0.363738967315,1.690237335350,-3.213384322467
554.716810506,4,-0.268060392883,0.322567088917,1.689694768842,-3.213551500976
554.716810506,5,-0.572195141308,-0.696194819659,1.690850480240,-3.212961427125
554.716810506,6,0.872210573234,-0.403229108530,1.689222367325,-3.213396919837
554.716810506,7,-0.038958968812,0.524458383998,1.689872997764,-3.213662490786
554.716810506,8,-0.343335149645,-0.837780124264,1.690447579935,-3.212526013445
554.716810506,9,0.559014935847,0.759865116064,1.688620240420,-3.214833587271
554.716810506,10,-0.044275750974,-0.714849713650,1.689833645037,-3.213051649514
554.716810506,11,-0.132643416332,0.476833645177,1.689841927039,-3.213653951306
554.716810506,12,0.035671008030,0.907176485191,1.689743802383,-3.215216653186
554.716810506,13,0.058461798746,0.458634038709,1.689960202217,-3.213362215946
554.716810506,14,-0.592016356790,0.625286882581,1.690449839790,-3.214479131138
554.716810506,15,-0.376031977856,0.698956476628,1.690466738525,-3.215020340408
554.716810506,16,-0.731729031643,-0.626082967965,1.691369845485,-3.213042408078
554.716810506,17,-0.462686668492,-0.133526160008,1.689512162366,-3.213825471754
554.716810506,18,-0.002004598931,-0.893935741652,1.689753780365,-3.211943254396
554.716810506,19,-0.200629508978,0.691312401871,1.690144349890,-3.214817254404
554.716810506,20,0.466497947957,-0.118047826618,1.689641305615,-3.213695423920
554.716810506,21,-0.392205757247,-0.109902853573,1.689304676152,-3.213810518647
554.716810506,22,-0.302712859750,-0.637302042237,1.689964933383,-3.213571756360
554.716810506,23,-0.288759030486,-0.706641962332,1.690093549492,-3.213247244420
554.716810506,24,0.247322295012,0.350955367274,1.690260026376,-3.213412501313
554.716810506,25,0.074787261056,0.096445748190,1.690167217413,-3.213573049310
554.716810506,26,-0.666964389691,0.162147253369,1.690940366741,-3.214372233865
554.716810506,27,-0.845280824069,-0.117233342714,1.691466459430,-3.214048440118
554.716810506,28,-0.132330170724,0.949257192593,1.689978133500,-3.214932717516
554.716810506,29,0.336207924789,0.715889821861,1.689380323191,-3.214502398438
554.716810506,30,-0.957374541242,-0.023591530897,1.690791088001,-3.213940897906
554.716810506,31,-0.500041272675,-0.783995520852,1.690776359293,-3.212695834627
554.716810506,32,0.062162390311,0.462902484850,1.689961298211,-3.213372998412
554.716810506,33,0.183465045254,0.912396847818,1.689457316472,-3.215199974810
554.716810506,34,0.820746316452,-0.239013431427,1.688011198946,-3.212839326563
554.716810506,35,-0.082811411792,-0.520583864882,1.689776815564,-3.214109877539
554.716810506,36,0.872076003773,0.191120372610,1.687707603068,-3.213573774452
554.716810506,37,0.923975088394,-0.107199574961,1.688274761253,-3.213188510834
554.716810506,38,0.546429670468,0.029197788783,1.689388958695,-3.213677477887
554.716810506,39,-0.068147332166,0.722771073819,1.689937362673,-3.214698473482
554.716810506,40,0.232099646494,-0.132727392503,1.690334106838,-3.214152403671
554.716810506,41,0.668337563064,0.369544736060,1.688582873566,-3.214016831980
554.716810506,42,0.298260481154,-0.385936633415,1.689714799762,-3.213667048089
554.716810506,43,0.537461705994,0.689998957023,1.688789845947,-3.214629972437
554.716810506,44,0.179214366316,0.376183262628,1.690188266716,-3.213318629328
554.716810506,45,0.120873073829,-0.546014611777,1.689756391912,-3.213614793759
554.716810506,46,0.095259620052,-0.073485247346,1.690207912708,-3.214080905609
554.716810506,47,-0.174958397984,0.044062235320,1.689399476215,-3.213541515677
554.716810506,48,0.684267941530,0.168757891635,1.688517883426,-3.213690074224
554.716810506,49,-0.272985766685,0.627527932138,1.690236930897,-3.214721061623
554.716810506,50,0.355689383773,0.034283890732,1.690330778043,-3.213868681903
554.716810506,51,-0.296168935074,0.412124334160,1.689924602317,-3.213896144921
554.716810506,52,-0.030427507013,-0.047489747423,1.689816361089,-3.213914645967
554.716810506,53,-0.058928234127,0.614487763132,1.689899828391,-3.214121204117
554.716810506,54,-0.438225237114,-0.619541544687,1.690193986968,-3.213445648756
554.716810506,55,0.586987722233,-0.287652890184,1.688534452833,-3.212907979947
554.716810506,56,-0.893234633679,0.192961748815,1.690541225918,-3.214017403959
554.716810506,57,0.209042374797,0.756830586690,1.689550936604,-3.214621570675
554.716810506,58,0.456200181097,-0.240759852921,1.689409594662,-3.213497497792
554.716810506,59,0.848956400642,-0.300491499258,1.688369125217,-3.212951653057
554.716810506,60,0.467692217422,0.529859170031,1.689415957730,-3.214071732119
554.716810506,61,0.703567742313,-0.513617321535,1.688410020960,-3.212548812067
554.716810506,62,-0.196934932099,0.726158191337,1.690157137982,-3.214943489787
554.716810506,63,0.458251820794,0.476912602367,1.689574855082,-3.213939508562
554.716810506,64,0.463991791557,0.425283507540,1.689660517485,-3.213865369305
554.716810506,65,0.008848738853,-0.148852234584,1.689936093711,-3.214231290689
554.716810506,66,0.582006729594,0.361412444273,1.689140459356,-3.213948666337
554.716810506,67,0.065178954920,-0.786962582334,1.689625725819,-3.212359656127
554.716810506,68,0.063401758864,0.970615082298,1.689685623404,-3.215186787054
554.716810506,69,-0.575734712982,0.322266381172,1.690747514993,-3.214528664200
554.716810506,70,0.433947541588,0.545280601369,1.689506515601,-3.214048094558
554.716810506,71,-0.413660120771,-0.589915628258,1.690051729365,-3.213590684083
554.716810506,72,-0.616857948277,0.167562679736,1.690700772348,-3.214279488921
554.716810506,73,-0.597695444839,0.470697221227,1.690855278389,-3.214790490325
554.716810506,74,0.089333121815,-0.249740398459,1.690088768731,-3.214379927974
554.716810506,75,-0.675800707668,0.177980995385,1.690993257349,-3.214416476494
554.716810506,76,-0.280378025304,-0.729063091391,1.690125034066,-3.213130823430
554.716810506,77,0.172188714929,-0.845121384045,1.689330835137,-3.211879217063
554.716810506,78,-0.492107000221,-0.433198592759,1.689922306608,-3.213788436234
554.716810506,79,0.534162287256,-0.132184657187,1.689194689968,-3.213482232626
554.716810506,80,-0.072858359156,-0.024118308782,1.689672478215,-3.213802338048
554.716810506,81,0.168274031647,0.853324569211,1.689517987099,-3.215045708921
554.716810506,82,-0.268937337411,-0.072447765630,1.689223018220,-3.213789003435
554.716810506,83,0.023934690090,0.699582138329,1.689827959336,-3.214434735081
554.716810506,84,0.477787905658,0.275825694940,1.689826096085,-3.213772989264
554.716810506,85,0.036645124562,-0.916231028192,1.689658371080,-3.211815575043
554.716810506,86,-0.088683785592,0.970881583111,1.689914485494,-3.214937512977
554.716810506,87,-0.219830174021,0.520143512239,1.689980001158,-3.214079640938
554.716810506,88,0.944965954322,-0.069337104770,1.688358127738,-3.213266480706
554.716810506,89,-0.471210637956,0.339837586631,1.690336591067,-3.214274053168
554.716810506,90,-0.840595559603,0.324824900045,1.690348338834,-3.213993878441
554.716810506,91,0.784840104461,-0.427632562475,1.688472053126,-3.212806238770
554.716810506,92,0.201640674574,-0.783981004469,1.689280279562,-3.212055930695
554.716810506,93,0.303634251820,-0.369472185553,1.689739148647,-3.213702437236
554.716810506,94,-0.363735584074,0.073286353576,1.689399987653,-3.213597634561
554.716810506,95,0.152060898489,0.633441885320,1.689796883505,-3.214015321636
554.716810506,96,0.356639909075,0.156034381706,1.690351183157,-3.213721364481
554.716810506,97,0.819425997097,0.449237113415,1.687837985240,-3.214136510407
554.716810506,98,0.275899061299,0.320946203377,1.690299765241,-3.213462977819
554.716810506,99,-0.021108112823,0.172768947399,1.689862229765,-3.213301830278
554.812745818,0,-0.769463129821,-0.300463567000,1.432353218046,-3.220220480094
554.812745818,1,-0.209167276947,0.100349733717,1.430416274237,-3.219943018300
554.812745818,2,0.296023683601,-0.364321083002,1.430828965460,-3.220252151994
554.812745818,3,0.228179259258,0.363738967315,1.431278889998,-3.219901671531
554.812745818,4,-0.268060392883,0.322567088917,1.430738281116,-3.220080793255
554.812745818,5,-0.572195141308,-0.696194819659,1.431925600023,-3.219436923936
554.812745818,6,0.872210573234,-0.403229108530,1.430216933028,-3.219844722741
554.812745818,7,-0.038958968812,0.524458383998,1.430911018139,-3.220192647370
554.812745818,8,-0.343335149645,-0.837780124264,1.431513348176,-3.218997203268
554.812745818,9,0.559014935847,0.759865116064,1.429679927194,-3.221356174017
554.812745818,10,-0.044275750974,-0.714849713650,1.430888637684,-3.219532212775
554.812745818,11,-0.132643416332,0.476833645177,1.430881255377,-3.220185874071
554.812745818,12,0.035671008030,0.907176485191,1.430792139755,-3.221759445596
554.812745818,13,0.058461798746,0.458634038709,1.430996496874,-3.219886317967
554.812745818,14,-0.592016356790,0.625286882581,1.431532511773,-3.221044756690
554.812745818,15,-0.376031977856,0.698956476628,1.431527243016,-3.221575262631
554.812745818,16,-0.731729031643,-0.626082967965,1.432454432395,-3.219523540134
554.812745818,17,-0.462686668492,-0.133526160008,1.430571469154,-3.220330939966
554.812745818,18,-0.002004598931,-0.893935741652,1.430812627810,-3.218413923765
554.812745818,19,-0.200629508978,0.691312401871,1.431192670772,-3.221362148274
554.812745818,20,0.466497947957,-0.118047826618,1.430703065160,-3.220207585095
554.812745818,21,-0.392205757247,-0.109902853573,1.430357340666,-3.220316719570
554.812745818,22,-0.302712859750,-0.637302042237,1.431023921511,-3.220049782423
554.812745818,23,-0.288759030486,-0.706641962332,1.431154035691,-3.219722915941
554.812745818,24,0.247322295012,0.350955367274,1.431302766485,-3.219929347574
554.812745818,25,0.074787261056,0.096445748190,1.431200164706,-3.220086768194
554.812745818,26,-0.666964389691,0.162147253369,1.432019220180,-3.220903432758
554.812745818,27,-0.845280824069,-0.117233342714,1.432563977054,-3.220564643371
554.812745818,28,-0.132330170724,0.949257192593,1.431032335586,-3.221487023768
554.812745818,29,0.336207924789,0.715889821861,1.430431429516,-3.221025664918
554.812745818,30,-0.957374541242,-0.023591530897,1.431912164450,-3.220472001606
554.812745818,31,-0.500041272675,-0.783995520852,1.431848217812,-3.219168211205
554.812745818,32,0.062162390311,0.462902484850,1.430997735182,-3.219897113376
554.812745818,33,0.183465045254,0.912396847818,1.430506241060,-3.221736265543
554.812745818,34,0.820746316452,-0.239013431427,1.429035393751,-3.219315622187
554.812745818,35,-0.082811411792,-0.520583864882,1.430824390905,-3.220598455299
554.812745818,36,0.872076003773,0.191120372610,1.428750040153,-3.220079338386
554.812745818,37,0.923975088394,-0.107199574961,1.429282391816,-3.219665429511
554.812745818,38,0.546429670468,0.029197788783,1.430455141539,-3.220191024525
554.812745818,39,-0.068147332166,0.722771073819,1.430981667578,-3.221238249247
554.812745818,40,0.232099646494,-0.132727392503,1.431378883535,-3.220663178874
554.812745818,41,0.668337563064,0.369544736060,1.429650883073,-3.220531801837
554.812745818,42,0.298260481154,-0.385936633415,1.430768730426,-3.220170487519
554.812745818,43,0.537461705994,0.689998957023,1.429850351616,-3.221150094856
554.812745818,44,0.179214366316,0.376183262628,1.431227096955,-3.219837155261
554.812745818,45,0.120873073829,-0.546014611777,1.430807163158,-3.220107870078
554.812745818,46,0.095259620052,-0.073485247346,1.431243438148,-3.220590586371
554.812745818,47,-0.174958397984,0.044062235320,1.430435302624,-3.220054591416
554.812745818,48,0.684267941530,0.168757891635,1.429585334011,-3.220202556548
554.812745818,49,-0.272985766685,0.627527932138,1.431287522447,-3.221266273032
554.812745818,50,0.355689383773,0.034283890732,1.431383457901,-3.220382932302
554.812745818,51,-0.296168935074,0.412124334160,1.430971623751,-3.220431092476
554.812745818,52,-0.030427507013,-0.047489747423,1.430849018486,-3.220423667642
554.812745818,53,-0.058928234127,0.614487763132,1.430940692183,-3.220655884846
554.812745818,54,-0.438225237114,-0.619541544687,1.431260118622,-3.219923147389
554.812745818,55,0.586987722233,-0.287652890184,1.429592407067,-3.219406804396
554.812745818,56,-0.893234633679,0.192961748815,1.431658536550,-3.220566002198
554.812745818,57,0.209042374797,0.756830586690,1.430597358141,-3.221150315844
554.812745818,58,0.456200181097,-0.240759852921,1.430470155766,-3.220005773865
554.812745818,59,0.848956400642,-0.300491499258,1.429379521833,-3.219416102021
554.812745818,60,0.467692217422,0.529859170031,1.430475090976,-3.220588346036
554.812745818,61,0.703567742313,-0.513617321535,1.429433596124,-3.219006622912
554.812745818,62,-0.196934932099,0.726158191337,1.431206367297,-3.221489928672
554.812745818,63,0.458251820794,0.476912602367,1.430633744559,-3.220455455955
554.812745818,64,0.463991791557,0.425283507540,1.430720157364,-3.220380797864
554.812745818,65,0.008848738853,-0.148852234584,1.430970846730,-3.220737295780
554.812745818,66,0.582006729594,0.361412444273,1.430207540221,-3.220463603339
554.812745818,67,0.065178954920,-0.786962582334,1.430682295726,-3.218837008655
554.812745818,68,0.063401758864,0.970615082298,1.430735643322,-3.221731045240
554.812745818,69,-0.575734712982,0.322266381172,1.431818199656,-3.221068180075
554.812745818,70,0.433947541588,0.545280601369,1.430563343053,-3.220565219614
554.812745818,71,-0.413660120771,-0.589915628258,1.431115683188,-3.220069491732
554.812745818,72,-0.616857948277,0.167562679736,1.431774226446,-3.220809363079
554.812745818,73,-0.597695444839,0.470697221227,1.431931915657,-3.221342393082
554.812745818,74,0.089333121815,-0.249740398459,1.431128385470,-3.220884529321
554.812745818,75,-0.675800707668,0.177980995385,1.432073280580,-3.220949229289
554.812745818,76,-0.280378025304,-0.729063091391,1.431185845989,-3.219605853148
554.812745818,77,0.172188714929,-0.845121384045,1.430386238309,-3.218349339640
554.812745818,78,-0.492107000221,-0.433198592759,1.430988692834,-3.220275178615
554.812745818,79,0.534162287256,-0.132184657187,1.430258674164,-3.219992433205
554.812745818,80,-0.072858359156,-0.024118308782,1.430705269457,-3.220312034686
554.812745818,81,0.168274031647,0.853324569211,1.430565404742,-3.221580046964
554.812745818,82,-0.268937337411,-0.072447765630,1.430265348425,-3.220296551503
554.812745818,83,0.023934690090,0.699582138329,1.430870272762,-3.220969125126
554.812745818,84,0.477787905658,0.275825694940,1.430887730630,-3.220287846685
554.812745818,85,0.036645124562,-0.916231028192,1.430716650068,-3.218284046698
554.812745818,86,-0.088683785592,0.970881583111,1.430967784199,-3.221490207422
554.812745818,87,-0.219830174021,0.520143512239,1.431024548967,-3.220617092851
554.812745818,88,0.944965954322,-0.069337104770,1.429362708632,-3.219744842318
554.812745818,89,-0.471210637956,0.339837586631,1.431397050250,-3.220810877640
554.812745818,90,-0.840595559603,0.324824900045,1.431461464088,-3.220552376190
554.812745818,91,0.784840104461,-0.427632562475,1.429485964890,-3.219263494081
554.812745818,92,0.201640674574,-0.783981004469,1.430335477707,-3.218530758325
554.812745818,93,0.303634251820,-0.369472185553,1.430793120069,-3.220206686524
554.812745818,94,-0.363735584074,0.073286353576,1.430449097749,-3.220115021644
554.812745818,95,0.152060898489,0.633441885320,1.430839092856,-3.220541725961
554.812745818,96,0.356639909075,0.156034381706,1.431403040500,-3.220236126909
554.812745818,97,0.819425997097,0.449237113415,1.428893538799,-3.220652969173
554.812745818,98,0.275899061299,0.320946203377,1.431344447733,-3.219979070396
554.812745818,99,-0.021108112823,0.172768947399,1.430893991270,-3.219818549630
554.908681129,0,-0.769463129821,-0.300463567000,1.173073995511,-3.226439029796
554.908681129,1,-0.209167276947,0.100349733717,1.171085823057,-3.226176909183
554.908681129,2,0.296023683601,-0.364321083002,1.171512001399,-3.226474680591
554.908681129,3,0.228179259258,0.363738967315,1.171949837228,-3.226136374032
554.908681129,4,-0.268060392883,0.322567088917,1.171414036950,-3.226327663655
554.908681129,5,-0.572195141308,-0.696194819659,1.172632802439,-3.225631226606
554.908681129,6,0.872210573234,-0.403229108530,1.170844525796,-3.226012641034
554.908681129,7,-0.038958968812,0.524458383998,1.171580021694,-3.226440279043
554.908681129,8,-0.343335149645,-0.837780124264,1.172210561239,-3.225187139759
554.908681129,9,0.559014935847,0.759865116064,1.170369594993,-3.227595136925
554.908681129,10,-0.044275750974,-0.714849713650,1.171574319488,-3.225731007080
554.908681129,11,-0.132643416332,0.476833645177,1.171552093482,-3.226435320203
554.908681129,12,0.035671008030,0.907176485191,1.171471438741,-3.228019188724
554.908681129,13,0.058461798746,0.458634038709,1.171663148687,-3.226127868607
554.908681129,14,-0.592016356790,0.625286882581,1.172247874636,-3.227327240457
554.908681129,15,-0.376031977856,0.698956476628,1.172220217623,-3.227847310413
554.908681129,16,-0.731729031643,-0.626082967965,1.173171051379,-3.225723680787
554.908681129,17,-0.462686668492,-0.133526160008,1.171263728860,-3.226554177172
554.908681129,18,-0.002004598931,-0.893935741652,1.171502113099,-3.224603584170
554.908681129,19,-0.200629508978,0.691312401871,1.171872872723,-3.227624357460
554.908681129,20,0.466497947957,-0.118047826618,1.171394149259,-3.226437771095
554.908681129,21,-0.392205757247,-0.109902853573,1.171042740540,-3.226540620957
554.908681129,22,-0.302712859750,-0.637302042237,1.171714638730,-3.226245930290
554.908681129,23,-0.288759030486,-0.706641962332,1.171846084331,-3.225916857336
554.908681129,24,0.247322295012,0.350955367274,1.171974812297,-3.226163539942
554.908681129,25,0.074787261056,0.096445748190,1.171863149951,-3.226317942120
554.908681129,26,-0.666964389691,0.162147253369,1.172731174725,-3.227152139328
554.908681129,27,-0.845280824069,-0.117233342714,1.173293945054,-3.226798792090
554.908681129,28,-0.132330170724,0.949257192593,1.171718178872,-3.227758202991
554.908681129,29,0.336207924789,0.715889821861,1.171112163499,-3.227265815251
554.908681129,30,-0.957374541242,-0.023591530897,1.172665003786,-3.226720799707
554.908681129,31,-0.500041272675,-0.783995520852,1.172551886855,-3.225359472033
554.908681129,32,0.062162390311,0.462902484850,1.171664511527,-3.226138672795
554.908681129,33,0.183465045254,0.912396847818,1.171185595567,-3.227989344317
554.908681129,34,0.820746316452,-0.239013431427,1.169692440282,-3.225511732601
554.908681129,35,-0.082811411792,-0.520583864882,1.171502839570,-3.226804787840
554.908681129,36,0.872076003773,0.191120372610,1.169425140032,-3.226303132832
554.908681129,37,0.923975088394,-0.107199574961,1.169923589944,-3.225861904639
554.908681129,38,0.546429670468,0.029197788783,1.171150785597,-3.226422477875
554.908681129,39,-0.068147332166,0.722771073819,1.171657235723,-3.227495324510
554.908681129,40,0.232099646494,-0.132727392503,1.172052971672,-3.226891524978
554.908681129,41,0.668337563064,0.369544736060,1.170349027099,-3.226764008042
554.908681129,42,0.298260481154,-0.385936633415,1.171452229456,-3.226392024521
554.908681129,43,0.537461705994,0.689998957023,1.170540599213,-3.227386787555
554.908681129,44,0.179214366316,0.376183262628,1.171895551338,-3.226073065606
554.908681129,45,0.120873073829,-0.546014611777,1.171488013480,-3.226318957960
554.908681129,46,0.095259620052,-0.073485247346,1.171908858216,-3.226817723464
554.908681129,47,-0.174958397984,0.044062235320,1.171102780405,-3.226285220331
554.908681129,48,0.684267941530,0.168757891635,1.170283179722,-3.226432886206
554.908681129,49,-0.272985766685,0.627527932138,1.171970310255,-3.227528834850
554.908681129,50,0.355689383773,0.034283890732,1.172065104443,-3.226614745675
554.908681129,51,-0.296168935074,0.412124334160,1.171651009611,-3.226683571810
554.908681129,52,-0.030427507013,-0.047489747423,1.171512346171,-3.226650158687
554.908681129,53,-0.058928234127,0.614487763132,1.171612706978,-3.226907983027
554.908681129,54,-0.438225237114,-0.619541544687,1.171958407921,-3.226118961485
554.908681129,55,0.586987722233,-0.287652890184,1.170280914985,-3.225624624668
554.908681129,56,-0.893234633679,0.192961748815,1.172407970774,-3.226831800092
554.908681129,57,0.209042374797,0.756830586690,1.171273820279,-3.227396087983
554.908681129,58,0.456200181097,-0.240759852921,1.171160274846,-3.226232335184
554.908681129,59,0.848956400642,-0.300491499258,1.170023051767,-3.225600593620
554.908681129,60,0.467692217422,0.529859170031,1.171163482062,-3.226821930625
554.908681129,61,0.703567742313,-0.513617321535,1.170089495021,-3.225184741318
554.908681129,62,-0.196934932099,0.726158191337,1.171887459768,-3.227753634690
554.908681129,63,0.458251820794,0.476912602367,1.171321799601,-3.226688465556
554.908681129,64,0.463991791557,0.425283507540,1.171408908560,-3.226613360635
554.908681129,65,0.008848738853,-0.148852234584,1.171636003176,-3.226960763703
554.908681129,66,0.582006729594,0.361412444273,1.170904119693,-3.226695762047
554.908681129,67,0.065178954920,-0.786962582334,1.171369335023,-3.225033030052
554.908681129,68,0.063401758864,0.970615082298,1.171416605623,-3.227992097567
554.908681129,69,-0.575734712982,0.322266381172,1.172521961965,-3.227325079991
554.908681129,70,0.433947541588,0.545280601369,1.171249413924,-3.226799331764
554.908681129,71,-0.413660120771,-0.589915628258,1.171811802051,-3.226266506259
554.908681129,72,-0.616857948277,0.167562679736,1.172480844545,-3.227056774919
554.908681129,73,-0.597695444839,0.470697221227,1.172641456521,-3.227611426525
554.908681129,74,0.089333121815,-0.249740398459,1.171797968314,-3.227106655742
554.908681129,75,-0.675800707668,0.177980995385,1.172786378845,-3.227199458961
554.908681129,76,-0.280378025304,-0.729063091391,1.171878154170,-3.225799203482
554.908681129,77,0.172188714929,-0.845121384045,1.171072174858,-3.224538716332
554.908681129,78,-0.492107000221,-0.433198592759,1.171687725607,-3.226480011652
554.908681129,79,0.534162287256,-0.132184657187,1.170952357688,-3.226220912803
554.908681129,80,-0.072858359156,-0.024118308782,1.171369018372,-3.226539220499
554.908681129,81,0.168274031647,0.853324569211,1.171243188025,-3.227831308931
554.908681129,82,-0.268937337411,-0.072447765630,1.170939845067,-3.226521700161
554.908681129,83,0.023934690090,0.699582138329,1.171543365012,-3.227220808694
554.908681129,84,0.477787905658,0.275825694940,1.171578400540,-3.226520056456
554.908681129,85,0.036645124562,-0.916231028192,1.171405546930,-3.224471700518
554.908681129,86,-0.088683785592,0.970881583111,1.171652581067,-3.227759738132
554.908681129,87,-0.219830174021,0.520143512239,1.171701080460,-3.226872032771
554.908681129,88,0.944965954322,-0.069337104770,1.170000971730,-3.225942649643
554.908681129,89,-0.471210637956,0.339837586631,1.172090481409,-3.227065174738
554.908681129,90,-0.840595559603,0.324824900045,1.172206896061,-3.226827846728
554.908681129,91,0.784840104461,-0.427632562475,1.170132658503,-3.225441010715
554.908681129,92,0.201640674574,-0.783981004469,1.171021108220,-3.224724669667
554.908681129,93,0.303634251820,-0.369472185553,1.171476626559,-3.226429011918
554.908681129,94,-0.363735584074,0.073286353576,1.171130898588,-3.226350047196
554.908681129,95,0.152060898489,0.633441885320,1.171511367693,-3.226785381539
554.908681129,96,0.356639909075,0.156034381706,1.172083830469,-3.226468337161
554.908681129,97,0.819425997097,0.449237113415,1.169580844477,-3.226886523421
554.908681129,98,0.275899061299,0.320946203377,1.172018310274,-3.226212507118
554.908681129,99,-0.021108112823,0.172768947399,1.171556435373,-3.226052773461
555.004616440,0,-0.769463129821,-0.300463567000,0.913426130941,-3.232374664502
555.004616440,1,-0.209167276947,0.100349733717,0.911386177005,-3.232127184689
555.004616440,2,0.296023683601,-0.364321083002,0.911823451197,-3.232414054254
555.004616440,3,0.228179259258,0.363738967315,0.912249062073,-3.232087273680
555.004616440,4,-0.268060392883,0.322567088917,0.911720926197,-3.232290907235
555.004616440,5,-0.572195141308,-0.696194819659,0.912970917627,-3.231543174066
555.004616440,6,0.872210573234,-0.403229108530,0.911103895197,-3.231899553481
555.004616440,7,-0.038958968812,0.524458383998,0.911878902285,-3.232404206049
555.004616440,8,-0.343335149645,-0.837780124264,0.912538118028,-3.231094667688
555.004616440,9,0.559014935847,0.759865116064,0.910687964273,-3.233549379936
555.004616440,10,-0.044275750974,-0.714849713650,0.911889631775,-3.231646852727
555.004616440,11,-0.132643416332,0.476833645177,0.911853334865,-3.232401098075
555.004616440,12,0.035671008030,0.907176485191,0.911780534610,-3.233994717427
555.004616440,13,0.058461798746,0.458634038709,0.911959058245,-3.232085698890
555.004616440,14,-0.592016356790,0.625286882581,0.912594673549,-3.233325315440
555.004616440,15,-0.376031977856,0.698956476628,0.912544472955,-3.233835248947
555.004616440,16,-0.731729031643,-0.626082967965,0.913518463093,-3.231641657346
555.004616440,17,-0.462686668492,-0.133526160008,0.911587811230,-3.232493982640
555.004616440,18,-0.002004598931,-0.893935741652,0.911821160878,-3.230511055260
555.004616440,19,-0.200629508978,0.691312401871,0.912183808670,-3.233602677026
555.004616440,20,0.466497947957,-0.118047826618,0.911713373712,-3.232384797266
555.004616440,21,-0.392205757247,-0.109902853573,0.911359768096,-3.232481025120
555.004616440,22,-0.302712859750,-0.637302042237,0.912036004189,-3.232159031981
555.004616440,23,-0.288759030486,-0.706641962332,0.912168614338,-3.231827903734
555.004616440,24,0.247322295012,0.350955367274,0.912275045190,-3.232113922942
555.004616440,25,0.074787261056,0.096445748190,0.912155106079,-3.232265394881
555.004616440,26,-0.666964389691,0.162147253369,0.913074993964,-3.233117110772
555.004616440,27,-0.845280824069,-0.117233342714,0.913655056313,-3.232749650933
555.004616440,28,-0.132330170724,0.949257192593,0.912034482095,-3.233745058253
555.004616440,29,0.336207924789,0.715889821861,0.911421340859,-3.233221724513
555.004616440,30,-0.957374541242,-0.023591530897,0.913048239951,-3.232686034580
555.004616440,31,-0.500041272675,-0.783995520852,0.912886221059,-3.231268463008
555.004616440,32,0.062162390311,0.462902484850,0.911960527081,-3.232096508194
555.004616440,33,0.183465045254,0.912396847818,0.911494202285,-3.233958072174
555.004616440,34,0.820746316452,-0.239013431427,0.909981001470,-3.231426487100
555.004616440,35,-0.082811411792,-0.520583864882,0.911811112525,-3.232727694847
555.004616440,36,0.872076003773,0.191120372610,0.909731494818,-3.232244017518
555.004616440,37,0.923975088394,-0.107199574961,0.910197005542,-3.231776795394
555.004616440,38,0.546429670468,0.029197788783,0.911474660567,-3.232370667041
555.004616440,39,-0.068147332166,0.722771073819,0.911962930669,-3.233468515564
555.004616440,40,0.232099646494,-0.132727392503,0.912355283259,-3.232836259881
555.004616440,41,0.668337563064,0.369544736060,0.910675991062,-3.232712321292
555.004616440,42,0.298260481154,-0.385936633415,0.911764185793,-3.232330461434
555.004616440,43,0.537461705994,0.689998957023,0.910859325760,-3.233338946316
555.004616440,44,0.179214366316,0.376183262628,0.912192524265,-3.232025200610
555.004616440,45,0.120873073829,-0.546014611777,0.911797876000,-3.232246865300
555.004616440,46,0.095259620052,-0.073485247346,0.912203112161,-3.232761136848
555.004616440,47,-0.174958397984,0.044062235320,0.911400841400,-3.232232212490
555.004616440,48,0.684267941530,0.168757891635,0.910610103951,-3.232379910363
555.004616440,49,-0.272985766685,0.627527932138,0.912284142781,-3.233507532068
555.004616440,50,0.355689383773,0.034283890732,0.912374582314,-3.232562950473
555.004616440,51,-0.296168935074,0.412124334160,0.911961632678,-3.232652371611
555.004616440,52,-0.030427507013,-0.047489747423,0.911805290979,-3.232592936588
555.004616440,53,-0.058928234127,0.614487763132,0.911914753305,-3.232876316428
555.004616440,54,-0.438225237114,-0.619541544687,0.912287736985,-3.232031924400
555.004616440,55,0.586987722233,-0.287652890184,0.910598728396,-3.231560240535
555.004616440,56,-0.893234633679,0.192961748815,0.912788180611,-3.232813524500
555.004616440,57,0.209042374797,0.756830586690,0.911579164973,-3.233357746772
555.004616440,58,0.456200181097,-0.240759852921,0.911478773182,-3.232175987003
555.004616440,59,0.848956400642,-0.300491499258,0.910298400914,-3.231503971792
555.004616440,60,0.467692217422,0.529859170031,0.911479915456,-3.232771361097
555.004616440,61,0.703567742313,-0.513617321535,0.910376449763,-3.231081980433
555.004616440,62,-0.196934932099,0.726158191337,0.912199263372,-3.233733402796
555.004616440,63,0.458251820794,0.476912602367,0.911637813502,-3.232637407153
555.004616440,64,0.463991791557,0.425283507540,0.911725565763,-3.232561923207
555.004616440,65,0.008848738853,-0.148852234584,0.911930512818,-3.232900511948
555.004616440,66,0.582006729594,0.361412444273,0.911228934366,-3.232644008397
555.004616440,67,0.065178954920,-0.786962582334,0.911685770663,-3.230946531711
555.004616440,68,0.063401758864,0.970615082298,0.911727333697,-3.233968784672
555.004616440,69,-0.575734712982,0.322266381172,0.912857590880,-3.233298120169
555.004616440,70,0.433947541588,0.545280601369,0.911563526378,-3.232749304579
555.004616440,71,-0.413660120771,-0.589915628258,0.912138976807,-3.232180558831
555.004616440,72,-0.616857948277,0.167562679736,0.912819412774,-3.233020487218
555.004616440,73,-0.597695444839,0.470697221227,0.912982663569,-3.233596333089
555.004616440,74,0.089333121815,-0.249740398459,0.912096461303,-3.233045122739
555.004616440,75,-0.675800707668,0.177980995385,0.913131310240,-3.233165920259
555.004616440,76,-0.280378025304,-0.729063091391,0.912200878016,-3.231709710333
555.004616440,77,0.172188714929,-0.845121384045,0.911387547171,-3.230446148805
555.004616440,78,-0.492107000221,-0.433198592759,0.912018270745,-3.232401754417
555.004616440,79,0.534162287256,-0.132184657187,0.911274519710,-3.232166484557
555.004616440,80,-0.072858359156,-0.024118308782,0.911662669884,-3.232482711478
555.004616440,81,0.168274031647,0.853324569211,0.911550170909,-3.233798351551
555.004616440,82,-0.268937337411,-0.072447765630,0.911245430860,-3.232463257106
555.004616440,83,0.023934690090,0.699582138329,0.911846105385,-3.233188616355
555.004616440,84,0.477787905658,0.275825694940,0.911896903518,-3.232468470997
555.004616440,85,0.036645124562,-0.916231028192,0.911723980733,-3.230377352648
555.004616440,86,-0.088683785592,0.970881583111,0.911967695417,-3.233744916481
555.004616440,87,-0.219830174021,0.520143512239,0.912008470489,-3.232843256620
555.004616440,88,0.944965954322,-0.069337104770,0.910271566003,-3.231858768172
555.004616440,89,-0.471210637956,0.339837586631,0.912415712722,-3.233035713539
555.004616440,90,-0.840595559603,0.324824900045,0.912583301967,-3.232819010806
555.004616440,91,0.784840104461,-0.427632562475,0.910410846930,-3.231337620981
555.004616440,92,0.201640674574,-0.783981004469,0.911336070898,-3.230636463334
555.004616440,93,0.303634251820,-0.369472185553,0.911788555473,-3.232368216345
555.004616440,94,-0.363735584074,0.073286353576,0.911444279398,-3.232301506345
555.004616440,95,0.152060898489,0.633441885320,0.911812576647,-3.232745135569
555.004616440,96,0.356639909075,0.156034381706,0.912392412157,-3.232416832883
555.004616440,97,0.819425997097,0.449237113415,0.909898501649,-3.232836059232
555.004616440,98,0.275899061299,0.320946203377,0.912320228852,-3.232162132835
555.004616440,99,-0.021108112823,0.172768947399,0.911848494310,-3.232003321317
555.100551751,0,-0.769463129821,-0.300463567000,0.653408349968,-3.238026166557
555.100551751,1,-0.209167276947,0.100349733717,0.651316249528,-3.237792642341
555.100551751,2,0.296023683601,-0.364321083002,0.651762201047,-3.238069068412
555.100551751,3,0.228179259258,0.363738967315,0.652175444296,-3.237753204922
555.100551751,4,-0.268060392883,0.322567088917,0.651657829047,-3.237969309505
555.100551751,5,-0.572195141308,-0.696194819659,0.652938763638,-3.237171597143
555.100551751,6,0.872210573234,-0.403229108530,0.650993772600,-3.237504322048
555.100551751,7,-0.038958968812,0.524458383998,0.651806545882,-3.238083238932
555.100551751,8,-0.343335149645,-0.837780124264,0.652494906887,-3.236718624413
555.100551751,9,0.559014935847,0.759865116064,0.650633751430,-3.239217797535
555.100551751,10,-0.044275750974,-0.714849713650,0.651833508211,-3.237278562667
555.100551751,11,-0.132643416332,0.476833645177,0.651783864396,-3.238082006366
555.100551751,12,0.035671008030,0.907176485191,0.651718254784,-3.239684856312
555.100551751,13,0.058461798746,0.458634038709,0.651883119192,-3.237758630332
555.100551751,14,-0.592016356790,0.625286882581,0.652571642134,-3.239037704339
555.100551751,15,-0.376031977856,0.698956476628,0.652498809039,-3.239537833107
555.100551751,16,-0.731729031643,-0.626082967965,0.653495415661,-3.237276288439
555.100551751,17,-0.462686668492,-0.133526160008,0.651542574791,-3.238149146756
555.100551751,18,-0.002004598931,-0.893935741652,0.651768688362,-3.236135149572
555.100551751,19,-0.200629508978,0.691312401871,0.652124322165,-3.239295891892
555.100551751,20,0.466497947957,-0.118047826618,0.651659551521,-3.238047470222
555.100551751,21,-0.392205757247,-0.109902853573,0.651307304988,-3.238136725541
555.100551751,22,-0.302712859750,-0.637302042237,0.651986926896,-3.237787911847
555.100551751,23,-0.288759030486,-0.706641962332,0.652120534592,-3.237454882735
555.100551751,24,0.247322295012,0.350955367274,0.652202341469,-3.237779331854
555.100551751,25,0.074787261056,0.096445748190,0.652074959598,-3.237927941409
555.100551751,26,-0.666964389691,0.162147253369,0.653049429279,-3.238797094589
555.100551751,27,-0.845280824069,-0.117233342714,0.653645991208,-3.238415975059
555.100551751,28,-0.132330170724,0.949257192593,0.651980054827,-3.239446382142
555.100551751,29,0.336207924789,0.715889821861,0.651357772252,-3.238892258076
555.100551751,30,-0.957374541242,-0.023591530897,0.653060495334,-3.238366438911
555.100551751,31,-0.500041272675,-0.783995520852,0.652850063389,-3.236894022205
555.100551751,32,0.062162390311,0.462902484850,0.651884674759,-3.237769441582
555.100551751,33,0.183465045254,0.912396847818,0.651430876783,-3.239641300064
555.100551751,34,0.820746316452,-0.239013431427,0.649899731191,-3.237058702693
555.100551751,35,-0.082811411792,-0.520583864882,0.651748152806,-3.238365988276
555.100551751,36,0.872076003773,0.191120372610,0.649667689372,-3.237900841900
555.100551751,37,0.923975088394,-0.107199574961,0.650101273833,-3.237408947443
555.100551751,38,0.546429670468,0.029197788783,0.651425533668,-3.238034412115
555.100551751,39,-0.068147332166,0.722771073819,0.651897607598,-3.239156628635
555.100551751,40,0.232099646494,-0.132727392503,0.652284725594,-3.238496193034
555.100551751,41,0.668337563064,0.369544736060,0.650630457515,-3.238375602961
555.100551751,42,0.298260481154,-0.385936633415,0.651703484288,-3.237984592460
555.100551751,43,0.537461705994,0.689998957023,0.650805264443,-3.239005457440
555.100551751,44,0.179214366316,0.376183262628,0.652116904402,-3.237692391209
555.100551751,45,0.120873073829,-0.546014611777,0.651735677991,-3.237890392295
555.100551751,46,0.095259620052,-0.073485247346,0.652125133121,-3.238419637935
555.100551751,47,-0.174958397984,0.044062235320,0.651328408678,-3.237894369044
555.100551751,48,0.684267941530,0.168757891635,0.650564787339,-3.238042466801
555.100551751,49,-0.272985766685,0.627527932138,0.652227858619,-3.239201139567
555.100551751,50,0.355689383773,0.034283890732,0.652310752472,-3.238226366375
555.100551751,51,-0.296168935074,0.412124334160,0.651902355809,-3.238336270818
555.100551751,52,-0.030427507013,-0.047489747423,0.651726792372,-3.238250810188
555.100551751,53,-0.058928234127,0.614487763132,0.651845703534,-3.238559692948
555.100551751,54,-0.438225237114,-0.619541544687,0.652246976675,-3.237660861580
555.100551751,55,0.586987722233,-0.287652890184,0.650544596107,-3.237212442495
555.100551751,56,-0.893234633679,0.192961748815,0.652797806316,-3.238509892479
555.100551751,57,0.209042374797,0.756830586690,0.651512228021,-3.239034142023
555.100551751,58,0.456200181097,-0.240759852921,0.651424469142,-3.237835525943
555.100551751,59,0.848956400642,-0.300491499258,0.650204242734,-3.237125066628
555.100551751,60,0.467692217422,0.529859170031,0.651423171956,-3.238435503243
555.100551751,61,0.703567742313,-0.513617321535,0.650293184551,-3.236697141144
555.100551751,62,-0.196934932099,0.726158191337,0.652140616705,-3.239428017747
555.100551751,63,0.458251820794,0.476912602367,0.651580575954,-3.238301141167
555.100551751,64,0.463991791557,0.425283507540,0.651668920215,-3.238225341858
555.100551751,65,0.008848738853,-0.148852234584,0.651853318473,-3.238555349571
555.100551751,66,0.582006729594,0.361412444273,0.651180718056,-3.238307199060
555.100551751,67,0.065178954920,-0.786962582334,0.651630522960,-3.236576317731
555.100551751,68,0.063401758864,0.970615082298,0.651666643166,-3.239659936889
555.100551751,69,-0.575734712982,0.322266381172,0.652823863629,-3.238986046949
555.100551751,70,0.433947541588,0.545280601369,0.651504474649,-3.238414002180
555.100551751,71,-0.413660120771,-0.589915628258,0.652096087253,-3.237810472702
555.100551751,72,-0.616857948277,0.167562679736,0.652788705248,-3.238699253096
555.100551751,73,-0.597695444839,0.470697221227,0.652954287670,-3.239295845091
555.100551751,74,0.089333121815,-0.249740398459,0.652022802359,-3.238698737592
555.100551751,75,-0.675800707668,0.177980995385,0.653106820648,-3.238847358203
555.100551751,76,-0.280378025304,-0.729063091391,0.652152926953,-3.237336202126
555.100551751,77,0.172188714929,-0.845121384045,0.651331251804,-3.236070431252
555.100551751,78,-0.492107000221,-0.433198592759,0.651979182486,-3.238039217645
555.100551751,79,0.534162287256,-0.132184657187,0.651223936844,-3.237827952691
555.100551751,80,-0.072858359156,-0.024118308782,0.651585161124,-3.238141314901
555.100551751,81,0.168274031647,0.853324569211,0.651485180652,-3.239480021520
555.100551751,82,-0.268937337411,-0.072447765630,0.651181018911,-3.238120021257
555.100551751,83,0.023934690090,0.699582138329,0.651777355590,-3.238871368735
555.100551751,84,0.477787905658,0.275825694940,0.651842034195,-3.238131933579
555.100551751,85,0.036645124562,-0.916231028192,0.651670863437,-3.235999812092
555.100551751,86,-0.088683785592,0.970881583111,0.651911937686,-3.239444543371
555.100551751,87,-0.219830174021,0.520143512239,0.651945584521,-3.238529550456
555.100551751,88,0.944965954322,-0.069337104770,0.650173124385,-3.237492049777
555.100551751,89,-0.471210637956,0.339837586631,0.652371561212,-3.238721253316
555.100551751,90,-0.840595559603,0.324824900045,0.652589337216,-3.238524579263
555.100551751,91,0.784840104461,-0.427632562475,0.650319232436,-3.236952143610
555.100551751,92,0.201640674574,-0.783981004469,0.651279260083,-3.236264930354
555.100551751,93,0.303634251820,-0.369472185553,0.651727790134,-3.238023094559
555.100551751,94,-0.363735584074,0.073286353576,0.651388119010,-3.237968185049
555.100551751,95,0.152060898489,0.633441885320,0.651741581957,-3.238419825519
555.100551751,96,0.356639909075,0.156034381706,0.652327640844,-3.238080442772
555.100551751,97,0.819425997097,0.449237113415,0.649845104562,-3.238500453352
555.100551751,98,0.275899061299,0.320946203377,0.652249074690,-3.237826783205
555.100551751,99,-0.021108112823,0.172768947399,0.651769092921,-3.237669003695
555.196487063,0,-0.769463129821,-0.300463567000,0.393019365538,-3.243392309059
555.196487063,1,-0.209167276947,0.100349733717,0.390874944866,-3.243172070499
555.196487063,2,0.296023683601,-0.364321083002,0.391327133012,-3.243438510283
555.196487063,3,0.228179259258,0.363738967315,0.391727858337,-3.243132992842
555.196487063,4,-0.268060392883,0.322567088917,0.391223615917,-3.243361646328
555.196487063,5,-0.572195141308,-0.696194819659,0.392535146382,-3.242515318415
555.196487063,6,0.872210573234,-0.403229108530,0.390512872687,-3.242825792347
555.196487063,7,-0.038958968812,0.524458383998,0.391361830474,-3.243476178430
555.196487063,8,-0.343335149645,-0.837780124264,0.392079805514,-3.242057839754
555.196487063,9,0.559014935847,0.759865116064,0.390205668902,-3.244599274610
555.196487063,10,-0.044275750974,-0.714849713650,0.391404874693,-3.242624942431
555.196487063,11,-0.132643416332,0.476833645177,0.391342558210,-3.243476833944
555.196487063,12,0.035671008030,0.907176485191,0.391283418761,-3.245088419617
555.196487063,13,0.058461798746,0.458634038709,0.391434218136,-3.243145474835
555.196487063,14,-0.592016356790,0.625286882581,0.392177502438,-3.244463119466
555.196487063,15,-0.376031977856,0.698956476628,0.392082015245,-3.244953807338
555.196487063,16,-0.731729031643,-0.626082967965,0.393100644705,-3.242626383852
555.196487063,17,-0.462686668492,-0.133526160008,0.391126866741,-3.243518450926
555.196487063,18,-0.002004598931,-0.893935741652,0.391343605250,-3.241474672461
555.196487063,19,-0.200629508978,0.691312401871,0.391693247289,-3.244702776718
555.196487063,20,0.466497947957,-0.118047826618,0.391231492929,-3.243424587787
555.196487063,21,-0.392205757247,-0.109902853573,0.390884222094,-3.243506506762
555.196487063,22,-0.302712859750,-0.637302042237,0.391566305613,-3.243131386476
555.196487063,23,-0.288759030486,-0.706641962332,0.391700743812,-3.242796614321
555.196487063,24,0.247322295012,0.350955367274,0.391755572306,-3.243158592621
555.196487063,25,0.074787261056,0.096445748190,0.391621630498,-3.243304387679
555.196487063,26,-0.666964389691,0.162147253369,0.392653219815,-3.244190828469
555.196487063,27,-0.845280824069,-0.117233342714,0.393265417687,-3.243796510003
555.196487063,28,-0.132330170724,0.949257192593,0.391553697399,-3.244860956643
555.196487063,29,0.336207924789,0.715889821861,0.390920263247,-3.244276271495
555.196487063,30,-0.957374541242,-0.023591530897,0.392700380969,-3.243760735610
555.196487063,31,-0.500041272675,-0.783995520852,0.392442245084,-3.242234979732
555.196487063,32,0.062162390311,0.462902484850,0.391435840473,-3.243156285351
555.196487063,33,0.183465045254,0.912396847818,0.390994427850,-3.245037868724
555.196487063,34,0.820746316452,-0.239013431427,0.389447275136,-3.242407184277
555.196487063,35,-0.082811411792,-0.520583864882,0.391312895399,-3.243718472287
555.196487063,36,0.872076003773,0.191120372610,0.389232302072,-3.243272445155
555.196487063,37,0.923975088394,-0.107199574961,0.389635016711,-3.242757193166
555.196487063,38,0.546429670468,0.029197788783,0.391002169728,-3.243412524123
555.196487063,39,-0.068147332166,0.722771073819,0.391460113228,-3.244558459767
555.196487063,40,0.232099646494,-0.132727392503,0.391840201188,-3.243870125356
555.196487063,41,0.668337563064,0.369544736060,0.390211106345,-3.243752705019
555.196487063,42,0.298260481154,-0.385936633415,0.391269005669,-3.243353203612
555.196487063,43,0.537461705994,0.689998957023,0.390377144690,-3.244385197635
555.196487063,44,0.179214366316,0.376183262628,0.391667574606,-3.243073458941
555.196487063,45,0.120873073829,-0.546014611777,0.391300340786,-3.243248331387
555.196487063,46,0.095259620052,-0.073485247346,0.391673848028,-3.243792029503
555.196487063,47,-0.174958397984,0.044062235320,0.390884396429,-3.243270482124
555.196487063,48,0.684267941530,0.168757891635,0.390145908028,-3.243419383866
555.196487063,49,-0.272985766685,0.627527932138,0.391800286408,-3.244608422005
555.196487063,50,0.355689383773,0.034283890732,0.391872472160,-3.243603804210
555.196487063,51,-0.296168935074,0.412124334160,0.391472031834,-3.243734038519
555.196487063,52,-0.030427507013,-0.047489747423,0.391275782335,-3.243622579599
555.196487063,53,-0.058928234127,0.614487763132,0.391404421776,-3.243956910497
555.196487063,54,-0.438225237114,-0.619541544687,0.391834986497,-3.243004590457
555.196487063,55,0.586987722233,-0.287652890184,0.390117264124,-3.242580011785
555.196487063,56,-0.893234633679,0.192961748815,0.392435476509,-3.243919611210
555.196487063,57,0.209042374797,0.756830586690,0.391071839009,-3.244424113572
555.196487063,58,0.456200181097,-0.240759852921,0.390996178233,-3.243209739966
555.196487063,59,0.848956400642,-0.300491499258,0.389739239363,-3.242462694643
555.196487063,60,0.467692217422,0.529859170031,0.390992028712,-3.243813213337
555.196487063,61,0.703567742313,-0.513617321535,0.389838416332,-3.242029012274
555.196487063,62,-0.196934932099,0.726158191337,0.391710348889,-3.244836253986
555.196487063,63,0.458251820794,0.476912602367,0.391148873067,-3.243678518552
555.196487063,64,0.463991791557,0.425283507540,0.391237759732,-3.243602463463
555.196487063,65,0.008848738853,-0.148852234584,0.391403355902,-3.243924077118
555.196487063,66,0.582006729594,0.361412444273,0.390758201908,-3.243684181346
555.196487063,67,0.065178954920,-0.786962582334,0.391202505497,-3.241921184859
555.196487063,68,0.063401758864,0.970615082298,0.391233341816,-3.245064374123
555.196487063,69,-0.575734712982,0.322266381172,0.392419545640,-3.244387596688
555.196487063,70,0.433947541588,0.545280601369,0.391071049056,-3.243792279137
555.196487063,71,-0.413660120771,-0.589915628258,0.391682002025,-3.243155063104
555.196487063,72,-0.616857948277,0.167562679736,0.392387484011,-3.244091815909
555.196487063,73,-0.597695444839,0.470697221227,0.392555067933,-3.244708684629
555.196487063,74,0.089333121815,-0.249740398459,0.391575923200,-3.244066299284
555.196487063,75,-0.675800707668,0.177980995385,0.392711643703,-3.244242507970
555.196487063,76,-0.280378025304,-0.729063091391,0.391733200315,-3.242677499709
555.196487063,77,0.172188714929,-0.845121384045,0.390902179443,-3.241410350354
555.196487063,78,-0.492107000221,-0.433198592759,0.391569303395,-3.243391203634
555.196487063,79,0.534162287256,-0.132184657187,0.390799383246,-3.243204112473
555.196487063,80,-0.072858359156,-0.024118308782,0.391135421325,-3.243513829242
555.196487063,81,0.168274031647,0.853324569211,0.391047037756,-3.244875155381
555.196487063,82,-0.268937337411,-0.072447765630,0.390745512604,-3.243490782663
555.196487063,83,0.023934690090,0.699582138329,0.391335969667,-3.244267876411
555.196487063,84,0.477787905658,0.275825694940,0.391412584163,-3.243509278243
555.196487063,85,0.036645124562,-0.916231028192,0.391245099818,-3.241337880658
555.196487063,86,-0.088683785592,0.970881583111,0.391484109342,-3.244857409117
555.196487063,87,-0.219830174021,0.520143512239,0.391511278536,-3.243929690365
555.196487063,88,0.944965954322,-0.069337104770,0.389704265236,-3.242841332937
555.196487063,89,-0.471210637956,0.339837586631,0.391956832663,-3.244120543429
555.196487063,90,-0.840595559603,0.324824900045,0.392223645498,-3.243943252959
555.196487063,91,0.784840104461,-0.427632562475,0.389856507514,-3.242283384027
555.196487063,92,0.201640674574,-0.783981004469,0.390849564619,-3.241608854151
555.196487063,93,0.303634251820,-0.369472185553,0.391293209794,-3.243392433103
555.196487063,94,-0.363735584074,0.073286353576,0.390961285742,-3.243348859995
555.196487063,95,0.152060898489,0.633441885320,0.391297239407,-3.243808279017
555.196487063,96,0.356639909075,0.156034381706,0.391888367969,-3.243457986498
555.196487063,97,0.819425997097,0.449237113415,0.389419242845,-3.243878573096
555.196487063,98,0.275899061299,0.320946203377,0.391803714192,-3.243205284600
555.196487063,99,-0.021108112823,0.172768947399,0.391317148543,-3.243048621941
555.292422374,0,-0.769463129821,-0.300463567000,0.132257877945,-3.248471855729
555.292422374,1,-0.209167276947,0.100349733717,0.130061157943,-3.248264248267
555.292422374,2,0.296023683601,-0.364321083002,0.130517124974,-3.248521158817
555.292422374,3,0.228179259258,0.363738967315,0.130905173238,-3.248225453062
555.292422374,4,-0.268060392883,0.322567088917,0.130417147343,-3.248466683802
555.292422374,5,-0.572195141308,-0.696194819659,0.131758859598,-3.247573152089
555.292422374,6,0.872210573234,-0.403229108530,0.129659894859,-3.247862794045
555.292422374,7,-0.038958968812,0.524458383998,0.130543625970,-3.248581815370
555.292422374,8,-0.343335149645,-0.837780124264,0.131291680864,-3.247111135898
555.292422374,9,0.559014935847,0.759865116064,0.129402425257,-3.249692686330
555.292422374,10,-0.044275750974,-0.714849713650,0.130602649241,-3.247684790060
555.292422374,11,-0.132643416332,0.476833645177,0.130528283596,-3.248584359771
555.292422374,12,0.035671008030,0.907176485191,0.130474838035,-3.250204211093
555.292422374,13,0.058461798746,0.458634038709,0.130611234562,-3.248245034583
555.292422374,14,-0.592016356790,0.625286882581,0.131410964908,-3.249600262656
555.292422374,15,-0.376031977856,0.698956476628,0.131292870197,-3.250081905559
555.292422374,16,-0.731729031643,-0.626082967965,0.132332873401,-3.247690744379
555.292422374,17,-0.462686668492,-0.133526160008,0.130339522854,-3.248600667463
555.292422374,18,-0.002004598931,-0.893935741652,0.130544813628,-3.246528422041
555.292422374,19,-0.200629508978,0.691312401871,0.130889408558,-3.249822095797
555.292422374,20,0.466497947957,-0.118047826618,0.130428005446,-3.248514938954
555.292422374,21,-0.392205757247,-0.109902853573,0.130089379403,-3.248589144283
555.292422374,22,-0.302712859750,-0.637302042237,0.130773028734,-3.248188264594
555.292422374,23,-0.288759030486,-0.706641962332,0.130908130450,-3.247851910750
555.292422374,24,0.247322295012,0.350955367274,0.130933603681,-3.248250521757
555.292422374,25,0.074787261056,0.096445748190,0.130794032157,-3.248393530623
555.292422374,26,-0.666964389691,0.162147253369,0.131885092439,-3.249297040196
555.292422374,27,-0.845280824069,-0.117233342714,0.132511991351,-3.248889991570
555.292422374,28,-0.132330170724,0.949257192593,0.130754200817,-3.249987553030
555.292422374,29,0.336207924789,0.715889821861,0.130107614297,-3.249372610391
555.292422374,30,-0.957374541242,-0.023591530897,0.131966496768,-3.248867637705
555.292422374,31,-0.500041272675,-0.783995520852,0.131661585597,-3.247290157610
555.292422374,32,0.062162390311,0.462902484850,0.130612903034,-3.248255842174
555.292422374,33,0.183465045254,0.912396847818,0.130183657444,-3.250146608553
555.292422374,34,0.820746316452,-0.239013431427,0.128622271613,-3.247470724802
555.292422374,35,-0.082811411792,-0.520583864882,0.130504267131,-3.248783943151
555.292422374,36,0.872076003773,0.191120372610,0.128423905522,-3.248357656169
555.292422374,37,0.923975088394,-0.107199574961,0.128796843996,-3.247820351860
555.292422374,38,0.546429670468,0.029197788783,0.130203331260,-3.248503804967
555.292422374,39,-0.068147332166,0.722771073819,0.130649285719,-3.249672794714
555.292422374,40,0.232099646494,-0.132727392503,0.131020607705,-3.248956849170
555.292422374,41,0.668337563064,0.369544736060,0.129416614960,-3.248842469941
555.292422374,42,0.298260481154,-0.385936633415,0.130459626498,-3.248435072666
555.292422374,43,0.537461705994,0.689998957023,0.129573692236,-3.249477033888
555.292422374,44,0.179214366316,0.376183262628,0.130843411855,-3.248167215840
555.292422374,45,0.120873073829,-0.546014611777,0.130490779696,-3.248319467194
555.292422374,46,0.095259620052,-0.073485247346,0.130848177514,-3.248877105616
555.292422374,47,-0.174958397984,0.044062235320,0.130067709844,-3.248359334745
555.292422374,48,0.684267941530,0.168757891635,0.129352141879,-3.248509480417
555.292422374,49,-0.272985766685,0.627527932138,0.131000244730,-3.249728133717
555.292422374,50,0.355689383773,0.034283890732,0.131058594872,-3.248694065892
555.292422374,51,-0.296168935074,0.412124334160,0.130669503451,-3.248844433840
555.292422374,52,-0.030427507013,-0.047489747423,0.130451185264,-3.248707036111
555.292422374,53,-0.058928234127,0.614487763132,0.130589763792,-3.249066756897
555.292422374,54,-0.438225237114,-0.619541544687,0.131050614508,-3.248061920339
555.292422374,55,0.586987722233,-0.287652890184,0.129315475832,-3.247661720388
555.292422374,56,-0.893234633679,0.192961748815,0.131699808328,-3.249041377915
555.292422374,57,0.209042374797,0.756830586690,0.130256821246,-3.249526491157
555.292422374,58,0.456200181097,-0.240759852921,0.130192713127,-3.248297408325
555.292422374,59,0.848956400642,-0.300491499258,0.128902042665,-3.247515659016
555.292422374,60,0.467692217422,0.529859170031,0.130185259241,-3.248903338027
555.292422374,61,0.703567742313,-0.513617321535,0.129010855404,-3.247076370785
555.292422374,62,-0.196934932099,0.726158191337,0.130907279481,-3.249956875531
555.292422374,63,0.458251820794,0.476912602367,0.130341487378,-3.248768380701
555.292422374,64,0.463991791557,0.425283507540,0.130430868715,-3.248692125396
555.292422374,65,0.008848738853,-0.148852234584,0.130579553702,-3.249005486532
555.292422374,66,0.582006729594,0.361412444273,0.129960114487,-3.248773793121
555.292422374,67,0.065178954920,-0.786962582334,0.130400625037,-3.246979922442
555.292422374,68,0.063401758864,0.970615082298,0.130426229529,-3.250180905733
555.292422374,69,-0.575734712982,0.322266381172,0.131643390489,-3.249501495657
555.292422374,70,0.433947541588,0.545280601369,0.130262035998,-3.248882980364
555.292422374,71,-0.413660120771,-0.589915628258,0.130895578497,-3.248213137144
555.292422374,72,-0.616857948277,0.167562679736,0.131614498979,-3.249196909146
555.292422374,73,-0.597695444839,0.470697221227,0.131783731668,-3.249833563487
555.292422374,74,0.089333121815,-0.249740398459,0.130754749234,-3.249146598418
555.292422374,75,-0.675800707668,0.177980995385,0.131944500765,-3.249350094796
555.292422374,76,-0.280378025304,-0.729063091391,0.130940587231,-3.247732416261
555.292422374,77,0.172188714929,-0.845121384045,0.130099214849,-3.246464685264
555.292422374,78,-0.492107000221,-0.433198592759,0.130787464273,-3.248456506127
555.292422374,79,0.534162287256,-0.132184657187,0.129999630694,-3.248293750188
555.292422374,80,-0.072858359156,-0.024118308782,0.130312371702,-3.248599044083
555.292422374,81,0.168274031647,0.853324569211,0.130234555901,-3.249982579404
555.292422374,82,-0.268937337411,-0.072447765630,0.129937805478,-3.248574322400
555.292422374,83,0.023934690090,0.699582138329,0.130520793895,-3.249376939791
555.292422374,84,0.477787905658,0.275825694940,0.130607341989,-3.248599329711
555.292422374,85,0.036645124562,-0.916231028192,0.130445587384,-3.246390352900
555.292422374,86,-0.088683785592,0.970881583111,0.130683002811,-3.249982293333
555.292422374,87,-0.219830174021,0.520143512239,0.130704398922,-3.249042442352
555.292422374,88,0.944965954322,-0.069337104770,0.128863593706,-3.247905442932
555.292422374,89,-0.471210637956,0.339837586631,0.131170321527,-3.249232323223
555.292422374,90,-0.840595559603,0.324824900045,0.131484858901,-3.249073722691
555.292422374,91,0.784840104461,-0.427632562475,0.129021355750,-3.247330134600
555.292422374,92,0.201640674574,-0.783981004469,0.130045867810,-3.246667010512
555.292422374,93,0.303634251820,-0.369472185553,0.130483689599,-3.248475010251
555.292422374,94,-0.363735584074,0.073286353576,0.130162637294,-3.248442298492
555.292422374,95,0.152060898489,0.633441885320,0.130478398247,-3.248909313741
555.292422374,96,0.356639909075,0.156034381706,0.131073441093,-3.248548274625
555.292422374,97,0.819425997097,0.449237113415,0.128619501982,-3.248969276246
555.292422374,98,0.275899061299,0.320946203377,0.130983008888,-3.248296454025
555.292422374,99,-0.021108112823,0.172768947399,0.130491570910,-3.248140968160
555.388357685,0,-0.769463129821,-0.300463567000,-0.128877425126,-3.253263560784
555.388357685,1,-0.209167276947,0.100349733717,-0.131126225750,-3.253067945385
555.388357685,2,0.296023683601,-0.364321083002,-0.130668949413,-3.253315784645
555.388357685,3,0.228179259258,0.363738967315,-0.130293747429,-3.253029391650
555.388357685,4,-0.268060392883,0.322567088917,-0.130762726123,-3.253283178160
555.388357685,5,-0.572195141308,-0.696194819659,-0.129391315182,-3.252343903844
555.388357685,6,0.872210573234,-0.403229108530,-0.131566475448,-3.252614141263
555.388357685,7,-0.038958968812,0.524458383998,-0.130649205900,-3.253398930556
555.388357685,8,-0.343335149645,-0.837780124264,-0.129870610938,-3.251877327270
555.388357685,9,0.559014935847,0.759865116064,-0.131777274727,-3.254496898012
555.388357685,10,-0.044275750974,-0.714849713650,-0.130574258116,-3.252456896026
555.388357685,11,-0.132643416332,0.476833645177,-0.130660101102,-3.253403352781
555.388357685,12,0.035671008030,0.907176485191,-0.130708683978,-3.255031023881
555.388357685,13,0.058461798746,0.458634038709,-0.130586959267,-3.253056101945
555.388357685,14,-0.592016356790,0.625286882581,-0.129729271626,-3.254447825178
555.388357685,15,-0.376031977856,0.698956476628,-0.129869858294,-3.254920851049
555.388357685,16,-0.731729031643,-0.626082967965,-0.128809187457,-3.252468161652
555.388357685,17,-0.462686668492,-0.133526160008,-0.130820632619,-3.253394559483
555.388357685,18,-0.002004598931,-0.893935741652,-0.130628792125,-3.251295189122
555.388357685,19,-0.200629508978,0.691312401871,-0.130288379172,-3.254652602939
555.388357685,20,0.466497947957,-0.118047826618,-0.130752106132,-3.253317303823
555.388357685,21,-0.392205757247,-0.109902853573,-0.131078374087,-3.253383404460
555.388357685,22,-0.302712859750,-0.637302042237,-0.130394025818,-3.252957346964
555.388357685,23,-0.288759030486,-0.706641962332,-0.130258427420,-3.252619576459
555.388357685,24,0.247322295012,0.350955367274,-0.130264703689,-3.253053926245
555.388357685,25,0.074787261056,0.096445748190,-0.130408928760,-3.253194158039
555.388357685,26,-0.666964389691,0.162147253369,-0.129256238278,-3.254114447537
555.388357685,27,-0.845280824069,-0.117233342714,-0.128615644438,-3.253695145711
555.388357685,28,-0.132330170724,0.949257192593,-0.130419653323,-3.254824931745
555.388357685,29,0.336207924789,0.715889821861,-0.131081379294,-3.254180110338
555.388357685,30,-0.957374541242,-0.023591530897,-0.129142568218,-3.253685848248
555.388357685,31,-0.500041272675,-0.783995520852,-0.129493107448,-3.252058369623
555.388357685,32,0.062162390311,0.462902484850,-0.130585265933,-3.253066904896
555.388357685,33,0.183465045254,0.912396847818,-0.131002639372,-3.254966339495
555.388357685,34,0.820746316452,-0.239013431427,-0.132576647702,-3.252248105410
555.388357685,35,-0.082811411792,-0.520583864882,-0.130678813456,-3.253561189174
555.388357685,36,0.872076003773,0.191120372610,-0.132758932790,-3.253155293523
555.388357685,37,0.923975088394,-0.107199574961,-0.132414645391,-3.252597229925
555.388357685,38,0.546429670468,0.029197788783,-0.130972221473,-3.253307047375
555.388357685,39,-0.068147332166,0.722771073819,-0.130536045421,-3.254498408822
555.388357685,40,0.232099646494,-0.132727392503,-0.130175162122,-3.253755148124
555.388357685,41,0.668337563064,0.369544736060,-0.131754341544,-3.253643730630
555.388357685,42,0.298260481154,-0.385936633415,-0.130725780879,-3.253228969102
555.388357685,43,0.537461705994,0.689998957023,-0.131606370818,-3.254279823350
555.388357685,44,0.179214366316,0.376183262628,-0.130356712840,-3.252972464341
555.388357685,45,0.120873073829,-0.546014611777,-0.130694096090,-3.253102576456
555.388357685,46,0.095259620052,-0.073485247346,-0.130352964191,-3.253673651537
555.388357685,47,-0.174958397984,0.044062235320,-0.131122754999,-3.253159700710
555.388357685,48,0.684267941530,0.168757891635,-0.131817837322,-3.253311565767
555.388357685,49,-0.272985766685,0.627527932138,-0.130173457977,-3.254559018596
555.388357685,50,0.355689383773,0.034283890732,-0.130132029689,-3.253495944337
555.388357685,51,-0.296168935074,0.412124334160,-0.130506396872,-3.253666205835
555.388357685,52,-0.030427507013,-0.047489747423,-0.130748082144,-3.253502962099
555.388357685,53,-0.058928234127,0.614487763132,-0.130599423106,-3.253888009761
555.388357685,54,-0.438225237114,-0.619541544687,-0.130107302768,-3.252831652288
555.388357685,55,0.586987722233,-0.287652890184,-0.131862027851,-3.252456331024
555.388357685,56,-0.893234633679,0.192961748815,-0.129410592389,-3.253873879781
555.388357685,57,0.209042374797,0.756830586690,-0.130934008290,-3.254340094307
555.388357685,58,0.456200181097,-0.240759852921,-0.130987116311,-3.253097301528
555.388357685,59,0.848956400642,-0.300491499258,-0.132308704807,-3.252282749827
555.388357685,60,0.467692217422,0.529859170031,-0.130998366562,-3.253704714236
555.388357685,61,0.703567742313,-0.513617321535,-0.132190794023,-3.251837981952
555.388357685,62,-0.196934932099,0.726158191337,-0.130269781623,-3.254788635864
555.388357685,63,0.458251820794,0.476912602367,-0.130842802146,-3.253569559340
555.388357685,64,0.463991791557,0.425283507540,-0.130752971848,-3.253493155434
555.388357685,65,0.008848738853,-0.148852234584,-0.130619166806,-3.253798361068
555.388357685,66,0.582006729594,0.361412444273,-0.131214818149,-3.253574862720
555.388357685,67,0.065178954920,-0.786962582334,-0.130776218564,-3.251751312362
555.388357685,68,0.063401758864,0.970615082298,-0.130755901794,-3.255008330403
555.388357685,69,-0.575734712982,0.322266381172,-0.129505860161,-3.254326459936
555.388357685,70,0.433947541588,0.545280601369,-0.130923782050,-3.253684941012
555.388357685,71,-0.413660120771,-0.589915628258,-0.130264337311,-3.252983493687
555.388357685,72,-0.616857948277,0.167562679736,-0.129531512098,-3.254013256320
555.388357685,73,-0.597695444839,0.470697221227,-0.129361005646,-3.254669183034
555.388357685,74,0.089333121815,-0.249740398459,-0.130441800538,-3.253938417144
555.388357685,75,-0.675800707668,0.177980995385,-0.129195899102,-3.254168833870
555.388357685,76,-0.280378025304,-0.729063091391,-0.130226033479,-3.252499757186
555.388357685,77,0.172188714929,-0.845121384045,-0.131078763196,-3.251232207557
555.388357685,78,-0.492107000221,-0.433198592759,-0.130367515929,-3.253233910201
555.388357685,79,0.534162287256,-0.132184657187,-0.131176551339,-3.253095643092
555.388357685,80,-0.072858359156,-0.024118308782,-0.130885074654,-3.253395740010
555.388357685,81,0.168274031647,0.853324569211,-0.130953458119,-3.254801109467
555.388357685,82,-0.268937337411,-0.072447765630,-0.131243218883,-3.253369412471
555.388357685,83,0.023934690090,0.699582138329,-0.130669333294,-3.254197349004
555.388357685,84,0.477787905658,0.275825694940,-0.130574906775,-3.253400903308
555.388357685,85,0.036645124562,-0.916231028192,-0.130728783715,-3.251156016065
555.388357685,86,-0.088683785592,0.970881583111,-0.130492598607,-3.254817964803
555.388357685,87,-0.219830174021,0.520143512239,-0.130476217622,-3.253866562232
555.388357685,88,0.944965954322,-0.069337104770,-0.132350296998,-3.252683192047
555.388357685,89,-0.471210637956,0.339837586631,-0.129989189152,-3.254055321918
555.388357685,90,-0.840595559603,0.324824900045,-0.129628401960,-3.253914669131
555.388357685,91,0.784840104461,-0.427632562475,-0.132187547375,-3.252091174874
555.388357685,92,0.201640674574,-0.783981004469,-0.131132952640,-3.251438167551
555.388357685,93,0.303634251820,-0.369472185553,-0.130701899467,-3.253269595949
555.388357685,94,-0.363735584074,0.073286353576,-0.131008979361,-3.253247258364
555.388357685,95,0.152060898489,0.633441885320,-0.130716098879,-3.253721737316
555.388357685,96,0.356639909075,0.156034381706,-0.130118296142,-3.253350108520
555.388357685,97,0.819425997097,0.449237113415,-0.132555536256,-3.253771410951
555.388357685,98,0.275899061299,0.320946203377,-0.130214184632,-3.253099099013
555.388357685,99,-0.021108112823,0.172768947399,-0.130708737959,-3.252944825114
555.484292996,0,-0.769463129821,-0.300463567000,-0.390387868527,-3.257766168796
555.484292996,1,-0.209167276947,0.100349733717,-0.392688330266,-3.257581922123
555.484292996,2,0.296023683601,-0.364321083002,-0.392232220786,-3.257821150021
555.484292996,3,0.228179259258,0.363738967315,-0.391870045630,-3.257543605015
555.484292996,4,-0.268060392883,0.322567088917,-0.392317164023,-3.257809875661
555.484292996,5,-0.572195141308,-0.696194819659,-0.390916608639,-3.256826370698
555.484292996,6,0.872210573234,-0.403229108530,-0.393167565540,-3.257078632928
555.484292996,7,-0.038958968812,0.524458383998,-0.392217811681,-3.257926294662
555.484292996,8,-0.343335149645,-0.837780124264,-0.391408224672,-3.256355220416
555.484292996,9,0.559014935847,0.759865116064,-0.393334730002,-3.259010764995
555.484292996,10,-0.044275750974,-0.714849713650,-0.392126945449,-3.256940043155
555.484292996,11,-0.132643416332,0.476833645177,-0.392223746587,-3.257932571787
555.484292996,12,0.035671008030,0.907176485191,-0.392268352027,-3.259567640393
555.484292996,13,0.058461798746,0.458634038709,-0.392161498398,-3.257577459356
555.484292996,14,-0.592016356790,0.625286882581,-0.391244519952,-3.259004487648
555.484292996,15,-0.376031977856,0.698956476628,-0.391407413307,-3.259469356343
555.484292996,16,-0.731729031643,-0.626082967965,-0.390326839366,-3.256957417980
555.484292996,17,-0.462686668492,-0.133526160008,-0.392354787038,-3.257898880792
555.484292996,18,-0.002004598931,-0.893935741652,-0.392178325432,-3.255773757133
555.484292996,19,-0.200629508978,0.691312401871,-0.391841310801,-3.259193041365
555.484292996,20,0.466497947957,-0.118047826618,-0.392310039719,-3.257830453545
555.484292996,21,-0.392205757247,-0.109902853573,-0.392620200478,-3.257888044395
555.484292996,22,-0.302712859750,-0.637302042237,-0.391935990699,-3.257437426280
555.484292996,23,-0.288759030486,-0.706641962332,-0.391800062205,-3.257098407953
555.484292996,24,0.247322295012,0.350955367274,-0.391840494421,-3.257567603444
555.484292996,25,0.074787261056,0.096445748190,-0.391988352401,-3.257705048487
555.484292996,26,-0.666964389691,0.162147253369,-0.390772070068,-3.258641758136
555.484292996,27,-0.845280824069,-0.117233342714,-0.390118858423,-3.258210688413
555.484292996,28,-0.132330170724,0.949257192593,-0.391969092911,-3.259371842283
555.484292996,29,0.336207924789,0.715889821861,-0.392647927415,-3.258697596751
555.484292996,30,-0.957374541242,-0.023591530897,-0.390628235517,-3.258214060215
555.484292996,31,-0.500041272675,-0.783995520852,-0.391023038288,-3.256538421183
555.484292996,32,0.062162390311,0.462902484850,-0.392159802090,-3.257588256431
555.484292996,33,0.183465045254,0.912396847818,-0.392565674492,-3.259495870902
555.484292996,34,0.820746316452,-0.239013431427,-0.394150857076,-3.256738095571
555.484292996,35,-0.082811411792,-0.520583864882,-0.392237436216,-3.258048990612
555.484292996,36,0.872076003773,0.191120372610,-0.394317649884,-3.257664165477
555.484292996,37,0.923975088394,-0.107199574961,-0.394000862338,-3.257086621043
555.484292996,38,0.546429670468,0.029197788783,-0.392525730412,-3.257821034829
555.484292996,39,-0.068147332166,0.722771073819,-0.392097059430,-3.259034066916
555.484292996,40,0.232099646494,-0.132727392503,-0.391748220567,-3.258263797110
555.484292996,41,0.668337563064,0.369544736060,-0.393303090243,-3.258155310320
555.484292996,42,0.298260481154,-0.385936633415,-0.392288348384,-3.257733654057
555.484292996,43,0.537461705994,0.689998957023,-0.393164325963,-3.258792413213
555.484292996,44,0.179214366316,0.376183262628,-0.391933934508,-3.257487997179
555.484292996,45,0.120873073829,-0.546014611777,-0.392255383598,-3.257596427959
555.484292996,46,0.095259620052,-0.073485247346,-0.391930669354,-3.258180443642
555.484292996,47,-0.174958397984,0.044062235320,-0.392688111248,-3.257670344504
555.484292996,48,0.684267941530,0.168757891635,-0.393365357686,-3.257824439626
555.484292996,49,-0.272985766685,0.627527932138,-0.391722023517,-3.259099809986
555.484292996,50,0.355689383773,0.034283890732,-0.391700555662,-3.258008223384
555.484292996,51,-0.296168935074,0.412124334160,-0.392056847002,-3.258198093386
555.484292996,52,-0.030427507013,-0.047489747423,-0.392323111001,-3.258009130930
555.484292996,53,-0.058928234127,0.614487763132,-0.392164300155,-3.258419436390
555.484292996,54,-0.438225237114,-0.619541544687,-0.391639940422,-3.257312579004
555.484292996,55,0.586987722233,-0.287652890184,-0.393416508329,-3.256962597159
555.484292996,56,-0.893234633679,0.192961748815,-0.390897130905,-3.258415793880
555.484292996,57,0.209042374797,0.756830586690,-0.392501839023,-3.258863732225
555.484292996,58,0.456200181097,-0.240759852921,-0.392544503021,-3.257608181291
555.484292996,59,0.848956400642,-0.300491499258,-0.393894368901,-3.256762744276
555.484292996,60,0.467692217422,0.529859170031,-0.392560082425,-3.258216169052
555.484292996,61,0.703567742313,-0.513617321535,-0.393767833308,-3.256312599536
555.484292996,62,-0.196934932099,0.726158191337,-0.391822034278,-3.259330277815
555.484292996,63,0.458251820794,0.476912602367,-0.392405220115,-3.258080876429
555.484292996,64,0.463991791557,0.425283507540,-0.392314984384,-3.258004371662
555.484292996,65,0.008848738853,-0.148852234584,-0.392193891684,-3.258301475205
555.484292996,66,0.582006729594,0.361412444273,-0.392767872378,-3.258086208852
555.484292996,67,0.065178954920,-0.786962582334,-0.392329132460,-3.256234128976
555.484292996,68,0.063401758864,0.970615082298,-0.392314268309,-3.259545436026
555.484292996,69,-0.575734712982,0.322266381172,-0.391029476596,-3.258861195310
555.484292996,70,0.433947541588,0.545280601369,-0.392487626555,-3.258196986369
555.484292996,71,-0.413660120771,-0.589915628258,-0.391798910822,-3.257464923243
555.484292996,72,-0.616857948277,0.167562679736,-0.391051823680,-3.258539570859
555.484292996,73,-0.597695444839,0.470697221227,-0.390880440386,-3.259214234137
555.484292996,74,0.089333121815,-0.249740398459,-0.392014813626,-3.258440529077
555.484292996,75,-0.675800707668,0.177980995385,-0.390710859125,-3.258697430231
555.484292996,76,-0.280378025304,-0.729063091391,-0.391767793407,-3.256978320009
555.484292996,77,0.172188714929,-0.845121384045,-0.392632881955,-3.255711681205
555.484292996,78,-0.492107000221,-0.433198592759,-0.391896830185,-3.257722192145
555.484292996,79,0.534162287256,-0.132184657187,-0.392730395631,-3.257608559365
555.484292996,80,-0.072858359156,-0.024118308782,-0.392458012892,-3.257902688528
555.484292996,81,0.168274031647,0.853324569211,-0.392518204469,-3.259329550934
555.484292996,82,-0.268937337411,-0.072447765630,-0.392798686968,-3.257874815708
555.484292996,83,0.023934690090,0.699582138329,-0.392235581405,-3.258727883790
555.484292996,84,0.477787905658,0.275825694940,-0.392135379593,-3.257912804871
555.484292996,85,0.036645124562,-0.916231028192,-0.392279130770,-3.255633650026
555.484292996,86,-0.088683785592,0.970881583111,-0.392043920821,-3.259363181373
555.484292996,87,-0.219830174021,0.520143512239,-0.392031744187,-3.258400795515
555.484292996,88,0.944965954322,-0.069337104770,-0.393938824428,-3.257173379731
555.484292996,89,-0.471210637956,0.339837586631,-0.391522927811,-3.258588258501
555.484292996,90,-0.840595559603,0.324824900045,-0.391117527789,-3.258464762744
555.484292996,91,0.784840104461,-0.427632562475,-0.393771533737,-3.256565271792
555.484292996,92,0.201640674574,-0.783981004469,-0.392688024679,-3.255921085676
555.484292996,93,0.303634251820,-0.369472185553,-0.392264690628,-3.257774951770
555.484292996,94,-0.363735584074,0.073286353576,-0.392554728078,-3.257762487847
555.484292996,95,0.152060898489,0.633441885320,-0.392287416016,-3.258244347191
555.484292996,96,0.356639909075,0.156034381706,-0.391688004061,-3.257862280275
555.484292996,97,0.819425997097,0.449237113415,-0.394107293405,-3.258283815635
555.484292996,98,0.275899061299,0.320946203377,-0.391789014782,-3.257612017529
555.484292996,99,-0.021108112823,0.172768947399,-0.392284883860,-3.257458966123
555.580228308,0,-0.769463129821,-0.300463567000,-0.652274789575,-3.261978414563
555.580228308,1,-0.209167276947,0.100349733717,-0.654626289317,-3.261804929184
555.580228308,2,0.296023683601,-0.364321083002,-0.654173824130,-3.262036008755
555.580228308,3,0.228179259258,0.363738967315,-0.653824868957,-3.261766879811
555.580228308,4,-0.268060392883,0.322567088917,-0.654247336091,-3.262045512475
555.580228308,5,-0.572195141308,-0.696194819659,-0.652818263679,-3.261019340843
555.580228308,6,0.872210573234,-0.403229108530,-0.655144714328,-3.261255053131
555.580228308,7,-0.038958968812,0.524458383998,-0.654163346300,-3.262162668117
555.580228308,8,-0.343335149645,-0.837780124264,-0.653322326103,-3.260543613874
555.580228308,9,0.559014935847,0.759865116064,-0.655271243195,-3.263233132510
555.580228308,10,-0.044275750974,-0.714849713650,-0.654056519045,-3.261133006543
555.580228308,11,-0.132643416332,0.476833645177,-0.654163812721,-3.262170765352
555.580228308,12,0.035671008030,0.907176485191,-0.654205379102,-3.263812832193
555.580228308,13,0.058461798746,0.458634038709,-0.654113525292,-3.261807879221
555.580228308,14,-0.592016356790,0.625286882581,-0.653136104480,-3.263268919938
555.580228308,15,-0.376031977856,0.698956476628,-0.653321048883,-3.263726123125
555.580228308,16,-0.731729031643,-0.626082967965,-0.652221396007,-3.261157286167
555.580228308,17,-0.462686668492,-0.133526160008,-0.654264139467,-3.262112375772
555.580228308,18,-0.002004598931,-0.893935741652,-0.654104907621,-3.259962902051
555.580228308,19,-0.200629508978,0.691312401871,-0.653770591075,-3.263442143585
555.580228308,20,0.466497947957,-0.118047826618,-0.654246995945,-3.262053150269
555.580228308,21,-0.392205757247,-0.109902853573,-0.654537273070,-3.262101811819
555.580228308,22,-0.302712859750,-0.637302042237,-0.653854009252,-3.261627287053
555.580228308,23,-0.288759030486,-0.706641962332,-0.653717916892,-3.261287193700
555.580228308,24,0.247322295012,0.350955367274,-0.653794918544,-3.261790340983
555.580228308,25,0.074787261056,0.096445748190,-0.653945345832,-3.261924971206
555.580228308,26,-0.666964389691,0.162147253369,-0.652663712975,-3.262877669414
555.580228308,27,-0.845280824069,-0.117233342714,-0.651999031305,-3.262435325568
555.580228308,28,-0.132330170724,0.949257192593,-0.653895355411,-3.263627023078
555.580228308,29,0.336207924789,0.715889821861,-0.654593245190,-3.262923884762
555.580228308,30,-0.957374541242,-0.023591530897,-0.652491936904,-3.262450956410
555.580228308,31,-0.500041272675,-0.783995520852,-0.652929423053,-3.260729109175
555.580228308,32,0.062162390311,0.462902484850,-0.654111848477,-3.261818669652
555.580228308,33,0.183465045254,0.912396847818,-0.654506666837,-3.263734001428
555.580228308,34,0.820746316452,-0.239013431427,-0.656101736075,-3.260939453214
555.580228308,35,-0.082811411792,-0.520583864882,-0.654172699525,-3.262246119576
555.580228308,36,0.872076003773,0.191120372610,-0.656253686724,-3.261883069940
555.580228308,37,0.923975088394,-0.107199574961,-0.655963226529,-3.261287306339
555.580228308,38,0.546429670468,0.029197788783,-0.654458439663,-3.262044541518
555.580228308,39,-0.068147332166,0.722771073819,-0.654034944385,-3.263278523188
555.580228308,40,0.232099646494,-0.132727392503,-0.653699684996,-3.262481562190
555.580228308,41,0.668337563064,0.369544736060,-0.655230960253,-3.262376022491
555.580228308,42,0.298260481154,-0.385936633415,-0.654229212276,-3.261947880259
555.580228308,43,0.537461705994,0.689998957023,-0.655101458251,-3.263013640592
555.580228308,44,0.179214366316,0.376183262628,-0.653889394316,-3.261712597284
555.580228308,45,0.120873073829,-0.546014611777,-0.654194186171,-3.261799782474
555.580228308,46,0.095259620052,-0.073485247346,-0.653886036855,-3.262396249323
555.580228308,47,-0.174958397984,0.044062235320,-0.654629481396,-3.261890021190
555.580228308,48,0.684267941530,0.168757891635,-0.655291749064,-3.262046892041
555.580228308,49,-0.272985766685,0.627527932138,-0.653646664023,-3.263349230567
555.580228308,50,0.355689383773,0.034283890732,-0.653648141077,-3.262229677719
555.580228308,51,-0.296168935074,0.412124334160,-0.653983035236,-3.262438825074
555.580228308,52,-0.030427507013,-0.047489747423,-0.654275000348,-3.262224306864
555.580228308,53,-0.058928234127,0.614487763132,-0.654106037233,-3.262659793651
555.580228308,54,-0.438225237114,-0.619541544687,-0.653548485233,-3.261503484700
555.580228308,55,0.586987722233,-0.287652890184,-0.655349229211,-3.261179262985
555.580228308,56,-0.893234633679,0.192961748815,-0.652761223356,-3.262665787097
555.580228308,57,0.209042374797,0.756830586690,-0.654447866853,-3.263096203666
555.580228308,58,0.456200181097,-0.240759852921,-0.654480642742,-3.261828800486
555.580228308,59,0.848956400642,-0.300491499258,-0.655856323035,-3.260954406876
555.580228308,60,0.467692217422,0.529859170031,-0.654501125714,-3.262436519627
555.580228308,61,0.703567742313,-0.513617321535,-0.655721568903,-3.260498965928
555.580228308,62,-0.196934932099,0.726158191337,-0.653750688185,-3.263580533451
555.580228308,63,0.458251820794,0.476912602367,-0.654346994734,-3.262301144064
555.580228308,64,0.463991791557,0.425283507540,-0.654256394756,-3.262224582371
555.580228308,65,0.008848738853,-0.148852234584,-0.654145714492,-3.262513594554
555.580228308,66,0.582006729594,0.361412444273,-0.654700326970,-3.262306640512
555.580228308,67,0.065178954920,-0.786962582334,-0.654259230909,-3.260427139045
555.580228308,68,0.063401758864,0.970615082298,-0.654250094301,-3.263790999571
555.580228308,69,-0.575734712982,0.322266381172,-0.652928741093,-3.263104397161
555.580228308,70,0.433947541588,0.545280601369,-0.654430722945,-3.262417931747
555.580228308,71,-0.413660120771,-0.589915628258,-0.653709318988,-3.261656207842
555.580228308,72,-0.616857948277,0.167562679736,-0.652947722458,-3.262774556004
555.580228308,73,-0.597695444839,0.470697221227,-0.652775880793,-3.263467397051
555.580228308,74,0.089333121815,-0.249740398459,-0.653965384161,-3.262651699202
555.580228308,75,-0.675800707668,0.177980995385,-0.652601694827,-3.262934578663
555.580228308,76,-0.280378025304,-0.729063091391,-0.653685834662,-3.261166894265
555.580228308,77,0.172188714929,-0.845121384045,-0.654564274799,-3.259901862527
555.580228308,78,-0.492107000221,-0.433198592759,-0.653801683467,-3.261920119342
555.580228308,79,0.534162287256,-0.132184657187,-0.654663137170,-3.261831258072
555.580228308,80,-0.072858359156,-0.024118308782,-0.654407546522,-3.262118651949
555.580228308,81,0.168274031647,0.853324569211,-0.654460890338,-3.263566698538
555.580228308,82,-0.268937337411,-0.072447765630,-0.654729735455,-3.262089285650
555.580228308,83,0.023934690090,0.699582138329,-0.654179127974,-3.262967313376
555.580228308,84,0.477787905658,0.275825694940,-0.654075296956,-3.262133830662
555.580228308,85,0.036645124562,-0.916231028192,-0.654206578611,-3.259822027213
555.580228308,86,-0.088683785592,0.970881583111,-0.653972199030,-3.263616689827
555.580228308,87,-0.219830174021,0.520143512239,-0.653963363760,-3.262643877300
555.580228308,88,0.944965954322,-0.069337104770,-0.655903415798,-3.261374792771
555.580228308,89,-0.471210637956,0.339837586631,-0.653432134448,-3.262829841619
555.580228308,90,-0.840595559603,0.324824900045,-0.652983920441,-3.262722663730
555.580228308,91,0.784840104461,-0.427632562475,-0.655731941883,-3.260751179893
555.580228308,92,0.201640674574,-0.783981004469,-0.654620481977,-3.260114517548
555.580228308,93,0.303634251820,-0.369472185553,-0.654205821384,-3.261989830847
555.580228308,94,-0.363735584074,0.073286353576,-0.654475783649,-3.261986725475
555.580228308,95,0.152060898489,0.633441885320,-0.654236723982,-3.262475930537
555.580228308,96,0.356639909075,0.156034381706,-0.653636847012,-3.262083572617
555.580228308,97,0.819425997097,0.449237113415,-0.656037193946,-3.262505318899
555.580228308,98,0.275899061299,0.320946203377,-0.653742635055,-3.261833997879
555.580228308,99,-0.021108112823,0.172768947399,-0.654237980521,-3.261682154962
555.676163619,0,-0.769463129821,-0.300463567000,-0.914539537937,-3.265899022960
555.676163619,1,-0.209167276947,0.100349733717,-0.916941246390,-3.265735707588
555.676163619,2,0.296023683601,-0.364321083002,-0.916494898856,-3.265959106159
555.676163619,3,0.228179259258,0.363738967315,-0.916159370707,-3.265697992832
555.676163619,4,-0.268060392883,0.322567088917,-0.916554422366,-3.265988814581
555.676163619,5,-0.572195141308,-0.696194819659,-0.915097535415,-3.264921593497
555.676163619,6,0.872210573234,-0.403229108530,-0.917499271264,-3.265142171431
555.676163619,7,-0.038958968812,0.524458383998,-0.916486973166,-3.266106801001
555.676163619,8,-0.343335149645,-0.837780124264,-0.915614092046,-3.264441298045
555.676163619,9,0.559014935847,0.759865116064,-0.917588120571,-3.267162835554
555.676163619,10,-0.044275750974,-0.714849713650,-0.916364093520,-3.265034553474
555.676163619,11,-0.132643416332,0.476833645177,-0.916481468620,-3.266116671690
555.676163619,12,0.035671008030,0.907176485191,-0.916520986525,-3.267765359870
555.676163619,13,0.058461798746,0.458634038709,-0.916444189921,-3.265746123800
555.676163619,14,-0.592016356790,0.625286882581,-0.915405361225,-3.267239781100
555.676163619,15,-0.376031977856,0.698956476628,-0.915612030085,-3.267689842127
555.676163619,16,-0.731729031643,-0.626082967965,-0.914494183110,-3.265066529336
555.676163619,17,-0.462686668492,-0.133526160008,-0.916549900753,-3.266033779270
555.676163619,18,-0.002004598931,-0.893935741652,-0.916409668019,-3.263861392318
555.676163619,19,-0.200629508978,0.691312401871,-0.916077434680,-3.267398631290
555.676163619,20,0.466497947957,-0.118047826618,-0.916564178164,-3.265984147077
555.676163619,21,-0.392205757247,-0.109902853573,-0.916830776462,-3.266023444993
555.676163619,22,-0.302712859750,-0.637302042237,-0.916149235601,-3.265525705509
555.676163619,23,-0.288759030486,-0.706641962332,-0.916013145151,-3.265184714012
555.676163619,24,0.247322295012,0.350955367274,-0.916129131578,-3.265720916669
555.676163619,25,0.074787261056,0.096445748190,-0.916281023144,-3.265852686005
555.676163619,26,-0.666964389691,0.162147253369,-0.914932489338,-3.266820868452
555.676163619,27,-0.845280824069,-0.117233342714,-0.914257555571,-3.266367752859
555.676163619,28,-0.132330170724,0.949257192593,-0.916199687937,-3.267589201381
555.676163619,29,0.336207924789,0.715889821861,-0.916918553032,-3.266857779111
555.676163619,30,-0.957374541242,-0.023591530897,-0.914735114052,-3.266395209368
555.676163619,31,-0.500041272675,-0.783995520852,-0.915213489769,-3.264629221798
555.676163619,32,0.062162390311,0.462902484850,-0.916442555617,-3.265756907284
555.676163619,33,0.183465045254,0.912396847818,-0.916826842419,-3.267679518888
555.676163619,34,0.820746316452,-0.239013431427,-0.918430668976,-3.264850924824
555.676163619,35,-0.082811411792,-0.520583864882,-0.916485710399,-3.266151339952
555.676163619,36,0.872076003773,0.191120372610,-0.918568487705,-3.265810794450
555.676163619,37,0.923975088394,-0.107199574961,-0.918303165503,-3.265198054529
555.676163619,38,0.546429670468,0.029197788783,-0.916771595471,-3.265976332257
555.676163619,39,-0.068147332166,0.722771073819,-0.916350897301,-3.267230521072
555.676163619,40,0.232099646494,-0.132727392503,-0.916030677958,-3.266407200511
555.676163619,41,0.668337563064,0.369544736060,-0.917539282619,-3.266304670782
555.676163619,42,0.298260481154,-0.385936633415,-0.916549513213,-3.265870391969
555.676163619,43,0.537461705994,0.689998957023,-0.917419056265,-3.266942332407
555.676163619,44,0.179214366316,0.376183262628,-0.916224239650,-3.265645037682
555.676163619,45,0.120873073829,-0.546014611777,-0.916511613572,-3.265711392679
555.676163619,46,0.095259620052,-0.073485247346,-0.916220172284,-3.266319826908
555.676163619,47,-0.174958397984,0.044062235320,-0.916947997395,-3.265817476306
555.676163619,48,0.684267941530,0.168757891635,-0.917598342903,-3.265977703335
555.676163619,49,-0.272985766685,0.627527932138,-0.915948602048,-3.267305992248
555.676163619,50,0.355689383773,0.034283890732,-0.915975947921,-3.266159072791
555.676163619,51,-0.296168935074,0.412124334160,-0.916286160400,-3.266387119089
555.676163619,52,-0.030427507013,-0.047489747423,-0.916604857267,-3.266147244965
555.676163619,53,-0.058928234127,0.614487763132,-0.916425812967,-3.266607827870
555.676163619,54,-0.438225237114,-0.619541544687,-0.915834135738,-3.265403144969
555.676163619,55,0.586987722233,-0.287652890184,-0.917661456209,-3.265105063419
555.676163619,56,-0.893234633679,0.192961748815,-0.915004296494,-3.266622516057
555.676163619,57,0.209042374797,0.756830586690,-0.916773294225,-3.267036296829
555.676163619,58,0.456200181097,-0.240759852921,-0.916796734026,-3.265757903100
555.676163619,59,0.848956400642,-0.300491499258,-0.918195947421,-3.264856489646
555.676163619,60,0.467692217422,0.529859170031,-0.916822737443,-3.266364573070
555.676163619,61,0.703567742313,-0.513617321535,-0.918053311919,-3.264395812304
555.676163619,62,-0.196934932099,0.726158191337,-0.916056962979,-3.267538123961
555.676163619,63,0.458251820794,0.476912602367,-0.916669357823,-3.266229164370
555.676163619,64,0.463991791557,0.425283507540,-0.916578432278,-3.266152585963
555.676163619,65,0.008848738853,-0.148852234584,-0.916475736406,-3.266433475764
555.676163619,66,0.582006729594,0.361412444273,-0.917013463044,-3.266234956896
555.676163619,67,0.065178954920,-0.786962582334,-0.916567635377,-3.264329101675
555.676163619,68,0.063401758864,0.970615082298,-0.916564612271,-3.267743786965
555.676163619,69,-0.575734712982,0.322266381172,-0.915204947950,-3.267054750370
555.676163619,70,0.433947541588,0.545280601369,-0.916754300640,-3.266346582382
555.676163619,71,-0.413660120771,-0.589915628258,-0.915996750369,-3.265556120922
555.676163619,72,-0.616857948277,0.167562679736,-0.915220507377,-3.266716904691
555.676163619,73,-0.597695444839,0.470697221227,-0.915048646980,-3.267427341334
555.676163619,74,0.089333121815,-0.249740398459,-0.916294613003,-3.266570683807
555.676163619,75,-0.675800707668,0.177980995385,-0.914869734005,-3.266878963582
555.676163619,76,-0.280378025304,-0.729063091391,-0.915981309963,-3.265064261384
555.676163619,77,0.172188714929,-0.845121384045,-0.916874081286,-3.263801500145
555.676163619,78,-0.492107000221,-0.433198592759,-0.916083292811,-3.265826450144
555.676163619,79,0.534162287256,-0.132184657187,-0.916976013123,-3.265762489109
555.676163619,80,-0.072858359156,-0.024118308782,-0.916734787525,-3.266042383305
555.676163619,81,0.168274031647,0.853324569211,-0.916782730022,-3.267511336253
555.676163619,82,-0.268937337411,-0.072447765630,-0.917037511321,-3.266011566464
555.676163619,83,0.023934690090,0.699582138329,-0.916501158663,-3.266914396369
555.676163619,84,0.477787905658,0.275825694940,-0.916395882397,-3.266062767282
555.676163619,85,0.036645124562,-0.916231028192,-0.916512259696,-3.263719912547
555.676163619,86,-0.088683785592,0.970881583111,-0.916278677803,-3.267577225769
555.676163619,87,-0.219830174021,0.520143512239,-0.916272269314,-3.266594532159
555.676163619,88,0.944965954322,-0.069337104770,-0.918245506961,-3.265286205434
555.676163619,89,-0.471210637956,0.339837586631,-0.915718060683,-3.266778769464
555.676163619,90,-0.840595559603,0.324824900045,-0.915228992718,-3.266687021957
555.676163619,91,0.784840104461,-0.427632562475,-0.918070116391,-3.264647641505
555.676163619,92,0.201640674574,-0.783981004469,-0.916931463997,-3.264017208030
555.676163619,93,0.303634251820,-0.369472185553,-0.916526433577,-3.265912977814
555.676163619,94,-0.363735584074,0.073286353576,-0.916773331896,-3.265918699968
555.676163619,95,0.152060898489,0.633441885320,-0.916565200451,-3.266415264129
555.676163619,96,0.356639909075,0.156034381706,-0.915965993426,-3.266012758823
555.676163619,97,0.819425997097,0.449237113415,-0.918346664964,-3.266434739418
555.676163619,98,0.275899061299,0.320946203377,-0.916076204095,-3.265763818606
555.676163619,99,-0.021108112823,0.172768947399,-0.916569149708,-3.265613145762
555.772098930,0,-0.769463129821,-0.300463567000,-1.177183475519,-3.269526708806
555.772098930,1,-0.209167276947,0.100349733717,-1.179634354855,-3.269372988570
555.772098930,2,0.296023683601,-0.364321083002,-1.179196588869,-3.269589178979
555.772098930,3,0.228179259258,0.363738967315,-1.178874709968,-3.269335710915
555.772098930,4,-0.268060392883,0.322567088917,-1.179239613283,-3.269638497645
555.772098930,5,-0.572195141308,-0.696194819659,-1.177755691146,-3.268531898731
555.772098930,6,0.872210573234,-0.403229108530,-1.180232595355,-3.268738743168
555.772098930,7,-0.038958968812,0.524458383998,-1.179189864270,-3.269757432922
555.772098930,8,-0.343335149645,-0.837780124264,-1.178284710427,-3.268047055049
555.772098930,9,0.559014935847,0.759865116064,-1.180286671995,-3.270798698764
555.772098930,10,-0.044275750974,-0.714849713650,-1.179050791932,-3.268643443329
555.772098930,11,-0.132643416332,0.476833645177,-1.179177892766,-3.269769018548
555.772098930,12,0.035671008030,0.907176485191,-1.179216404031,-3.271423972921
555.772098930,13,0.058461798746,0.458634038709,-1.179154649868,-3.269390945101
555.772098930,14,-0.592016356790,0.625286882581,-1.178053637780,-3.270915719276
555.772098930,15,-0.376031977856,0.698956476628,-1.178281633063,-3.271359193011
555.772098930,16,-0.731729031643,-0.626082967965,-1.177146538304,-3.268683900738
555.772098930,17,-0.462686668492,-0.133526160008,-1.179213293599,-3.269661816478
555.772098930,18,-0.002004598931,-0.893935741652,-1.179093744054,-3.267467988764
555.772098930,19,-0.200629508978,0.691312401871,-1.178763066333,-3.271061215234
555.772098930,20,0.466497947957,-0.118047826618,-1.179262792482,-3.269622187924
555.772098930,21,-0.392205757247,-0.109902853573,-1.179501906640,-3.269651672588
555.772098930,22,-0.302712859750,-0.637302042237,-1.178822834751,-3.269131449466
555.772098930,23,-0.288759030486,-0.706641962332,-1.178686911421,-3.268789740932
555.772098930,24,0.247322295012,0.350955367274,-1.178844294620,-3.269358098379
555.772098930,25,0.074787261056,0.096445748190,-1.178996505562,-3.269486943175
555.772098930,26,-0.666964389691,0.162147253369,-1.177579733771,-3.270470031895
555.772098930,27,-0.845280824069,-0.117233342714,-1.176895835283,-3.270006655634
555.772098930,28,-0.132330170724,0.949257192593,-1.178883347338,-3.271257093143
555.772098930,29,0.336207924789,0.715889821861,-1.179625076698,-3.270498074026
555.772098930,30,-0.957374541242,-0.023591530897,-1.177359218125,-3.270045481251
555.772098930,31,-0.500041272675,-0.783995520852,-1.177876478363,-3.268237538412
555.772098930,32,0.062162390311,0.462902484850,-1.179153081614,-3.269401721794
555.772098930,33,0.183465045254,0.912396847818,-1.179527434420,-3.271331200142
555.772098930,34,0.820746316452,-0.239013431427,-1.181139044222,-3.268471245565
555.772098930,35,-0.082811411792,-0.520583864882,-1.179177584612,-3.269763407299
555.772098930,36,0.872076003773,0.191120372610,-1.181263500170,-3.269446116145
555.772098930,37,0.923975088394,-0.107199574961,-1.181022113779,-3.268817622051
555.772098930,38,0.546429670468,0.029197788783,-1.179466446208,-3.269615162437
555.772098930,39,-0.068147332166,0.722771073819,-1.179046124223,-3.270888793137
555.772098930,40,0.232099646494,-0.132727392503,-1.178742327272,-3.270039460228
555.772098930,41,0.668337563064,0.369544736060,-1.180229390220,-3.269940048899
555.772098930,42,0.298260481154,-0.385936633415,-1.179250396330,-3.269499924918
555.772098930,43,0.537461705994,0.689998957023,-1.180118412112,-3.270577305261
555.772098930,44,0.179214366316,0.376183262628,-1.178939624212,-3.269284081388
555.772098930,45,0.120873073829,-0.546014611777,-1.179208782091,-3.269330003088
555.772098930,46,0.095259620052,-0.073485247346,-1.178934188057,-3.269949925562
555.772098930,47,-0.174958397984,0.044062235320,-1.179644800771,-3.269451445761
555.772098930,48,0.684267941530,0.168757891635,-1.180286472124,-3.269615644037
555.772098930,49,-0.272985766685,0.627527932138,-1.178629070649,-3.270968796048
555.772098930,50,0.355689383773,0.034283890732,-1.178685142201,-3.269795164735
555.772098930,51,-0.296168935074,0.412124334160,-1.178967431942,-3.270041683101
555.772098930,52,-0.030427507013,-0.047489747423,-1.179313796997,-3.269776690989
555.772098930,53,-0.058928234127,0.614487763132,-1.179124814827,-3.270262274713
555.772098930,54,-0.438225237114,-0.619541544687,-1.178498102285,-3.269010326664
555.772098930,55,0.586987722233,-0.287652890184,-1.180354457046,-3.268738724073
555.772098930,56,-0.893234633679,0.192961748815,-1.177627787401,-3.270284627055
555.772098930,57,0.209042374797,0.756830586690,-1.179479330207,-3.270682789227
555.772098930,58,0.456200181097,-0.240759852921,-1.179493978255,-3.269394224170
555.772098930,59,0.848956400642,-0.300491499258,-1.180914628347,-3.268467732275
555.772098930,60,0.467692217422,0.529859170031,-1.179526162305,-3.269999126345
555.772098930,61,0.703567742313,-0.513617321535,-1.180764377722,-3.268001858748
555.772098930,62,-0.196934932099,0.726158191337,-1.178742088317,-3.271201759540
555.772098930,63,0.458251820794,0.476912602367,-1.179373544847,-3.269863729404
555.772098930,64,0.463991791557,0.425283507540,-1.179282329747,-3.269787170850
555.772098930,65,0.008848738853,-0.148852234584,-1.179185066331,-3.270059866427
555.772098930,66,0.582006729594,0.361412444273,-1.179708564040,-3.269869947299
555.772098930,67,0.065178954920,-0.786962582334,-1.179255474642,-3.267938768231
555.772098930,68,0.063401758864,0.970615082298,-1.179259063008,-3.271402552970
555.772098930,69,-0.575734712982,0.322266381172,-1.177859403501,-3.270710929206
555.772098930,70,0.433947541588,0.545280601369,-1.179459593090,-3.269981733319
555.772098930,71,-0.413660120771,-0.589915628258,-1.178662405196,-3.269163427191
555.772098930,72,-0.616857948277,0.167562679736,-1.177871489641,-3.270365299449
555.772098930,73,-0.597695444839,0.470697221227,-1.177700070926,-3.271092725749
555.772098930,74,0.089333121815,-0.249740398459,-1.179003607853,-3.270196230381
555.772098930,75,-0.675800707668,0.177980995385,-1.177516316697,-3.270529258943
555.772098930,76,-0.280378025304,-0.729063091391,-1.178655382731,-3.268669194578
555.772098930,77,0.172188714929,-0.845121384045,-1.179563447234,-3.267409334931
555.772098930,78,-0.492107000221,-0.433198592759,-1.178742887370,-3.269439933747
555.772098930,79,0.534162287256,-0.132184657187,-1.179670262819,-3.269400993157
555.772098930,80,-0.072858359156,-0.024118308782,-1.179440856475,-3.269672626240
555.772098930,81,0.168274031647,0.853324569211,-1.179484944996,-3.271162237177
555.772098930,82,-0.268937337411,-0.072447765630,-1.179723171954,-3.269640392805
555.772098930,83,0.023934690090,0.699582138329,-1.179202867352,-3.270567880635
555.772098930,84,0.477787905658,0.275825694940,-1.179098362519,-3.269698391575
555.772098930,85,0.036645124562,-0.916231028192,-1.179197314207,-3.267326063356
555.772098930,86,-0.088683785592,0.970881583111,-1.178964611162,-3.271243513503
555.772098930,87,-0.219830174021,0.520143512239,-1.178959663913,-3.270251474024
555.772098930,88,0.944965954322,-0.069337104770,-1.180966541460,-3.268906379603
555.772098930,89,-0.471210637956,0.339837586631,-1.178381969818,-3.270433729673
555.772098930,90,-0.840595559603,0.324824900045,-1.177854168153,-3.270356476896
555.772098930,91,0.784840104461,-0.427632562475,-1.180787407283,-3.268253386917
555.772098930,92,0.201640674574,-0.783981004469,-1.179622116067,-3.267627894147
555.772098930,93,0.303634251820,-0.369472185553,-1.179227673462,-3.269543128741
555.772098930,94,-0.363735584074,0.073286353576,-1.179448569770,-3.269557130128
555.772098930,95,0.152060898489,0.633441885320,-1.179274030042,-3.270061114236
555.772098930,96,0.356639909075,0.156034381706,-1.178676615881,-3.269648602631
555.772098930,97,0.819425997097,0.449237113415,-1.181037135844,-3.270070885850
555.772098930,98,0.275899061299,0.320946203377,-1.178790885781,-3.269400248398
555.772098930,99,-0.021108112823,0.172768947399,-1.179279521341,-3.269250682904
555.868034241,0,-0.769463129821,-0.300463567000,-1.440207976307,-3.272860176709
555.868034241,1,-0.209167276947,0.100349733717,-1.442706778077,-3.272715493465
555.868034241,2,0.296023683601,-0.364321083002,-1.442280042656,-3.272924955323
555.868034241,3,0.228179259258,0.363738967315,-1.441972051715,-3.272678790831
555.868034241,4,-0.268060392883,0.322567088917,-1.442304109779,-3.272993266914
555.868034241,5,-0.572195141308,-0.696194819659,-1.440794010309,-3.271849017307
555.868034241,6,0.872210573234,-0.403229108530,-1.443346054257,-3.272043509730
555.868034241,7,-0.038958968812,0.524458383998,-1.442273200294,-3.273113292913
555.868034241,8,-0.343335149645,-0.837780124264,-1.441335380334,-3.271359658593
555.868034241,9,0.559014935847,0.759865116064,-1.443368210920,-3.274139536283
555.868034241,10,-0.044275750974,-0.714849713650,-1.442117745897,-3.271958427500
555.868034241,11,-0.132643416332,0.476833645177,-1.442254273107,-3.273126523094
555.868034241,12,0.035671008030,0.907176485191,-1.442292869858,-3.274787409626
555.868034241,13,0.058461798746,0.458634038709,-1.442246070432,-3.272741084768
555.868034241,14,-0.592016356790,0.625286882581,-1.441082293284,-3.274295371623
555.868034241,15,-0.376031977856,0.698956476628,-1.441331145106,-3.274732844278
555.868034241,16,-0.731729031643,-0.626082967965,-1.440179810929,-3.272008143557
555.868034241,17,-0.462686668492,-0.133526160008,-1.442255552640,-3.272995202817
555.868034241,18,-0.002004598931,-0.893935741652,-1.442158281354,-3.270781444516
555.868034241,19,-0.200629508978,0.691312401871,-1.441828720873,-3.274428595121
555.868034241,20,0.466497947957,-0.118047826618,-1.442344047785,-3.272966007570
555.868034241,21,-0.392205757247,-0.109902853573,-1.442551871071,-3.272985213569
555.868034241,22,-0.302712859750,-0.637302042237,-1.441875982676,-3.272443278214
555.868034241,23,-0.288759030486,-0.706641962332,-1.441740390999,-3.272101038114
555.868034241,24,0.247322295012,0.350955367274,-1.441941574430,-3.272700643962
555.868034241,25,0.074787261056,0.096445748190,-1.442092921553,-3.272826483381
555.868034241,26,-0.666964389691,0.162147253369,-1.440606793120,-3.273823825835
555.868034241,27,-0.845280824069,-0.117233342714,-1.439915285861,-3.273350708785
555.868034241,28,-0.132330170724,0.949257192593,-1.441947600272,-3.274629402904
555.868034241,29,0.336207924789,0.715889821861,-1.442714047349,-3.273843553104
555.868034241,30,-0.957374541242,-0.023591530897,-1.440365709350,-3.273400423764
555.868034241,31,-0.500041272675,-0.783995520852,-1.440919640649,-3.271552829359
555.868034241,32,0.062162390311,0.462902484850,-1.442244592255,-3.272751855280
555.868034241,33,0.183465045254,0.912396847818,-1.442609683269,-3.274687810965
555.868034241,34,0.820746316452,-0.239013431427,-1.444228253921,-3.271799139355
555.868034241,35,-0.082811411792,-0.520583864882,-1.442249446820,-3.273081068759
555.868034241,36,0.872076003773,0.191120372610,-1.444340173977,-3.272787801731
555.868034241,37,0.923975088394,-0.107199574961,-1.444121512048,-3.272144753202
555.868034241,38,0.546429670468,0.029197788783,-1.442544242371,-3.272959777945
555.868034241,39,-0.068147332166,0.722771073819,-1.442121840325,-3.274252060961
555.868034241,40,0.232099646494,-0.132727392503,-1.441835766133,-3.273377080411
555.868034241,41,0.668337563064,0.369544736060,-1.443302617688,-3.273280940527
555.868034241,42,0.298260481154,-0.385936633415,-1.442333011318,-3.272835206242
555.868034241,43,0.537461705994,0.689998957023,-1.443200821414,-3.273917365319
555.868034241,44,0.179214366316,0.376183262628,-1.442036708116,-3.272628481300
555.868034241,45,0.120873073829,-0.546014611777,-1.442286814656,-3.272654349973
555.868034241,46,0.095259620052,-0.073485247346,-1.442029203524,-3.273285285191
555.868034241,47,-0.174958397984,0.044062235320,-1.442721042738,-3.272790655720
555.868034241,48,0.684267941530,0.168757891635,-1.443357471023,-3.272959474827
555.868034241,49,-0.272985766685,0.627527932138,-1.441689313473,-3.274336331988
555.868034241,50,0.355689383773,0.034283890732,-1.441776894018,-3.273136700276
555.868034241,51,-0.296168935074,0.412124334160,-1.442028070025,-3.273401214151
555.868034241,52,-0.030427507013,-0.047489747423,-1.442402943055,-3.273111381296
555.868034241,53,-0.058928234127,0.614487763132,-1.442204239231,-3.273621859072
555.868034241,54,-0.438225237114,-0.619541544687,-1.441541607090,-3.272323787744
555.868034241,55,0.586987722233,-0.287652890184,-1.443429501390,-3.272078961245
555.868034241,56,-0.893234633679,0.192961748815,-1.440633143168,-3.273650755986
555.868034241,57,0.209042374797,0.756830586690,-1.442567190573,-3.274034447576
555.868034241,58,0.456200181097,-0.240759852921,-1.442573579673,-3.272736489737
555.868034241,59,0.848956400642,-0.300491499258,-1.444013757512,-3.271786862287
555.868034241,60,0.467692217422,0.529859170031,-1.442612648700,-3.273338966153
555.868034241,61,0.703567742313,-0.513617321535,-1.443856085571,-3.271315814364
555.868034241,62,-0.196934932099,0.726158191337,-1.441807303971,-3.274570139274
555.868034241,63,0.458251820794,0.476912602367,-1.442460794956,-3.273203621042
555.868034241,64,0.463991791557,0.425283507540,-1.442369323482,-3.273127115353
555.868034241,65,0.008848738853,-0.148852234584,-1.442274821022,-3.273391504986
555.868034241,66,0.582006729594,0.361412444273,-1.442786915706,-3.273210391028
555.868034241,67,0.065178954920,-0.786962582334,-1.442323884895,-3.271254882272
555.868034241,68,0.063401758864,0.970615082298,-1.442334695681,-3.274766041050
555.868034241,69,-0.575734712982,0.322266381172,-1.440893426128,-3.274071597221
555.868034241,70,0.433947541588,0.545280601369,-1.442547837816,-3.273322169313
555.868034241,71,-0.413660120771,-0.589915628258,-1.441707495444,-3.272476882499
555.868034241,72,-0.616857948277,0.167562679736,-1.440901992707,-3.273718412284
555.868034241,73,-0.597695444839,0.470697221227,-1.440731496454,-3.274462198169
555.868034241,74,0.089333121815,-0.249740398459,-1.442093483367,-3.273527077531
555.868034241,75,-0.675800707668,0.177980995385,-1.440542795140,-3.273884128127
555.868034241,76,-0.280378025304,-0.729063091391,-1.441709227177,-3.271980458712
555.868034241,77,0.172188714929,-0.845121384045,-1.442633524803,-3.270724099958
555.868034241,78,-0.492107000221,-0.433198592759,-1.441781708460,-3.272759310055
555.868034241,79,0.534162287256,-0.132184657187,-1.442747127742,-3.272745501615
555.868034241,80,-0.072858359156,-0.024118308782,-1.442526882653,-3.273008114909
555.868034241,81,0.168274031647,0.853324569211,-1.442568763999,-3.274518163404
555.868034241,82,-0.268937337411,-0.072447765630,-1.442787885263,-3.272974489733
555.868034241,83,0.023934690090,0.699582138329,-1.442285456238,-3.273926503182
555.868034241,84,0.477787905658,0.275825694940,-1.442183967031,-3.273039470545
555.868034241,85,0.036645124562,-0.916231028192,-1.442262890143,-3.270639229302
555.868034241,86,-0.088683785592,0.970881583111,-1.442031262662,-3.274614265914
555.868034241,87,-0.219830174021,0.520143512239,-1.442026760808,-3.273613406071
555.868034241,88,0.944965954322,-0.069337104770,-1.444067969652,-3.272234064905
555.868034241,89,-0.471210637956,0.339837586631,-1.441425136897,-3.273793399210
555.868034241,90,-0.840595559603,0.324824900045,-1.440860880752,-3.273729657563
555.868034241,91,0.784840104461,-0.427632562475,-1.443885169480,-3.271567134536
555.868034241,92,0.201640674574,-0.783981004469,-1.442693589467,-3.270945305025
555.868034241,93,0.303634251820,-0.369472185553,-1.442310691789,-3.272879011070
555.868034241,94,-0.363735584074,0.073286353576,-1.442502705445,-3.272900724713
555.868034241,95,0.152060898489,0.633441885320,-1.442364404413,-3.273412236501
555.868034241,96,0.356639909075,0.156034381706,-1.441769891175,-3.272989858145
555.868034241,97,0.819425997097,0.449237113415,-1.444110037990,-3.273412556737
555.868034241,98,0.275899061299,0.320946203377,-1.441887849308,-3.272742045974
555.868034241,99,-0.021108112823,0.172768947399,-1.442370233603,-3.272593500911
555.963969553,0,-0.769463129821,-0.300463567000,-1.703614426204,-3.275898120921
555.963969553,1,-0.209167276947,0.100349733717,-1.706159689529,-3.275761933603
555.963969553,2,0.296023683601,-0.364321083002,-1.705746413368,-3.275965154599
555.963969553,3,0.228179259258,0.363738967315,-1.705452566895,-3.275725979180
555.963969553,4,-0.268060392883,0.322567088917,-1.705749123388,-3.276051817096
555.963969553,5,-0.572195141308,-0.696194819659,-1.704213784423,-3.274871700492
555.963969553,6,0.872210573234,-0.403229108530,-1.706841023419,-3.275055198820
555.963969553,7,-0.038958968812,0.524458383998,-1.705738170712,-3.276173099305
555.963969553,8,-0.343335149645,-0.837780124264,-1.704767312060,-3.274377873808
555.963969553,9,0.559014935847,0.759865116064,-1.706834054368,-3.277184151644
555.963969553,10,-0.044275750974,-0.714849713650,-1.705566095703,-3.274978249286
555.963969553,11,-0.132643416332,0.476833645177,-1.705711807160,-3.276187891797
555.963969553,12,0.035671008030,0.907176485191,-1.705751630829,-3.277854396922
555.963969553,13,0.058461798746,0.458634038709,-1.705719624730,-3.275795273966
555.963969553,14,-0.592016356790,0.625286882581,-1.704492698366,-3.277377364226
555.963969553,15,-0.376031977856,0.698956476628,-1.704761864695,-3.277809453151
555.963969553,16,-0.731729031643,-0.626082967965,-1.703595361828,-3.275037990703
555.963969553,17,-0.462686668492,-0.133526160008,-1.705677924502,-3.276032643811
555.963969553,18,-0.002004598931,-0.893935741652,-1.705604433846,-3.273800504906
555.963969553,19,-0.200629508978,0.691312401871,-1.705275643345,-3.277499459487
555.963969553,20,0.466497947957,-0.118047826618,-1.705809155779,-3.276014331512
555.963969553,21,-0.392205757247,-0.109902853573,-1.705981888787,-3.276022777076
555.963969553,22,-0.302712859750,-0.637302042237,-1.705309866403,-3.275459942394
555.963969553,23,-0.288759030486,-0.706641962332,-1.705174770124,-3.275117360688
555.963969553,24,0.247322295012,0.350955367274,-1.705422143523,-3.275747301127
555.963969553,25,0.074787261056,0.096445748190,-1.705571406942,-3.275870037562
555.963969553,26,-0.666964389691,0.162147253369,-1.704015026416,-3.276880905708
555.963969553,27,-0.845280824069,-0.117233342714,-1.703317333815,-3.276398576618
555.963969553,28,-0.132330170724,0.949257192593,-1.705393723286,-3.277704823669
555.963969553,29,0.336207924789,0.715889821861,-1.706186701619,-3.276892989193
555.963969553,30,-0.957374541242,-0.023591530897,-1.703756056532,-3.276458678052
555.963969553,31,-0.500041272675,-0.783995520852,-1.704344240292,-3.274573855789
555.963969553,32,0.062162390311,0.462902484850,-1.705718261116,-3.275806039358
555.963969553,33,0.183465045254,0.912396847818,-1.706074836716,-3.277748105923
555.963969553,34,0.820746316452,-0.239013431427,-1.707699693386,-3.274833318957
555.963969553,35,-0.082811411792,-0.520583864882,-1.705702430677,-3.276103062956
555.963969553,36,0.872076003773,0.191120372610,-1.707799961100,-3.275834607441
555.963969553,37,0.923975088394,-0.107199574961,-1.707602806428,-3.275178180243
555.963969553,38,0.546429670468,0.029197788783,-1.706006236584,-3.276008915096
555.963969553,39,-0.068147332166,0.722771073819,-1.705579270002,-3.277319035017
555.963969553,40,0.232099646494,-0.132727392503,-1.705312133205,-3.276418790963
555.963969553,41,0.668337563064,0.369544736060,-1.706760301344,-3.276326119234
555.963969553,42,0.298260481154,-0.385936633415,-1.705798512509,-3.275874954409
555.963969553,43,0.537461705994,0.689998957023,-1.706667583317,-3.276961308197
555.963969553,44,0.179214366316,0.376183262628,-1.705516657984,-3.275676980096
555.963969553,45,0.120873073829,-0.546014611777,-1.705746840945,-3.275683161288
555.963969553,46,0.095259620052,-0.073485247346,-1.705506345088,-3.276324636351
555.963969553,47,-0.174958397984,0.044062235320,-1.706177884312,-3.275833822501
555.963969553,48,0.684267941530,0.168757891635,-1.706812675172,-3.276007946457
555.963969553,49,-0.272985766685,0.627527932138,-1.705130584840,-3.277407278973
555.963969553,50,0.355689383773,0.034283890732,-1.705252377643,-3.276182416654
555.963969553,51,-0.296168935074,0.412124334160,-1.705469305616,-3.276464398539
555.963969553,52,-0.030427507013,-0.047489747423,-1.705873427351,-3.276150042739
555.963969553,53,-0.058928234127,0.614487763132,-1.705665291643,-3.276685294945
555.963969553,54,-0.438225237114,-0.619541544687,-1.704965884270,-3.275342277149
555.963969553,55,0.586987722233,-0.287652890184,-1.706887860798,-3.275124481882
555.963969553,56,-0.893234633679,0.192961748815,-1.704021820549,-3.276719528285
555.963969553,57,0.209042374797,0.756830586690,-1.706038097882,-3.277090027673
555.963969553,58,0.456200181097,-0.240759852921,-1.706036745420,-3.275783416780
555.963969553,59,0.848956400642,-0.300491499258,-1.707494731421,-3.274812595184
555.963969553,60,0.467692217422,0.529859170031,-1.706083448778,-3.276382868835
555.963969553,61,0.703567742313,-0.513617321535,-1.707329758281,-3.274336377403
555.963969553,62,-0.196934932099,0.726158191337,-1.705253859908,-3.277641951024
555.963969553,63,0.458251820794,0.476912602367,-1.705932351025,-3.276247610880
555.963969553,64,0.463991791557,0.425283507540,-1.705840653362,-3.276171187600
555.963969553,65,0.008848738853,-0.148852234584,-1.705746125201,-3.276427120631
555.963969553,66,0.582006729594,0.361412444273,-1.706249806087,-3.276255057309
555.963969553,67,0.065178954920,-0.786962582334,-1.705774009849,-3.274276179462
555.963969553,68,0.063401758864,0.970615082298,-1.705792767913,-3.277832983252
555.963969553,69,-0.575734712982,0.322266381172,-1.704308346261,-3.277135407148
555.963969553,70,0.433947541588,0.545280601369,-1.706020276460,-3.276366664711
555.963969553,71,-0.413660120771,-0.589915628258,-1.705133244878,-3.275495233706
555.963969553,72,-0.616857948277,0.167562679736,-1.704313352273,-3.276774904574
555.963969553,73,-0.597695444839,0.470697221227,-1.704144279203,-3.277534395485
555.963969553,74,0.089333121815,-0.249740398459,-1.705565361274,-3.276561954888
555.963969553,75,-0.675800707668,0.177980995385,-1.703950533705,-3.276942223832
555.963969553,76,-0.280378025304,-0.729063091391,-1.705144028383,-3.274996810186
555.963969553,77,0.172188714929,-0.845121384045,-1.706085472584,-3.273744520433
555.963969553,78,-0.492107000221,-0.433198592759,-1.705201009604,-3.275783309548
555.963969553,79,0.534162287256,-0.132184657187,-1.706207851535,-3.275794736561
555.963969553,80,-0.072858359156,-0.024118308782,-1.705994004171,-3.276047573873
555.963969553,81,0.168274031647,0.853324569211,-1.706035423117,-3.277577865905
555.963969553,82,-0.268937337411,-0.072447765630,-1.706232829784,-3.276012572583
555.963969553,83,0.023934690090,0.699582138329,-1.705750135933,-3.276988990039
555.963969553,84,0.477787905658,0.275825694940,-1.705653928784,-3.276084761254
555.963969553,85,0.036645124562,-0.916231028192,-1.705710143418,-3.273658152292
555.963969553,86,-0.088683785592,0.970881583111,-1.705479905471,-3.277688184349
555.963969553,87,-0.219830174021,0.520143512239,-1.705474783526,-3.276679020605
555.963969553,88,0.944965954322,-0.069337104770,-1.707551247891,-3.275267998826
555.963969553,89,-0.471210637956,0.339837586631,-1.704848848745,-3.276856444255
555.963969553,90,-0.840595559603,0.324824900045,-1.704250574724,-3.276805182467
555.963969553,91,0.784840104461,-0.427632562475,-1.707364762308,-3.274587591038
555.963969553,92,0.201640674574,-0.783981004469,-1.706147041507,-3.273968161838
555.963969553,93,0.303634251820,-0.369472185553,-1.705776643887,-3.275919343544
555.963969553,94,-0.363735584074,0.073286353576,-1.705936958401,-3.275948182332
555.963969553,95,0.152060898489,0.633441885320,-1.705837522352,-3.276467375827
555.963969553,96,0.356639909075,0.156034381706,-1.705247000402,-3.276035269749
555.963969553,97,0.819425997097,0.449237113415,-1.707566804578,-3.276458540406
555.963969553,98,0.275899061299,0.320946203377,-1.705368269278,-3.275787959998
555.963969553,99,-0.021108112823,0.172768947399,-1.705842433059,-3.275640324343
556.059904864,0,-0.769463129821,-0.300463567000,-1.967404222827,-3.278639225178
556.059904864,1,-0.209167276947,0.100349733717,-1.969994272895,-3.278511010185
556.059904864,2,0.296023683601,-0.364321083002,-1.969596858913,-3.278708487433
556.059904864,3,0.228179259258,0.363738967315,-1.969317432529,-3.278476012288
556.059904864,4,-0.268060392883,0.322567088917,-1.969575876335,-3.278812832247
556.059904864,5,-0.572195141308,-0.696194819659,-1.968016317010,-3.277598689879
556.059904864,6,0.872210573234,-0.403229108530,-1.970718885304,-3.277772524693
556.059904864,7,-0.038958968812,0.524458383998,-1.969585973896,-3.278935559617
556.059904864,8,-0.343335149645,-0.837780124264,-1.968581727133,-3.277100457103
556.059904864,9,0.559014935847,0.759865116064,-1.970685522937,-3.279931337636
556.059904864,10,-0.044275750974,-0.714849713650,-1.969396990418,-3.277701643804
556.059904864,11,-0.132643416332,0.476833645177,-1.969551702117,-3.278951820315
556.059904864,12,0.035671008030,0.907176485191,-1.969593942448,-3.280623650281
556.059904864,13,0.058461798746,0.458634038709,-1.969576493807,-3.278552233273
556.059904864,14,-0.592016356790,0.625286882581,-1.968286235086,-3.280160312029
556.059904864,15,-0.376031977856,0.698956476628,-1.968575101548,-3.280587665470
556.059904864,16,-0.731729031643,-0.626082967965,-1.967394563104,-3.277772164609
556.059904864,17,-0.462686668492,-0.133526160008,-1.969481667856,-3.278772834971
556.059904864,18,-0.002004598931,-0.893935741652,-1.969433363856,-3.276523907373
556.059904864,19,-0.200629508978,0.691312401871,-1.969105089090,-3.280272485582
556.059904864,20,0.466497947957,-0.118047826618,-1.969659331038,-3.278765875914
556.059904864,21,-0.392205757247,-0.109902853573,-1.969793190459,-3.278763062310
556.059904864,22,-0.302712859750,-0.637302042237,-1.969125684096,-3.278180183872
556.059904864,23,-0.288759030486,-0.706641962332,-1.968991246050,-3.277837455136
556.059904864,24,0.247322295012,0.350955367274,-1.969287180266,-3.278496807346
556.059904864,25,0.074787261056,0.096445748190,-1.969433105020,-3.278616326829
556.059904864,26,-0.666964389691,0.162147253369,-1.967805804801,-3.279639916186
556.059904864,27,-0.845280824069,-0.117233342714,-1.967103416459,-3.279148912729
556.059904864,28,-0.132330170724,0.949257192593,-1.969223002892,-3.280482036793
556.059904864,29,0.336207924789,0.715889821861,-1.970044281682,-3.279645144273
556.059904864,30,-0.957374541242,-0.023591530897,-1.967531736527,-3.279218874609
556.059904864,31,-0.500041272675,-0.783995520852,-1.968151552763,-3.277299369482
556.059904864,32,0.062162390311,0.462902484850,-1.969575269667,-3.278562995046
556.059904864,33,0.183465045254,0.912396847818,-1.969924149914,-3.280510828242
556.059904864,34,0.820746316452,-0.239013431427,-1.971554760719,-3.277572486049
556.059904864,35,-0.082811411792,-0.520583864882,-1.969537678956,-3.278828119895
556.059904864,36,0.872076003773,0.191120372610,-1.971644315261,-3.278585279005
556.059904864,37,0.923975088394,-0.107199574961,-1.971467447771,-3.277916623499
556.059904864,38,0.546429670468,0.029197788783,-1.969853683621,-3.278761300567
556.059904864,39,-0.068147332166,0.722771073819,-1.969419646971,-3.280088414551
556.059904864,40,0.232099646494,-0.132727392503,-1.969172572729,-3.279163312531
556.059904864,41,0.668337563064,0.369544736060,-1.970603779144,-3.279074348381
556.059904864,42,0.298260481154,-0.385936633415,-1.969648058968,-3.278617879156
556.059904864,43,0.537461705994,0.689998957023,-1.970520000498,-3.279707918828
556.059904864,44,0.179214366316,0.376183262628,-1.969380647049,-3.278428310117
556.059904864,45,0.120873073829,-0.546014611777,-1.969589997496,-3.278415156581
556.059904864,46,0.095259620052,-0.073485247346,-1.969366746313,-3.279066700148
556.059904864,47,-0.174958397984,0.044062235320,-1.970016496425,-3.278579652455
556.059904864,48,0.684267941530,0.168757891635,-1.970653421357,-3.278759799684
556.059904864,49,-0.272985766685,0.627527932138,-1.968954149814,-3.280180304676
556.059904864,50,0.355689383773,0.034283890732,-1.969112771597,-3.278931041530
556.059904864,51,-0.296168935074,0.412124334160,-1.969292380571,-3.279229911705
556.059904864,52,-0.030427507013,-0.047489747423,-1.969726390312,-3.278891392563
556.059904864,53,-0.058928234127,0.614487763132,-1.969509186674,-3.279451285321
556.059904864,54,-0.438225237114,-0.619541544687,-1.968772179879,-3.278064534641
556.059904864,55,0.586987722233,-0.287652890184,-1.970730808671,-3.277873983564
556.059904864,56,-0.893234633679,0.192961748815,-1.967795285562,-3.279489558863
556.059904864,57,0.209042374797,0.756830586690,-1.969893281571,-3.279848274269
556.059904864,58,0.456200181097,-0.240759852921,-1.969884685582,-3.278533713160
556.059904864,59,0.848956400642,-0.300491499258,-1.971358950815,-3.277543634575
556.059904864,60,0.467692217422,0.529859170031,-1.969939818481,-3.279129600258
556.059904864,61,0.703567742313,-0.513617321535,-1.971186721930,-3.277062235341
556.059904864,62,-0.196934932099,0.726158191337,-1.969083016380,-3.280415871311
556.059904864,63,0.458251820794,0.476912602367,-1.969789459707,-3.278994460130
556.059904864,64,0.463991791557,0.425283507540,-1.969697562881,-3.278918145420
556.059904864,65,0.008848738853,-0.148852234584,-1.969600111680,-3.279165433198
556.059904864,66,0.582006729594,0.361412444273,-1.970098525533,-3.279002705181
556.059904864,67,0.065178954920,-0.786962582334,-1.969607000849,-3.277001387495
556.059904864,68,0.063401758864,0.970615082298,-1.969634545872,-3.280602100074
556.059904864,69,-0.575734712982,0.322266381172,-1.968105506365,-3.279901000792
556.059904864,70,0.433947541588,0.545280601369,-1.969878154838,-3.279113983346
556.059904864,71,-0.413660120771,-0.589915628258,-1.968940889104,-3.278217218539
556.059904864,72,-0.616857948277,0.167562679736,-1.968106916246,-3.279533426950
556.059904864,73,-0.597695444839,0.470697221227,-1.967939786585,-3.280307943514
556.059904864,74,0.089333121815,-0.249740398459,-1.969420370493,-3.279299583018
556.059904864,75,-0.675800707668,0.177980995385,-1.967740908823,-3.279702187976
556.059904864,76,-0.280378025304,-0.729063091391,-1.968960982375,-3.277716996796
556.059904864,77,0.172188714929,-0.845121384045,-1.969920455682,-3.276469313640
556.059904864,78,-0.492107000221,-0.433198592759,-1.969002056548,-3.278510653145
556.059904864,79,0.534162287256,-0.132184657187,-1.970053680014,-3.278547410673
556.059904864,80,-0.072858359156,-0.024118308782,-1.969843368082,-3.278789717987
556.059904864,81,0.168274031647,0.853324569211,-1.969886165863,-3.280340084398
556.059904864,82,-0.268937337411,-0.072447765630,-1.970059194783,-3.278753346858
556.059904864,83,0.023934690090,0.699582138329,-1.969598125560,-3.279754056136
556.059904864,84,0.477787905658,0.275825694940,-1.969509483825,-3.278833010736
556.059904864,85,0.036645124562,-0.916231028192,-1.969540237954,-3.276381566385
556.059904864,86,-0.088683785592,0.970881583111,-1.969311822450,-3.280463958495
556.059904864,87,-0.219830174021,0.520143512239,-1.969304965970,-3.279446998946
556.059904864,88,0.944965954322,-0.069337104770,-1.971417837776,-3.278006906806
556.059904864,89,-0.471210637956,0.339837586631,-1.968654404016,-3.279621520095
556.059904864,90,-0.840595559603,0.324824900045,-1.968024704164,-3.279581659556
556.059904864,91,0.784840104461,-0.427632562475,-1.971227549040,-3.277313451505
556.059904864,92,0.201640674574,-0.783981004469,-1.969983635623,-3.276695177752
556.059904864,93,0.303634251820,-0.369472185553,-1.969626689749,-3.278662836136
556.059904864,94,-0.363735584074,0.073286353576,-1.969752559516,-3.278698191321
556.059904864,95,0.152060898489,0.633441885320,-1.969694589871,-3.279225266262
556.059904864,96,0.356639909075,0.156034381706,-1.969109129030,-3.278783572008
556.059904864,97,0.819425997097,0.449237113415,-1.971408870324,-3.279207614873
556.059904864,98,0.275899061299,0.320946203377,-1.969233325792,-3.278536728961
556.059904864,99,-0.021108112823,0.172768947399,-1.969697274764,-3.278389867688
556.155840175,0,-0.769463129821,-0.300463567000,-2.231578775281,-3.281082162551
556.155840175,1,-0.209167276947,0.100349733717,-2.234211722182,-3.280961414178
556.155840175,2,0.296023683601,-0.364321083002,-2.233832542051,-3.281153655605
556.155840175,3,0.228179259258,0.363738967315,-2.233567831812,-3.280927616093
556.155840175,4,-0.268060392883,0.322567088917,-2.233785601628,-3.281274985653
556.155840175,5,-0.572195141308,-0.696194819659,-2.232202923490,-3.280028717196
556.155840175,6,0.872210573234,-0.403229108530,-2.234981028662,-3.280194188380
556.155840175,7,-0.038958968812,0.524458383998,-2.233817817217,-3.281399370438
556.155840175,8,-0.343335149645,-0.837780124264,-2.232779858340,-3.279526156001
556.155840175,9,0.559014935847,0.759865116064,-2.234923940802,-3.282379876179
556.155840175,10,-0.044275750974,-0.714849713650,-2.233611588009,-3.280127337878
556.155840175,11,-0.132643416332,0.476833645177,-2.233775174943,-3.281416993377
556.155840175,12,0.035671008030,0.907176485191,-2.233821068980,-3.283093873586
556.155840175,13,0.058461798746,0.458634038709,-2.233817866738,-3.281010672561
556.155840175,14,-0.592016356790,0.625286882581,-2.232464296851,-3.282642818762
556.155840175,15,-0.376031977856,0.698956476628,-2.232772176654,-3.283066115597
556.155840175,16,-0.731729031643,-0.626082967965,-2.231578797848,-3.280209377006
556.155840175,17,-0.462686668492,-0.133526160008,-2.233668053469,-3.281214461662
556.155840175,18,-0.002004598931,-0.893935741652,-2.233646242202,-3.278950381365
556.155840175,19,-0.200629508978,0.691312401871,-2.233318323822,-3.282746339260
556.155840175,20,0.466497947957,-0.118047826618,-2.233895791060,-3.281219347541
556.155840175,21,-0.392205757247,-0.109902853573,-2.233987018470,-3.281204758406
556.155840175,22,-0.302712859750,-0.637302042237,-2.233324645121,-3.280602735600
556.155840175,23,-0.288759030486,-0.706641962332,-2.233191027113,-3.280260059158
556.155840175,24,0.247322295012,0.350955367274,-2.233537868971,-3.280947889744
556.155840175,25,0.074787261056,0.096445748190,-2.233679166668,-3.281064062356
556.155840175,26,-0.666964389691,0.162147253369,-2.231980511445,-3.282099491068
556.155840175,27,-0.845280824069,-0.117233342714,-2.231274981582,-3.281600359876
556.155840175,28,-0.132330170724,0.949257192593,-2.233436735640,-3.282959711867
556.155840175,29,0.336207924789,0.715889821861,-2.234288035324,-3.282098769337
556.155840175,30,-0.957374541242,-0.023591530897,-2.231694233661,-3.281679633185
556.155840175,31,-0.500041272675,-0.783995520852,-2.232342865276,-3.279728112652
556.155840175,32,0.062162390311,0.462902484850,-2.233816807377,-3.281021432654
556.155840175,33,0.183465045254,0.912396847818,-2.234158885506,-3.282974709685
556.155840175,34,0.820746316452,-0.239013431427,-2.235794856427,-3.280015331295
556.155840175,35,-0.082811411792,-0.520583864882,-2.233756343666,-3.281254960858
556.155840175,36,0.872076003773,0.191120372610,-2.235874691604,-3.281038551598
556.155840175,37,0.923975088394,-0.107199574961,-2.235716891025,-3.280358791458
556.155840175,38,0.546429670468,0.029197788783,-2.234087840427,-3.281215651313
556.155840175,39,-0.068147332166,0.722771073819,-2.233644214362,-3.282558887462
556.155840175,40,0.232099646494,-0.132727392503,-2.233418234627,-3.281609356416
556.155840175,41,0.668337563064,0.369544736060,-2.234834390642,-3.281524381031
556.155840175,42,0.298260481154,-0.385936633415,-2.233882814582,-3.281062681406
556.155840175,43,0.537461705994,0.689998957023,-2.234759379190,-3.282155971353
556.155840175,44,0.179214366316,0.376183262628,-2.233629855256,-3.280881193268
556.155840175,45,0.120873073829,-0.546014611777,-2.233817427831,-3.280849046915
556.155840175,46,0.095259620052,-0.073485247346,-2.233611548051,-3.281510188132
556.155840175,47,-0.174958397984,0.044062235320,-2.234238060031,-3.281026841863
556.155840175,48,0.684267941530,0.168757891635,-2.234881047515,-3.281213765201
556.155840175,49,-0.272985766685,0.627527932138,-2.233161284284,-3.282654065433
556.155840175,50,0.355689383773,0.034283890732,-2.233359258745,-3.281381292895
556.155840175,51,-0.296168935074,0.412124334160,-2.233498547719,-3.281696418115
556.155840175,52,-0.030427507013,-0.047489747423,-2.233962980993,-3.281334138297
556.155840175,53,-0.058928234127,0.614487763132,-2.233737148183,-3.281918522059
556.155840175,54,-0.438225237114,-0.619541544687,-2.232961751918,-3.280489290662
556.155840175,55,0.586987722233,-0.287652890184,-2.234959620230,-3.280326154454
556.155840175,56,-0.893234633679,0.192961748815,-2.231955013066,-3.281959452051
556.155840175,57,0.209042374797,0.756830586690,-2.234133978035,-3.282307920953
556.155840175,58,0.456200181097,-0.240759852921,-2.234118613239,-3.280986077550
556.155840175,59,0.848956400642,-0.300491499258,-2.235607820161,-3.279978672303
556.155840175,60,0.467692217422,0.529859170031,-2.234183017597,-3.281577915705
556.155840175,61,0.703567742313,-0.513617321535,-2.235428305578,-3.279492064984
556.155840175,62,-0.196934932099,0.726158191337,-2.233296043998,-3.282890565195
556.155840175,63,0.458251820794,0.476912602367,-2.234033371490,-3.281442919507
556.155840175,64,0.463991791557,0.425283507540,-2.233941299203,-3.281366736246
556.155840175,65,0.008848738853,-0.148852234584,-2.233837921476,-3.281605153073
556.155840175,66,0.582006729594,0.361412444273,-2.234334366708,-3.281452083416
556.155840175,67,0.065178954920,-0.786962582334,-2.233824016973,-3.279429225996
556.155840175,68,0.063401758864,0.970615082298,-2.233861304352,-3.283072100345
556.155840175,69,-0.575734712982,0.322266381172,-2.232286260912,-3.282367008929
556.155840175,70,0.433947541588,0.545280601369,-2.234122723003,-3.281562878426
556.155840175,71,-0.413660120771,-0.589915628258,-2.233131675597,-3.280641565445
556.155840175,72,-0.616857948277,0.167562679736,-2.232284044694,-3.281992619195
556.155840175,73,-0.597695444839,0.470697221227,-2.232119397726,-3.282781456913
556.155840175,74,0.089333121815,-0.249740398459,-2.233659647253,-3.281738673321
556.155840175,75,-0.675800707668,0.177980995385,-2.231915308887,-3.282162651582
556.155840175,76,-0.280378025304,-0.729063091391,-2.233161296193,-3.280139757600
556.155840175,77,0.172188714929,-0.845121384045,-2.234139645813,-3.278897188869
556.155840175,78,-0.492107000221,-0.433198592759,-2.233186127283,-3.280940052058
556.155840175,79,0.534162287256,-0.132184657187,-2.234285861194,-3.281002227182
556.155840175,80,-0.072858359156,-0.024118308782,-2.234076130505,-3.281233252304
556.155840175,81,0.168274031647,0.853324569211,-2.234122243272,-3.282803547227
556.155840175,82,-0.268937337411,-0.072447765630,-2.234268180356,-3.281195508110
556.155840175,83,0.023934690090,0.699582138329,-2.233830652851,-3.282220405191
556.155840175,84,0.477787905658,0.275825694940,-2.233751871446,-3.281282955895
556.155840175,85,0.036645124562,-0.916231028192,-2.233754345774,-3.278808197705
556.155840175,86,-0.088683785592,0.970881583111,-2.233528306226,-3.282940266263
556.155840175,87,-0.219830174021,0.520143512239,-2.233518552500,-3.281916011311
556.155840175,88,0.944965954322,-0.069337104770,-2.235669205461,-3.280449502337
556.155840175,89,-0.471210637956,0.339837586631,-2.232843113215,-3.282087271013
556.155840175,90,-0.840595559603,0.324824900045,-2.232184732710,-3.282057686172
556.155840175,91,0.784840104461,-0.427632562475,-2.235474896477,-3.279743399541
556.155840175,92,0.201640674574,-0.783981004469,-2.234204541463,-3.279125057848
556.155840175,93,0.303634251820,-0.369472185553,-2.233861994133,-3.281108189978
556.155840175,94,-0.363735584074,0.073286353576,-2.233950751138,-3.281149429629
556.155840175,95,0.152060898489,0.633441885320,-2.233936820308,-3.281684630875
556.155840175,96,0.356639909075,0.156034381706,-2.233357466992,-3.281233489575
556.155840175,97,0.819425997097,0.449237113415,-2.235637671283,-3.281658547739
556.155840175,98,0.275899061299,0.320946203377,-2.233484204539,-3.280987081083
556.155840175,99,-0.021108112823,0.172768947399,-2.233935922384,-3.280840835252
556.251775486,0,-0.769463129821,-0.300463567000,-2.496139503901,-3.283225595280
556.251775486,1,-0.209167276947,0.100349733717,-2.498813241817,-3.283111826190
556.251775486,2,0.296023683601,-0.364321083002,-2.498454630495,-3.283299351963
556.251775486,3,0.228179259258,0.363738967315,-2.498204954211,-3.283079506041
556.251775486,4,-0.268060392883,0.322567088917,-2.498379543145,-3.283436939714
556.251775486,5,-0.572195141308,-0.696194819659,-2.496774931062,-3.282160504101
556.251775486,6,0.872210573234,-0.403229108530,-2.499628847865,-3.282318877900
556.251775486,7,-0.038958968812,0.524458383998,-2.498434917157,-3.283563217305
556.251775486,8,-0.343335149645,-0.837780124264,-2.497362949732,-3.281653708963
556.251775486,9,0.559014935847,0.759865116064,-2.499550635734,-3.284528538197
556.251775486,10,-0.044275750974,-0.714849713650,-2.498211055444,-3.282254049939
556.251775486,11,-0.132643416332,0.476833645177,-2.498383452477,-3.283582084658
556.251775486,12,0.035671008030,0.907176485191,-2.498434283549,-3.285263759004
556.251775486,13,0.058461798746,0.458634038709,-2.498444940738,-3.283169290878
556.251775486,14,-0.592016356790,0.625286882581,-2.497028288322,-3.284823476864
556.251775486,15,-0.376031977856,0.698956476628,-2.497354422304,-3.285243426303
556.251775486,16,-0.731729031643,-0.626082967965,-2.496149459829,-3.282348328697
556.251775486,17,-0.462686668492,-0.133526160008,-2.498238364236,-3.283356198982
556.251775486,18,-0.002004598931,-0.893935741652,-2.498244248290,-3.281078648231
556.251775486,19,-0.200629508978,0.691312401871,-2.497916623714,-3.284919674849
556.251775486,20,0.466497947957,-0.118047826618,-2.498519756325,-3.283373443674
556.251775486,21,-0.392205757247,-0.109902853573,-2.498564626987,-3.283346544313
556.251775486,22,-0.302712859750,-0.637302042237,-2.497907970113,-3.282726321483
556.251775486,23,-0.288759030486,-0.706641962332,-2.497775332791,-3.282383901524
556.251775486,24,0.247322295012,0.350955367274,-2.498175399999,-3.283099264984
556.251775486,25,0.074787261056,0.096445748190,-2.498310750464,-3.283211945279
556.251775486,26,-0.666964389691,0.162147253369,-2.496540541437,-3.284258253173
556.251775486,27,-0.845280824069,-0.117233342714,-2.495833487090,-3.283751549846
556.251775486,28,-0.132330170724,0.949257192593,-2.498036228186,-3.285136506593
556.251775486,29,0.336207924789,0.715889821861,-2.498919216028,-3.284252604268
556.251775486,30,-0.957374541242,-0.023591530897,-2.496245039104,-3.283839562695
556.251775486,31,-0.500041272675,-0.783995520852,-2.496919476701,-3.281858817742
556.251775486,32,0.062162390311,0.462902484850,-2.498444071824,-3.283180051665
556.251775486,33,0.183465045254,0.912396847818,-2.498780313708,-3.285138470422
556.251775486,34,0.820746316452,-0.239013431427,-2.500421383074,-3.282160534397
556.251775486,35,-0.082811411792,-0.520583864882,-2.498359586166,-3.283382298298
556.251775486,36,0.872076003773,0.191120372610,-2.500492546391,-3.283193149805
556.251775486,37,0.923975088394,-0.107199574961,-2.500352594657,-3.282503380853
556.251775486,38,0.546429670468,0.029197788783,-2.498709966157,-3.283370674497
556.251775486,39,-0.068147332166,0.722771073819,-2.498254224810,-3.284729130182
556.251775486,40,0.232099646494,-0.132727392503,-2.498050274615,-3.283755624479
556.251775486,41,0.668337563064,0.369544736060,-2.499453476960,-3.283674959847
556.251775486,42,0.298260481154,-0.385936633415,-2.498503948168,-3.283208053200
556.251775486,43,0.537461705994,0.689998957023,-2.499387029215,-3.284304228995
556.251775486,44,0.179214366316,0.376183262628,-2.498265469369,-3.283034340895
556.251775486,45,0.120873073829,-0.546014611777,-2.498430282566,-3.282983534773
556.251775486,46,0.095259620052,-0.073485247346,-2.498241898553,-3.283653802208
556.251775486,47,-0.174958397984,0.044062235320,-2.498843766219,-3.283174076813
556.251775486,48,0.684267941530,0.168757891635,-2.499496892690,-3.283368563561
556.251775486,49,-0.272985766685,0.627527932138,-2.497753275028,-3.284827206113
556.251775486,50,0.355689383773,0.034283890732,-2.497993026376,-3.283531878980
556.251775486,51,-0.296168935074,0.412124334160,-2.498089070936,-3.283862571142
556.251775486,52,-0.030427507013,-0.047489747423,-2.498584357205,-3.283476977646
556.251775486,53,-0.058928234127,0.614487763132,-2.498350409375,-3.284085685765
556.251775486,54,-0.438225237114,-0.619541544687,-2.497535870347,-3.282615266169
556.251775486,55,0.586987722233,-0.287652890184,-2.499575572497,-3.282479673279
556.251775486,56,-0.893234633679,0.192961748815,-2.496502486288,-3.284127801545
556.251775486,57,0.209042374797,0.756830586690,-2.498761430725,-3.284467690027
556.251775486,58,0.456200181097,-0.240759852921,-2.498739744533,-3.283139199372
556.251775486,59,0.848956400642,-0.300491499258,-2.500242747174,-3.282116388548
556.251775486,60,0.467692217422,0.529859170031,-2.498814309820,-3.283726559763
556.251775486,61,0.703567742313,-0.513617321535,-2.500055841033,-3.281624532533
556.251775486,62,-0.196934932099,0.726158191337,-2.497894223815,-3.285064686164
556.251775486,63,0.458251820794,0.476912602367,-2.498665340756,-3.283591729122
556.251775486,64,0.463991791557,0.425283507540,-2.498573113220,-3.283515697002
556.251775486,65,0.008848738853,-0.148852234584,-2.498460703940,-3.283744981082
556.251775486,66,0.582006729594,0.361412444273,-2.498958624619,-3.283601930406
556.251775486,67,0.065178954920,-0.786962582334,-2.498426225147,-3.281558406439
556.251775486,68,0.063401758864,0.970615082298,-2.498474326860,-3.285241681091
556.251775486,69,-0.575734712982,0.322266381172,-2.496851976342,-3.284532051199
556.251775486,70,0.433947541588,0.545280601369,-2.498755235311,-3.283712092420
556.251775486,71,-0.413660120771,-0.589915628258,-2.497706863732,-3.282766993448
556.251775486,72,-0.616857948277,0.167562679736,-2.496846109794,-3.284151110123
556.251775486,73,-0.597695444839,0.470697221227,-2.496684503389,-3.284953539083
556.251775486,74,0.089333121815,-0.249740398459,-2.498284335215,-3.283877927939
556.251775486,75,-0.675800707668,0.177980995385,-2.496475134137,-3.284322234680
556.251775486,76,-0.280378025304,-0.729063091391,-2.497746187947,-3.282263822780
556.251775486,77,0.172188714929,-0.845121384045,-2.498744221392,-3.281026847344
556.251775486,78,-0.492107000221,-0.433198592759,-2.497754512044,-3.283070207650
556.251775486,79,0.534162287256,-0.132184657187,-2.498905645319,-3.283157879799
556.251775486,80,-0.072858359156,-0.024118308782,-2.498693456740,-3.283376871946
556.251775486,81,0.168274031647,0.853324569211,-2.498744913985,-3.284966971230
556.251775486,82,-0.268937337411,-0.072447765630,-2.498860997530,-3.283337741821
556.251775486,83,0.023934690090,0.699582138329,-2.498448954250,-3.284386729578
556.251775486,84,0.477787905658,0.275825694940,-2.498382334251,-3.283433323413
556.251775486,85,0.036645124562,-0.916231028192,-2.498353647102,-3.280936764334
556.251775486,86,-0.088683785592,0.970881583111,-2.498130659271,-3.285115773663
556.251775486,87,-0.219830174021,0.520143512239,-2.498116798030,-3.284084716689
556.251775486,88,0.944965954322,-0.069337104770,-2.500306821011,-3.282594487046
556.251775486,89,-0.471210637956,0.339837586631,-2.497416298731,-3.284252330170
556.251775486,90,-0.840595559603,0.324824900045,-2.496732133166,-3.284231849006
556.251775486,91,0.784840104461,-0.427632562475,-2.500108174572,-3.281876107395
556.251775486,92,0.201640674574,-0.783981004469,-2.498810934988,-3.281256499068
556.251775486,93,0.303634251820,-0.369472185553,-2.498483726656,-3.283254097277
556.251775486,94,-0.363735584074,0.073286353576,-2.498532787158,-3.283300564693
556.251775486,95,0.152060898489,0.633441885320,-2.498565434421,-3.283844181644
556.251775486,96,0.356639909075,0.156034381706,-2.497993208772,-3.283383737094
556.251775486,97,0.819425997097,0.449237113415,-2.500254644672,-3.283810096102
556.251775486,98,0.275899061299,0.320946203377,-2.498122096903,-3.283137734207
556.251775486,99,-0.021108112823,0.172768947399,-2.498559548309,-3.282991921045
556.347710798,0,-0.769463129821,-0.300463567000,-2.761087839960,-3.285068174607
556.347710798,1,-0.209167276947,0.100349733717,-2.763800046753,-3.284960916359
556.347710798,2,0.296023683601,-0.364321083002,-2.763464297013,-3.285144260346
556.347710798,3,0.228179259258,0.363738967315,-2.763229995570,-3.284930386973
556.347710798,4,-0.268060392883,0.322567088917,-2.763358955716,-3.285297345821
556.347710798,5,-0.572195141308,-0.696194819659,-2.761733678556,-3.283992761982
556.347710798,6,0.872210573234,-0.403229108530,-2.764663742288,-3.284145268446
556.347710798,7,-0.038958968812,0.524458383998,-2.763438499401,-3.285425774589
556.347710798,8,-0.343335149645,-0.837780124264,-2.762332256616,-3.283481845225
556.347710798,9,0.559014935847,0.759865116064,-2.764566939122,-3.286376083489
556.347710798,10,-0.044275750974,-0.714849713650,-2.763196568802,-3.284080489915
556.347710798,11,-0.132643416332,0.476833645177,-2.763377771530,-3.285445756671
556.347710798,12,0.035671008030,0.907176485191,-2.763434868217,-3.287131986860
556.347710798,13,0.058461798746,0.458634038709,-2.763458921271,-3.285026776335
556.347710798,14,-0.592016356790,0.625286882581,-2.761979625298,-3.286700867417
556.347710798,15,-0.376031977856,0.698956476628,-2.762323182114,-3.287118208668
556.347710798,16,-0.731729031643,-0.626082967965,-2.761107953142,-3.284187709317
556.347710798,17,-0.462686668492,-0.133526160008,-2.763193895207,-3.285196711626
556.347710798,18,-0.002004598931,-0.893935741652,-2.763228570205,-3.282907421108
556.347710798,19,-0.200629508978,0.691312401871,-2.762901275469,-3.286791135048
556.347710798,20,0.466497947957,-0.118047826618,-2.763532450368,-3.285226852040
556.347710798,21,-0.392205757247,-0.109902853573,-2.763527282006,-3.285187088659
556.347710798,22,-0.302712859750,-0.637302042237,-2.762876891033,-3.284549656243
556.347710798,23,-0.288759030486,-0.706641962332,-2.762745393754,-3.284207701939
556.347710798,24,0.247322295012,0.350955367274,-2.763200969861,-3.284949639167
556.347710798,25,0.074787261056,0.096445748190,-2.763329022806,-3.285058666579
556.347710798,26,-0.666964389691,0.162147253369,-2.761487301663,-3.286114814229
556.347710798,27,-0.845280824069,-0.117233342714,-2.760780400598,-3.285601103330
556.347710798,28,-0.132330170724,0.949257192593,-2.763022797363,-3.287011066675
556.347710798,29,0.336207924789,0.715889821861,-2.763939083049,-3.286105377711
556.347710798,30,-0.957374541242,-0.023591530897,-2.761185650177,-3.285697261136
556.347710798,31,-0.500041272675,-0.783995520852,-2.761882697452,-3.283690207231
556.347710798,32,0.062162390311,0.462902484850,-2.763458268800,-3.285037540613
556.347710798,33,0.183465045254,0.912396847818,-2.763789712396,-3.287000818895
556.347710798,34,0.820746316452,-0.239013431427,-2.765435744967,-3.284006764139
556.347710798,35,-0.082811411792,-0.520583864882,-2.763348577280,-3.285208835728
556.347710798,36,0.872076003773,0.191120372610,-2.765499336734,-3.285047787565
556.347710798,37,0.923975088394,-0.107199574961,-2.765376020104,-3.284349076733
556.347710798,38,0.546429670468,0.029197788783,-2.763721322218,-3.285225067404
556.347710798,39,-0.068147332166,0.722771073819,-2.763250940553,-3.286597807551
556.347710798,40,0.232099646494,-0.132727392503,-2.763069854313,-3.285600809045
556.347710798,41,0.668337563064,0.369544736060,-2.764462380778,-3.285524817000
556.347710798,42,0.298260481154,-0.385936633415,-2.763512633566,-3.285052677614
556.347710798,43,0.537461705994,0.689998957023,-2.764404264008,-3.286151443936
556.347710798,44,0.179214366316,0.376183262628,-2.763288683080,-3.284886453683
556.347710798,45,0.120873073829,-0.546014611777,-2.763429719533,-3.284817313976
556.347710798,46,0.095259620052,-0.073485247346,-2.763258953590,-3.285496234519
556.347710798,47,-0.174958397984,0.044062235320,-2.763834816318,-3.285020033083
556.347710798,48,0.684267941530,0.168757891635,-2.764502297003,-3.285222905098
556.347710798,49,-0.272985766685,0.627527932138,-2.762731419780,-3.286698360017
556.347710798,50,0.355689383773,0.034283890732,-2.763015266309,-3.285381498166
556.347710798,51,-0.296168935074,0.412124334160,-2.763065225219,-3.285727012949
556.347710798,52,-0.030427507013,-0.047489747423,-2.763591685627,-3.285318598381
556.347710798,53,-0.058928234127,0.614487763132,-2.763350212903,-3.285951445675
556.347710798,54,-0.438225237114,-0.619541544687,-2.762495817070,-3.284441172478
556.347710798,55,0.586987722233,-0.287652890184,-2.764579944296,-3.284333209276
556.347710798,56,-0.893234633679,0.192961748815,-2.761439196302,-3.285993190358
556.347710798,57,0.209042374797,0.756830586690,-2.763776890235,-3.286326292382
556.347710798,58,0.456200181097,-0.240759852921,-2.763749298725,-3.284991758729
556.347710798,59,0.848956400642,-0.300491499258,-2.765265142389,-3.283955451936
556.347710798,60,0.467692217422,0.529859170031,-2.763834962808,-3.285574266217
556.347710798,61,0.703567742313,-0.513617321535,-2.765070662627,-3.283458293662
556.347710798,62,-0.196934932099,0.726158191337,-2.762878847399,-3.286936876009
556.347710798,63,0.458251820794,0.476912602367,-2.763686625850,-3.285439618380
556.347710798,64,0.463991791557,0.425283507540,-2.763594259627,-3.285363753999
556.347710798,65,0.008848738853,-0.148852234584,-2.763469616871,-3.285583608387
556.347710798,66,0.582006729594,0.361412444273,-2.763972596636,-3.285450974072
556.347710798,67,0.065178954920,-0.786962582334,-2.763414800246,-3.283387632046
556.347710798,68,0.063401758864,0.970615082298,-2.763474905702,-3.287109527413
556.347710798,69,-0.575734712982,0.322266381172,-2.761804031013,-3.286394736002
556.347710798,70,0.433947541588,0.545280601369,-2.763776950489,-3.285560356947
556.347710798,71,-0.413660120771,-0.589915628258,-2.762667724787,-3.284592211987
556.347710798,72,-0.616857948277,0.167562679736,-2.761794495744,-3.286007517471
556.347710798,73,-0.597695444839,0.470697221227,-2.761636505888,-3.286822782091
556.347710798,74,0.089333121815,-0.249740398459,-2.763295585591,-3.285716039648
556.347710798,75,-0.675800707668,0.177980995385,-2.761421796523,-3.286179546200
556.347710798,76,-0.280378025304,-0.729063091391,-2.762716886866,-3.284087913490
556.347710798,77,0.172188714929,-0.845121384045,-2.763735367633,-3.282856982148
556.347710798,78,-0.492107000221,-0.433198592759,-2.762708513299,-3.284899811283
556.347710798,79,0.534162287256,-0.132184657187,-2.763914284907,-3.285013052650
556.347710798,80,-0.072858359156,-0.024118308782,-2.763696521382,-3.285219262010
556.347710798,81,0.168274031647,0.853324569211,-2.763755444343,-3.286829061622
556.347710798,82,-0.268937337411,-0.072447765630,-2.763838868348,-3.285178723288
556.347710798,83,0.023934690090,0.699582138329,-2.763454275007,-3.286251710208
556.347710798,84,0.477787905658,0.275825694940,-2.763402118219,-3.285282829648
556.347710798,85,0.036645124562,-0.916231028192,-2.763339330444,-3.282765976209
556.347710798,86,-0.088683785592,0.970881583111,-2.763120193973,-3.286989134688
556.347710798,87,-0.219830174021,0.520143512239,-2.763100968101,-3.285951762731
556.347710798,88,0.944965954322,-0.069337104770,-2.765332157813,-3.284440550768
556.347710798,89,-0.471210637956,0.339837586631,-2.762375294836,-3.286115319499
556.347710798,90,-0.840595559603,0.324824900045,-2.761668387079,-3.286102724064
556.347710798,91,0.784840104461,-0.427632562475,-2.765128756081,-3.283710236050
556.347710798,92,0.201640674574,-0.783981004469,-2.763803998566,-3.283088190131
556.347710798,93,0.303634251820,-0.369472185553,-2.763493061896,-3.285099241248
556.347710798,94,-0.363735584074,0.073286353576,-2.763499933080,-3.285150253321
556.347710798,95,0.152060898489,0.633441885320,-2.763581660491,-3.285702619327
556.347710798,96,0.356639909075,0.156034381706,-2.763017553500,-3.285233019100
556.347710798,97,0.819425997097,0.449237113415,-2.765261228706,-3.285661006446
556.347710798,98,0.275899061299,0.320946203377,-2.763148200055,-3.284987395685
556.347710798,99,-0.021108112823,0.172768947399,-2.763569333766,-3.284841808666
556.443646109,0,-0.769463129821,-0.300463567000,-3.026425225342,-3.286608540610
556.443646109,1,-0.209167276947,0.100349733717,-3.029173362563,-3.286507344230
556.443646109,2,0.296023683601,-0.364321083002,-3.028862719537,-3.286687055500
556.443646109,3,0.228179259258,0.363738967315,-3.028644158221,-3.286478953009
556.443646109,4,-0.268060392883,0.322567088917,-3.028725105204,-3.286854844235
556.443646109,5,-0.572195141308,-0.696194819659,-3.027080516259,-3.285524191733
556.443646109,6,0.872210573234,-0.403229108530,-3.030087115745,-3.285672022561
556.443646109,7,-0.038958968812,0.524458383998,-3.028829798953,-3.286985705362
556.443646109,8,-0.343335149645,-0.837780124264,-3.027689045543,-3.285009284597
556.443646109,9,0.559014935847,0.759865116064,-3.029974186006,-3.287921260603
556.443646109,10,-0.044275750974,-0.714849713650,-3.028569313379,-3.285605359112
556.443646109,11,-0.132643416332,0.476833645177,-3.028759378981,-3.287006660633
556.443646109,12,0.035671008030,0.907176485191,-3.028824114079,-3.288697225510
556.443646109,13,0.058461798746,0.458634038709,-3.028861022156,-3.286581805982
556.443646109,14,-0.592016356790,0.625286882581,-3.027319734585,-3.288273560090
556.443646109,15,-0.376031977856,0.698956476628,-3.027679811040,-3.288689061979
556.443646109,16,-0.731729031643,-0.626082967965,-3.026455691824,-3.285726197091
556.443646109,17,-0.462686668492,-0.133526160008,-3.028535953608,-3.286734653758
556.443646109,18,-0.002004598931,-0.893935741652,-3.028600404801,-3.284435404802
556.443646109,19,-0.200629508978,0.691312401871,-3.028273576397,-3.288359350797
556.443646109,20,0.466497947957,-0.118047826618,-3.028935099852,-3.286778250730
556.443646109,21,-0.392205757247,-0.109902853573,-3.028876261413,-3.286725049634
556.443646109,22,-0.302712859750,-0.637302042237,-3.028232651210,-3.286071445257
556.443646109,23,-0.288759030486,-0.706641962332,-3.028102451904,-3.285730170878
556.443646109,24,0.247322295012,0.350955367274,-3.028615781324,-3.286497707714
556.443646109,25,0.074787261056,0.096445748190,-3.028735158030,-3.286602906976
556.443646109,26,-0.666964389691,0.162147253369,-3.026822210655,-3.287667774771
556.443646109,27,-0.845280824069,-0.117233342714,-3.026117198991,-3.287147629787
556.443646109,28,-0.132330170724,0.949257192593,-3.028397770246,-3.288582025698
556.443646109,29,0.336207924789,0.715889821861,-3.029348901501,-3.287655806963
556.443646109,30,-0.957374541242,-0.023591530897,-3.026517569601,-3.287251315491
556.443646109,31,-0.500041272675,-0.783995520852,-3.027233849363,-3.285220993400
556.443646109,32,0.062162390311,0.462902484850,-3.028860612423,-3.286592576972
556.443646109,33,0.183465045254,0.912396847818,-3.029188367194,-3.288560451697
556.443646109,34,0.820746316452,-0.239013431427,-3.030839347879,-3.285552678436
556.443646109,35,-0.082811411792,-0.520583864882,-3.028724497410,-3.286733267604
556.443646109,36,0.872076003773,0.191120372610,-3.030896520356,-3.286601168120
556.443646109,37,0.923975088394,-0.107199574961,-3.030788631292,-3.285894552523
556.443646109,38,0.546429670468,0.029197788783,-3.029123172318,-3.286777517369
556.443646109,39,-0.068147332166,0.722771073819,-3.028635633519,-3.288163572698
556.443646109,40,0.232099646494,-0.132727392503,-3.028478141363,-3.287143592809
556.443646109,41,0.668337563064,0.369544736060,-3.029862446329,-3.287072674073
556.443646109,42,0.298260481154,-0.385936633415,-3.028910049754,-3.286595228677
556.443646109,43,0.537461705994,0.689998957023,-3.029812400674,-3.287696357197
556.443646109,44,0.179214366316,0.376183262628,-3.028700697112,-3.286436221534
556.443646109,45,0.120873073829,-0.546014611777,-3.028816903902,-3.286349069582
556.443646109,46,0.095259620052,-0.073485247346,-3.028663876579,-3.287036167347
556.443646109,47,-0.174958397984,0.044062235320,-3.029212421998,-3.286563376026
556.443646109,48,0.684267941530,0.168757891635,-3.029898601638,-3.286775489849
556.443646109,49,-0.272985766685,0.627527932138,-3.028097027291,-3.288266148752
556.443646109,50,0.355689383773,0.034283890732,-3.028427174988,-3.286928838878
556.443646109,51,-0.296168935074,0.412124334160,-3.028428296757,-3.287288374366
556.443646109,52,-0.030427507013,-0.047489747423,-3.028986141929,-3.286857678229
556.443646109,53,-0.058928234127,0.614487763132,-3.028737810960,-3.287514459534
556.443646109,54,-0.438225237114,-0.619541544687,-3.027842885913,-3.285965711090
556.443646109,55,0.586987722233,-0.287652890184,-3.029974016260,-3.285885422148
556.443646109,56,-0.893234633679,0.192961748815,-3.026766641469,-3.287554190774
556.443646109,57,0.209042374797,0.756830586690,-3.029181614403,-3.287882427369
556.443646109,58,0.456200181097,-0.240759852921,-3.029148498281,-3.286542426329
556.443646109,59,0.848956400642,-0.300491499258,-3.030676418767,-3.285494519614
556.443646109,60,0.467692217422,0.529859170031,-3.029246248259,-3.287119757928
556.443646109,61,0.703567742313,-0.513617321535,-3.030474107031,-3.284991993571
556.443646109,62,-0.196934932099,0.726158191337,-3.028251216902,-3.288505764712
556.443646109,63,0.458251820794,0.476912602367,-3.029098489157,-3.286985305855
556.443646109,64,0.463991791557,0.425283507540,-3.029005996990,-3.286909622830
556.443646109,65,0.008848738853,-0.148852234584,-3.028865826642,-3.287119716373
556.443646109,66,0.582006729594,0.361412444273,-3.029377582545,-3.286997931759
556.443646109,67,0.065178954920,-0.786962582334,-3.028790925205,-3.284915597688
556.443646109,68,0.063401758864,0.970615082298,-3.028864342064,-3.288674312353
556.443646109,69,-0.575734712982,0.322266381172,-3.027143815128,-3.287953660396
556.443646109,70,0.433947541588,0.545280601369,-3.029189131715,-3.287106392658
556.443646109,71,-0.413660120771,-0.589915628258,-3.028015541946,-3.286115920762
556.443646109,72,-0.616857948277,0.167562679736,-3.027130598676,-3.287560447785
556.443646109,73,-0.597695444839,0.470697221227,-3.026976818978,-3.288387766578
556.443646109,74,0.089333121815,-0.249740398459,-3.028694557269,-3.287251691764
556.443646109,75,-0.675800707668,0.177980995385,-3.026756719546,-3.287733183863
556.443646109,76,-0.280378025304,-0.729063091391,-3.028074633343,-3.285610741710
556.443646109,77,0.172188714929,-0.845121384045,-3.029114276645,-3.284386278136
556.443646109,78,-0.492107000221,-0.433198592759,-3.028049445717,-3.286427544157
556.443646109,79,0.534162287256,-0.132184657187,-3.029313034800,-3.286566420199
556.443646109,80,-0.072858359156,-0.024118308782,-3.029086508441,-3.286759097442
556.443646109,81,0.168274031647,0.853324569211,-3.029155108476,-3.288388511852
556.443646109,82,-0.268937337411,-0.072447765630,-3.029203025962,-3.286717117493
556.443646109,83,0.023934690090,0.699582138329,-3.028847869281,-3.287814016406
556.443646109,84,0.477787905658,0.275825694940,-3.028812472779,-3.286830180533
556.443646109,85,0.036645124562,-0.916231028192,-3.028712592684,-3.284294535011
556.443646109,86,-0.088683785592,0.970881583111,-3.028498232708,-3.288558991193
556.443646109,87,-0.219830174021,0.520143512239,-3.028472338970,-3.287515785625
556.443646109,88,0.944965954322,-0.069337104770,-3.030746692044,-3.285986371602
556.443646109,89,-0.471210637956,0.339837586631,-3.027721447697,-3.287674849592
556.443646109,90,-0.840595559603,0.324824900045,-3.026994984283,-3.287668876636
556.443646109,91,0.784840104461,-0.427632562475,-3.030538016255,-3.285244435321
556.443646109,92,0.201640674574,-0.783981004469,-3.029184921073,-3.284618811461
556.443646109,93,0.303634251820,-0.369472185553,-3.028891179500,-3.286642296020
556.443646109,94,-0.363735584074,0.073286353576,-3.028853466080,-3.286697141559
556.443646109,95,0.152060898489,0.633441885320,-3.028986734427,-3.287258633346
556.443646109,96,0.356639909075,0.156034381706,-3.028431705050,-3.286780029921
556.443646109,97,0.819425997097,0.449237113415,-3.030658862467,-3.287210014545
556.443646109,98,0.275899061299,0.320946203377,-3.028563717065,-3.286534762275
556.443646109,99,-0.021108112823,0.172768947399,-3.028966468935,-3.286389171191
556.539581420,0,-0.769463129821,-0.300463567000,-3.292153112176,-3.287845322028
556.539581420,1,-0.209167276947,0.100349733717,-3.294934425536,-3.287749758626
556.539581420,2,0.296023683601,-0.364321083002,-3.294651081275,-3.287926402994
556.539581420,3,0.228179259258,0.363738967315,-3.294448651086,-3.287723887437
556.539581420,4,-0.268060392883,0.322567088917,-3.294479268580,-3.288108063969
556.539581420,5,-0.572195141308,-0.696194819659,-3.292816805711,-3.286753483536
556.539581420,6,0.872210573234,-0.403229108530,-3.295900375975,-3.286897790304
556.539581420,7,-0.038958968812,0.524458383998,-3.294610060225,-3.288241661286
556.539581420,8,-0.343335149645,-0.837780124264,-3.293434594264,-3.286234737282
556.539581420,9,0.559014935847,0.759865116064,-3.295773715117,-3.289162806708
556.539581420,10,-0.044275750974,-0.714849713650,-3.294330483786,-3.286827350098
556.539581420,11,-0.132643416332,0.476833645177,-3.294529531874,-3.288263436350
556.539581420,12,0.035671008030,0.907176485191,-3.294603321350,-3.289958131216
556.539581420,13,0.058461798746,0.458634038709,-3.294652465678,-3.287833045690
556.539581420,14,-0.592016356790,0.625286882581,-3.293050053843,-3.289540113067
556.539581420,15,-0.376031977856,0.698956476628,-3.293425675379,-3.289954573628
556.539581420,16,-0.731729031643,-0.626082967965,-3.292194099418,-3.286962458572
556.539581420,17,-0.462686668492,-0.133526160008,-3.294265858838,-3.287968668872
556.539581420,18,-0.002004598931,-0.893935741652,-3.294360957785,-3.285661295672
556.539581420,19,-0.200629508978,0.691312401871,-3.294034834480,-3.289622941164
556.539581420,20,0.466497947957,-0.118047826618,-3.294728934650,-3.288026308118
556.539581420,21,-0.392205757247,-0.109902853573,-3.294612855017,-3.287959074853
556.539581420,22,-0.302712859750,-0.637302042237,-3.293976505380,-3.287290384425
556.539581420,23,-0.288759030486,-0.706641962332,-3.293847760408,-3.286950009437
556.539581420,24,0.247322295012,0.350955367274,-3.294421043522,-3.287742155255
556.539581420,25,0.074787261056,0.096445748190,-3.294530338525,-3.287843336819
556.539581420,26,-0.666964389691,0.162147253369,-3.292546698421,-3.288915724033
556.539581420,27,-0.845280824069,-0.117233342714,-3.291845367928,-3.288389727311
556.539581420,28,-0.132330170724,0.949257192593,-3.294162484210,-3.289848005014
556.539581420,29,0.336207924789,0.715889821861,-3.295149942446,-3.288902597837
556.539581420,30,-0.957374541242,-0.023591530897,-3.292242304686,-3.288500301653
556.539581420,31,-0.500041272675,-0.783995520852,-3.292974265530,-3.286449878113
556.539581420,32,0.062162390311,0.462902484850,-3.294652325242,-3.287843827026
556.539581420,33,0.183465045254,0.912396847818,-3.294977571567,-3.289816053433
556.539581420,34,0.820746316452,-0.239013431427,-3.296633598790,-3.286796924361
556.539581420,35,-0.082811411792,-0.520583864882,-3.294488536640,-3.287954279211
556.539581420,36,0.872076003773,0.191120372610,-3.296685555374,-3.287851983968
556.539581420,37,0.923975088394,-0.107199574961,-3.296591894186,-3.287138470086
556.539581420,38,0.546429670468,0.029197788783,-3.294916782531,-3.288026701684
556.539581420,39,-0.068147332166,0.722771073819,-3.294409585418,-3.289425066914
556.539581420,40,0.232099646494,-0.132727392503,-3.294276309544,-3.288382648737
556.539581420,41,0.668337563064,0.369544736060,-3.295655019405,-3.288317241958
556.539581420,42,0.298260481154,-0.385936633415,-3.294697380955,-3.287834371292
556.539581420,43,0.537461705994,0.689998957023,-3.295612760029,-3.288937698517
556.539581420,44,0.179214366316,0.376183262628,-3.294502719336,-3.287682323452
556.539581420,45,0.120873073829,-0.546014611777,-3.294593008298,-3.287577477792
556.539581420,46,0.095259620052,-0.073485247346,-3.294457838700,-3.288272273002
556.539581420,47,-0.174958397984,0.044062235320,-3.294977805376,-3.287802760446
556.539581420,48,0.684267941530,0.168757891635,-3.295687148834,-3.288025007477
556.539581420,49,-0.272985766685,0.627527932138,-3.293851417380,-3.289529182122
556.539581420,50,0.355689383773,0.034283890732,-3.294229953584,-3.288172579499
556.539581420,51,-0.296168935074,0.412124334160,-3.294179582987,-3.288545274776
556.539581420,52,-0.030427507013,-0.047489747423,-3.294768910887,-3.288092884752
556.539581420,53,-0.058928234127,0.614487763132,-3.294514465383,-3.288773373465
556.539581420,54,-0.438225237114,-0.619541544687,-3.293578382584,-3.287187573523
556.539581420,55,0.586987722233,-0.287652890184,-3.295759070851,-3.287134962025
556.539581420,56,-0.893234633679,0.192961748815,-3.292486326815,-3.288809364313
556.539581420,57,0.209042374797,0.756830586690,-3.294976868403,-3.289134782678
556.539581420,58,0.456200181097,-0.240759852921,-3.294938568946,-3.287789863410
556.539581420,59,0.848956400642,-0.300491499258,-3.296477991339,-3.286732237338
556.539581420,60,0.467692217422,0.529859170031,-3.295049441982,-3.288361746725
556.539581420,61,0.703567742313,-0.513617321535,-3.296267513081,-3.286224267049
556.539581420,62,-0.196934932099,0.726158191337,-3.294012645131,-3.289769970328
556.539581420,63,0.458251820794,0.476912602367,-3.294902197174,-3.288227499191
556.539581420,64,0.463991791557,0.425283507540,-3.294809587825,-3.288152008255
556.539581420,65,0.008848738853,-0.148852234584,-3.294650508318,-3.288351976544
556.539581420,66,0.582006729594,0.361412444273,-3.295174884583,-3.288241510140
556.539581420,67,0.065178954920,-0.786962582334,-3.294555791124,-3.286140989777
556.539581420,68,0.063401758864,0.970615082298,-3.294643946106,-3.289934696771
556.539581420,69,-0.575734712982,0.322266381172,-3.292872730646,-3.289207409993
556.539581420,70,0.433947541588,0.545280601369,-3.294993046696,-3.288348909122
556.539581420,71,-0.413660120771,-0.589915628258,-3.293751610278,-3.287336809564
556.539581420,72,-0.616857948277,0.167562679736,-3.292855826540,-3.288808496313
556.539581420,73,-0.597695444839,0.470697221227,-3.292706867726,-3.289647061682
556.539581420,74,0.089333121815,-0.249740398459,-3.294482416938,-3.288483558033
556.539581420,75,-0.675800707668,0.177980995385,-3.292481338077,-3.288981734087
556.539581420,76,-0.280378025304,-0.729063091391,-3.293820678958,-3.286831010076
556.539581420,77,0.172188714929,-0.845121384045,-3.294882147529,-3.285613411859
556.539581420,78,-0.492107000221,-0.433198592759,-3.293778636130,-3.287652077158
556.539581420,79,0.534162287256,-0.132184657187,-3.295103152222,-3.287816647187
556.539581420,80,-0.072858359156,-0.024118308782,-3.294864611451,-3.287995042923
556.539581420,81,0.168274031647,0.853324569211,-3.294945188400,-3.289644003488
556.539581420,82,-0.268937337411,-0.072447765630,-3.294954714715,-3.287951578982
556.539581420,83,0.023934690090,0.699582138329,-3.294631000236,-3.289072305785
556.539581420,84,0.477787905658,0.275825694940,-3.294614650889,-3.288074071479
556.539581420,85,0.036645124562,-0.916231028192,-3.294474639168,-3.285521134047
556.539581420,86,-0.088683785592,0.970881583111,-3.294266107907,-3.289823972777
556.539581420,87,-0.219830174021,0.520143512239,-3.294232197679,-3.288775409980
556.539581420,88,0.944965954322,-0.069337104770,-3.296551902172,-3.287230615977
556.539581420,89,-0.471210637956,0.339837586631,-3.293456115360,-3.288929519579
556.539581420,90,-0.840595559603,0.324824900045,-3.292713422398,-3.288928861266
556.539581420,91,0.784840104461,-0.427632562475,-3.296337332557,-3.286477343933
556.539581420,92,0.201640674574,-0.783981004469,-3.294954897998,-3.285847035103
556.539581420,93,0.303634251820,-0.369472185553,-3.294679264295,-3.287881926560
556.539581420,94,-0.363735584074,0.073286353576,-3.294594675053,-3.287939864582
556.539581420,95,0.152060898489,0.633441885320,-3.294781899863,-3.288510901660
556.539581420,96,0.356639909075,0.156034381706,-3.294236872142,-3.288023453571
556.539581420,97,0.819425997097,0.449237113415,-3.296448985781,-3.288455845364
556.539581420,98,0.275899061299,0.320946203377,-3.294369857003,-3.287778520027
556.539581420,99,-0.021108112823,0.172768947399,-3.294752153062,-3.287632671053
556.635516731,0,-0.769463129821,-0.300463567000,-3.558272962430,-3.288777136085
556.635516731,1,-0.209167276947,0.100349733717,-3.561084482764,-3.288686797534
556.635516731,2,0.296023683601,-0.364321083002,-3.560830570823,-3.288860959134
556.635516731,3,0.228179259258,0.363738967315,-3.560644689792,-3.288663862601
556.635516731,4,-0.268060392883,0.322567088917,-3.560622733986,-3.289055622667
556.635516731,5,-0.572195141308,-0.696194819659,-3.558943919477,-3.287679316619
556.635516731,6,0.872210573234,-0.403229108530,-3.562104934161,-3.287821209395
556.635516731,7,-0.038958968812,0.524458383998,-3.560780537148,-3.289192282483
556.635516731,8,-0.343335149645,-0.837780124264,-3.559570191676,-3.287156903674
556.635516731,9,0.559014935847,0.759865116064,-3.561966868918,-3.290099447463
556.635516731,10,-0.044275750974,-0.714849713650,-3.560481284046,-3.287745146582
556.635516731,11,-0.132643416332,0.476833645177,-3.560689497502,-3.289214712094
556.635516731,12,0.035671008030,0.907176485191,-3.560773799448,-3.290913348016
556.635516731,13,0.058461798746,0.458634038709,-3.560834482696,-3.288779150029
556.635516731,14,-0.592016356790,0.625286882581,-3.559172031409,-3.290499073001
556.635516731,15,-0.376031977856,0.698956476628,-3.559562152763,-3.290913319014
556.635516731,16,-0.731729031643,-0.626082967965,-3.558324608494,-3.287895148375
556.635516731,17,-0.462686668492,-0.133526160008,-3.560384942465,-3.288897389659
556.635516731,18,-0.002004598931,-0.893935741652,-3.560511443794,-3.286583781494
556.635516731,19,-0.200629508978,0.691312401871,-3.560186368438,-3.290580513224
556.635516731,20,0.466497947957,-0.118047826618,-3.560915187930,-3.288969682778
556.635516731,21,-0.392205757247,-0.109902853573,-3.560738364580,-3.288887801220
556.635516731,22,-0.302712859750,-0.637302042237,-3.560109719706,-3.288205159994
556.635516731,23,-0.288759030486,-0.706641962332,-3.559982583709,-3.287865909173
556.635516731,24,0.247322295012,0.350955367274,-3.560617972059,-3.288681655511
556.635516731,25,0.074787261056,0.096445748190,-3.560715754853,-3.288778615966
556.635516731,26,-0.666964389691,0.162147253369,-3.558662206249,-3.289857239839
556.635516731,27,-0.845280824069,-0.117233342714,-3.557966401307,-3.289325982501
556.635516731,28,-0.132330170724,0.949257192593,-3.560318286989,-3.290807613626
556.635516731,29,0.336207924789,0.715889821861,-3.561343482986,-3.289844444538
556.635516731,30,-0.957374541242,-0.023591530897,-3.558361366439,-3.289442784341
556.635516731,31,-0.500041272675,-0.783995520852,-3.559105290127,-3.287375552583
556.635516731,32,0.062162390311,0.462902484850,-3.560834638350,-3.288789945756
556.635516731,33,0.183465045254,0.912396847818,-3.561158626908,-3.290766296596
556.635516731,34,0.820746316452,-0.239013431427,-3.562819905666,-3.287738138172
556.635516731,35,-0.082811411792,-0.520583864882,-3.560641894843,-3.288870546544
556.635516731,36,0.872076003773,0.191120372610,-3.562867900108,-3.288798916798
556.635516731,37,0.923975088394,-0.107199574961,-3.562787276378,-3.288079479764
556.635516731,38,0.546429670468,0.029197788783,-3.561103421355,-3.288971287520
556.635516731,39,-0.068147332166,0.722771073819,-3.560574087826,-3.290380919530
556.635516731,40,0.232099646494,-0.132727392503,-3.560465538895,-3.289316639964
556.635516731,41,0.668337563064,0.369544736060,-3.561841447376,-3.289257220757
556.635516731,42,0.298260481154,-0.385936633415,-3.560875816751,-3.288768761142
556.635516731,43,0.537461705994,0.689998957023,-3.561806666660,-3.289874186221
556.635516731,44,0.179214366316,0.376183262628,-3.560695964878,-3.288623427430
556.635516731,45,0.120873073829,-0.546014611777,-3.560759212922,-3.288501205848
556.635516731,46,0.095259620052,-0.073485247346,-3.560642019017,-3.289203213716
556.635516731,47,-0.174958397984,0.044062235320,-3.561132199106,-3.288736830474
556.635516731,48,0.684267941530,0.168757891635,-3.561869281889,-3.288970137186
556.635516731,49,-0.272985766685,0.627527932138,-3.559995920981,-3.290486058009
556.635516731,50,0.355689383773,0.034283890732,-3.560424808105,-3.289111388261
556.635516731,51,-0.296168935074,0.412124334160,-3.560320392652,-3.289496321993
556.635516731,52,-0.030427507013,-0.047489747423,-3.560941186499,-3.289022875237
556.635516731,53,-0.058928234127,0.614487763132,-3.560681447740,-3.289726821850
556.635516731,54,-0.438225237114,-0.619541544687,-3.559703624610,-3.288105441124
556.635516731,55,0.586987722233,-0.287652890184,-3.561936392388,-3.288080469399
556.635516731,56,-0.893234633679,0.192961748815,-3.558599763360,-3.289757261693
556.635516731,57,0.209042374797,0.756830586690,-3.561163924844,-3.290082034207
556.635516731,58,0.456200181097,-0.240759852921,-3.561120739832,-3.288732721666
556.635516731,59,0.848956400642,-0.300491499258,-3.562671276884,-3.287667239541
556.635516731,60,0.467692217422,0.529859170031,-3.561245823977,-3.289298933286
556.635516731,61,0.703567742313,-0.513617321535,-3.562452221640,-3.287153738503
556.635516731,62,-0.196934932099,0.726158191337,-3.560164455604,-3.290728098864
556.635516731,63,0.458251820794,0.476912602367,-3.561099020598,-3.289164894981
556.635516731,64,0.463991791557,0.425283507540,-3.561006298685,-3.289089604093
556.635516731,65,0.008848738853,-0.148852234584,-3.560824845776,-3.289279050404
556.635516731,66,0.582006729594,0.361412444273,-3.561365807497,-3.289180405103
556.635516731,67,0.065178954920,-0.786962582334,-3.560710597365,-3.287062486159
556.635516731,68,0.063401758864,0.970615082298,-3.560815037035,-3.290889329213
556.635516731,69,-0.575734712982,0.322266381172,-3.558992191181,-3.290154558859
556.635516731,70,0.433947541588,0.545280601369,-3.561189967752,-3.289286604712
556.635516731,71,-0.413660120771,-0.589915628258,-3.559877236708,-3.288253558106
556.635516731,72,-0.616857948277,0.167562679736,-3.558971598963,-3.289750246885
556.635516731,73,-0.597695444839,0.470697221227,-3.558828088363,-3.290599224956
556.635516731,74,0.089333121815,-0.249740398459,-3.560660339205,-3.289410302527
556.635516731,75,-0.675800707668,0.177980995385,-3.558597098146,-3.289923771873
556.635516731,76,-0.280378025304,-0.729063091391,-3.559956286502,-3.287747411729
556.635516731,77,0.172188714929,-0.845121384045,-3.561040186475,-3.286537051460
556.635516731,78,-0.492107000221,-0.433198592759,-3.559897423466,-3.288572070690
556.635516731,79,0.534162287256,-0.132184657187,-3.561285896844,-3.288762388546
556.635516731,80,-0.072858359156,-0.024118308782,-3.561032033586,-3.288925752751
556.635516731,81,0.168274031647,0.853324569211,-3.561126974109,-3.290594206077
556.635516731,82,-0.268937337411,-0.072447765630,-3.561095190213,-3.288880751735
556.635516731,83,0.023934690090,0.699582138329,-3.560804940140,-3.290025224122
556.635516731,84,0.477787905658,0.275825694940,-3.560809909119,-3.289013187265
556.635516731,85,0.036645124562,-0.916231028192,-3.560626683786,-3.286444458132
556.635516731,86,-0.088683785592,0.970881583111,-3.560425162118,-3.290782696661
556.635516731,87,-0.219830174021,0.520143512239,-3.560381842128,-3.289729248698
556.635516731,88,0.944965954322,-0.069337104770,-3.562749268509,-3.288171938692
556.635516731,89,-0.471210637956,0.339837586631,-3.559580667730,-3.289877917027
556.635516731,90,-0.840595559603,0.324824900045,-3.558825206271,-3.289881221738
556.635516731,91,0.784840104461,-0.427632562475,-3.562528084416,-3.287407589593
556.635516731,92,0.201640674574,-0.783981004469,-3.561115131543,-3.286771524640
556.635516731,93,0.303634251820,-0.369472185553,-3.560858506398,-3.288816788582
556.635516731,94,-0.363735584074,0.073286353576,-3.560724860662,-3.288877046549
556.635516731,95,0.152060898489,0.633441885320,-3.560968408266,-3.289458090641
556.635516731,96,0.356639909075,0.156034381706,-3.560434268445,-3.288961963649
556.635516731,97,0.819425997097,0.449237113415,-3.562633039118,-3.289397212951
556.635516731,98,0.275899061299,0.320946203377,-3.560567835051,-3.288717344165
556.635516731,99,-0.021108112823,0.172768947399,-3.560927594575,-3.288570959925
556.731452043,0,-0.769463129821,-0.300463567000,-3.824786247459,-3.289402588307
556.731452043,1,-0.209167276947,0.100349733717,-3.827624792227,-3.289317087976
556.731452043,2,0.296023683601,-0.364321083002,-3.827402382284,-3.289489370867
556.731452043,3,0.228179259258,0.363738967315,-3.827233496784,-3.289297539774
556.731452043,4,-0.268060392883,0.322567088917,-3.827156800803,-3.289696126473
556.731452043,5,-0.572195141308,-0.696194819659,-3.825463240875,-3.288300359022
556.731452043,6,0.872210573234,-0.403229108530,-3.828702204506,-3.288440905348
556.731452043,7,-0.038958968812,0.524458383998,-3.827342493263,-3.289836197411
556.731452043,8,-0.343335149645,-0.837780124264,-3.826097137752,-3.287774474138
556.731452043,9,0.559014935847,0.759865116064,-3.828554993664,-3.290729896892
556.731452043,10,-0.044275750974,-0.714849713650,-3.827022927687,-3.288357423282
556.731452043,11,-0.132643416332,0.476833645177,-3.827240553498,-3.289859104474
556.731452043,12,0.035671008030,0.907176485191,-3.827336867082,-3.291561507599
556.731452043,13,0.058461798746,0.458634038709,-3.827408312753,-3.289418762143
556.731452043,14,-0.592016356790,0.625286882581,-3.825687126100,-3.291148974956
556.731452043,15,-0.376031977856,0.698956476628,-3.826090632144,-3.291563861446
556.731452043,16,-0.731729031643,-0.626082967965,-3.824848660115,-3.288522908903
556.731452043,17,-0.462686668492,-0.133526160008,-3.826894548195,-3.289519437861
556.731452043,18,-0.002004598931,-0.893935741652,-3.827053086473,-3.287201541328
556.731452043,19,-0.200629508978,0.691312401871,-3.826729507785,-3.291230661945
556.731452043,20,0.466497947957,-0.118047826618,-3.827495096253,-3.289607023392
556.731452043,21,-0.392205757247,-0.109902853573,-3.827254103841,-3.289509854798
556.731452043,22,-0.302712859750,-0.637302042237,-3.826633571796,-3.288814448407
556.731452043,23,-0.288759030486,-0.706641962332,-3.826508197538,-3.288476551925
556.731452043,24,0.247322295012,0.350955367274,-3.827207789128,-3.289314871182
556.731452043,25,0.074787261056,0.096445748190,-3.827292605871,-3.289407393668
556.731452043,26,-0.666964389691,0.162147253369,-3.825170186484,-3.290490888500
556.731452043,27,-0.845280824069,-0.117233342714,-3.824481800670,-3.289954970322
556.731452043,28,-0.132330170724,0.949257192593,-3.826866536724,-3.291459448070
556.731452043,29,0.336207924789,0.715889821861,-3.827930806355,-3.290480029545
556.731452043,30,-0.957374541242,-0.023591530897,-3.824876268601,-3.290077317021
556.731452043,31,-0.500041272675,-0.783995520852,-3.825628278196,-3.287996697118
556.731452043,32,0.062162390311,0.462902484850,-3.827408791489,-3.289429576709
556.731452043,33,0.183465045254,0.912396847818,-3.827732842634,-3.291409841427
556.731452043,34,0.820746316452,-0.239013431427,-3.829399677260,-3.288374945328
556.731452043,35,-0.082811411792,-0.520583864882,-3.827185781783,-3.289480736181
556.731452043,36,0.872076003773,0.191120372610,-3.829445012921,-3.289440637429
556.731452043,37,0.923975088394,-0.107199574961,-3.829376246721,-3.288716220422
556.731452043,38,0.546429670468,0.029197788783,-3.827684359795,-3.289609931832
556.731452043,39,-0.068147332166,0.722771073819,-3.827130442273,-3.291029747791
556.731452043,40,0.232099646494,-0.132727392503,-3.827047015832,-3.289944219689
556.731452043,41,0.668337563064,0.369544736060,-3.828423079218,-3.289891299679
556.731452043,42,0.298260481154,-0.385936633415,-3.827446552197,-3.289397044606
556.731452043,43,0.537461705994,0.689998957023,-3.828395448986,-3.290504527106
556.731452043,44,0.179214366316,0.376183262628,-3.827281656236,-3.289258190326
556.731452043,45,0.120873073829,-0.546014611777,-3.827316705673,-3.289118911933
556.731452043,46,0.095259620052,-0.073485247346,-3.827217604603,-3.289827641527
556.731452043,47,-0.174958397984,0.044062235320,-3.827676846479,-3.289364219447
556.731452043,48,0.684267941530,0.168757891635,-3.828446345183,-3.289609547631
556.731452043,49,-0.272985766685,0.627527932138,-3.826531880186,-3.291135362259
556.731452043,50,0.355689383773,0.034283890732,-3.827012949505,-3.289743923152
556.731452043,51,-0.296168935074,0.412124334160,-3.826852045851,-3.290140112137
556.731452043,52,-0.030427507013,-0.047489747423,-3.827504172098,-3.289646296574
556.731452043,53,-0.058928234127,0.614487763132,-3.827240039423,-3.290373427206
556.731452043,54,-0.438225237114,-0.619541544687,-3.826219941261,-3.288717984887
556.731452043,55,0.586987722233,-0.287652890184,-3.828507267092,-3.288720575080
556.731452043,56,-0.893234633679,0.192961748815,-3.825108467384,-3.290396422807
556.731452043,57,0.209042374797,0.756830586690,-3.827744063872,-3.290722845935
556.731452043,58,0.456200181097,-0.240759852921,-3.827696243511,-3.289369643165
556.731452043,59,0.848956400642,-0.300491499258,-3.829257693640,-3.288298149385
556.731452043,60,0.467692217422,0.529859170031,-3.827836678517,-3.289930007021
556.731452043,61,0.703567742313,-0.513617321535,-3.829029575468,-3.287779022006
556.731452043,62,-0.196934932099,0.726158191337,-3.826707982612,-3.291378744162
556.731452043,63,0.458251820794,0.476912602367,-3.827690234409,-3.289796178656
556.731452043,64,0.463991791557,0.425283507540,-3.827597400244,-3.289721093110
556.731452043,65,0.008848738853,-0.148852234584,-3.827390031824,-3.289899589339
556.731452043,66,0.582006729594,0.361412444273,-3.827951658610,-3.289813301654
556.731452043,67,0.065178954920,-0.786962582334,-3.827256551662,-3.287678756002
556.731452043,68,0.063401758864,0.970615082298,-3.827378943199,-3.291536845783
556.731452043,69,-0.575734712982,0.322266381172,-3.825503621872,-3.290793669412
556.731452043,70,0.433947541588,0.545280601369,-3.827781171910,-3.289918166477
556.731452043,71,-0.413660120771,-0.589915628258,-3.826393739961,-3.288864835843
556.731452043,72,-0.616857948277,0.167562679736,-3.825479347093,-3.290384271808
556.731452043,73,-0.597695444839,0.470697221227,-3.825341928112,-3.291242802295
556.731452043,74,0.089333121815,-0.249740398459,-3.827229506725,-3.290030579532
556.731452043,75,-0.675800707668,0.177980995385,-3.825105456702,-3.290557860713
556.731452043,76,-0.280378025304,-0.729063091391,-3.826482729972,-3.288358630133
556.731452043,77,0.172188714929,-0.845121384045,-3.827589606862,-3.287155856590
556.731452043,78,-0.492107000221,-0.433198592759,-3.826407158671,-3.289186174505
556.731452043,79,0.534162287256,-0.132184657187,-3.827862530860,-3.289402289322
556.731452043,80,-0.072858359156,-0.024118308782,-3.827589987765,-3.289549870720
556.731452043,81,0.168274031647,0.853324569211,-3.827701763672,-3.291237777023
556.731452043,82,-0.268937337411,-0.072447765630,-3.827625719399,-3.289503269042
556.731452043,83,0.023934690090,0.699582138329,-3.827370970458,-3.290671405229
556.731452043,84,0.477787905658,0.275825694940,-3.827399507739,-3.289646201938
556.731452043,85,0.036645124562,-0.916231028192,-3.827169949045,-3.287063183452
556.731452043,86,-0.088683785592,0.970881583111,-3.826976748070,-3.291433767571
556.731452043,87,-0.219830174021,0.520143512239,-3.826922581143,-3.290375902859
556.731452043,88,0.944965954322,-0.069337104770,-3.829340272802,-3.288808982953
556.731452043,89,-0.471210637956,0.339837586631,-3.826096486528,-3.290518617819
556.731452043,90,-0.840595559603,0.324824900045,-3.825331847384,-3.290524491066
556.731452043,91,0.784840104461,-0.427632562475,-3.829111652999,-3.288033789046
556.731452043,92,0.201640674574,-0.783981004469,-3.827666830730,-3.287390935100
556.731452043,93,0.303634251820,-0.369472185553,-3.827430101336,-3.289445528457
556.731452043,94,-0.363735584074,0.073286353576,-3.827245335370,-3.289507300485
556.731452043,95,0.152060898489,0.633441885320,-3.827547519042,-3.290098854953
556.731452043,96,0.356639909075,0.156034381706,-3.827025112691,-3.289594223234
556.731452043,97,0.819425997097,0.449237113415,-3.829212463514,-3.290032820340
556.731452043,98,0.275899061299,0.320946203377,-3.827158872612,-3.289349898983
556.731452043,99,-0.021108112823,0.172768947399,-3.827494011189,-3.289202678592
556.827387354,0,-0.769463129821,-0.300463567000,-4.091694447507,-3.289720272333
556.827387354,1,-0.209167276947,0.100349733717,-4.094556622875,-3.289639245878
556.827387354,2,0.296023683601,-0.364321083002,-4.094367715385,-3.289810275694
556.827387354,3,0.228179259258,0.363738967315,-4.094216301432,-3.289623569047
556.827387354,4,-0.268060392883,0.322567088917,-4.094082779704,-3.290028169909
556.827387354,5,-0.572195141308,-0.696194819659,-4.092376163679,-3.288615267329
556.827387354,6,0.872210573234,-0.403229108530,-4.095693603837,-3.288755491596
556.827387354,7,-0.038958968812,0.524458383998,-4.094297201821,-3.290172022741
556.827387354,8,-0.343335149645,-0.837780124264,-4.093016743446,-3.288086128803
556.827387354,9,0.559014935847,0.759865116064,-4.095539439452,-3.291052857244
556.827387354,10,-0.044275750974,-0.714849713650,-4.093956637829,-3.288662845795
556.827387354,11,-0.132643416332,0.476833645177,-4.094183987922,-3.290195218317
556.827387354,12,0.035671008030,0.907176485191,-4.094293852336,-3.291901229174
556.827387354,13,0.058461798746,0.458634038709,-4.094375204179,-3.289750513626
556.827387354,14,-0.592016356790,0.625286882581,-4.092596806989,-3.291488342366
556.827387354,15,-0.376031977856,0.698956476628,-4.093012513764,-3.291904752043
556.827387354,16,-0.731729031643,-0.626082967965,-4.091767703252,-3.288844370045
556.827387354,17,-0.462686668492,-0.133526160008,-4.093796031842,-3.289833424137
556.827387354,18,-0.002004598931,-0.893935741652,-4.093987118540,-3.287513245378
556.827387354,19,-0.200629508978,0.691312401871,-4.093665592883,-3.291571970061
556.827387354,20,0.466497947957,-0.118047826618,-4.094469899661,-3.289936968669
556.827387354,21,-0.392205757247,-0.109902853573,-4.094161398516,-3.289823850666
556.827387354,22,-0.302712859750,-0.637302042237,-4.093549350694,-3.289116916132
556.827387354,23,-0.288759030486,-0.706641962332,-4.093425888898,-3.288780609641
556.827387354,24,0.247322295012,0.350955367274,-4.094191723619,-3.289640453826
556.827387354,25,0.074787261056,0.096445748190,-4.094262098843,-3.289728308456
556.827387354,26,-0.666964389691,0.162147253369,-4.092072102274,-3.290815224708
556.827387354,27,-0.845280824069,-0.117233342714,-4.091393074554,-3.290275253972
556.827387354,28,-0.132330170724,0.949257192593,-4.093808602014,-3.291802092304
556.827387354,29,0.336207924789,0.715889821861,-4.094913202017,-3.290808023471
556.827387354,30,-0.957374541242,-0.023591530897,-4.091788526610,-3.290402441833
556.827387354,31,-0.500041272675,-0.783995520852,-4.092544595399,-3.288311980863
556.827387354,32,0.062162390311,0.462902484850,-4.094376033160,-3.289761351879
556.827387354,33,0.183465045254,0.912396847818,-4.094701536275,-3.291745335788
556.827387354,34,0.820746316452,-0.239013431427,-4.096374322944,-3.288705960505
556.827387354,35,-0.082811411792,-0.520583864882,-4.094121417205,-3.289783505155
556.827387354,36,0.872076003773,0.191120372610,-4.096418352073,-3.289775805753
556.827387354,37,0.923975088394,-0.107199574961,-4.096360274996,-3.289047319472
556.827387354,38,0.546429670468,0.029197788783,-4.094660871434,-3.289941281275
556.827387354,39,-0.068147332166,0.722771073819,-4.094079960320,-3.291370156734
556.827387354,40,0.232099646494,-0.132727392503,-4.094021933276,-3.290264031070
556.827387354,41,0.668337563064,0.369544736060,-4.095401265549,-3.290218156940
556.827387354,42,0.298260481154,-0.385936633415,-4.094410787944,-3.289717858665
556.827387354,43,0.537461705994,0.689998957023,-4.095380439326,-3.290827416307
556.827387354,44,0.179214366316,0.376183262628,-4.094261023390,-3.289585257745
556.827387354,45,0.120873073829,-0.546014611777,-4.094266682266,-3.289429245062
556.827387354,46,0.095259620052,-0.073485247346,-4.094185790661,-3.290144198165
556.827387354,47,-0.174958397984,0.044062235320,-4.094613001504,-3.289683549777
556.827387354,48,0.684267941530,0.168757891635,-4.095419684201,-3.289941896839
556.827387354,49,-0.272985766685,0.627527932138,-4.093460648274,-3.291475668566
556.827387354,50,0.355689383773,0.034283890732,-4.093995593796,-3.290068831803
556.827387354,51,-0.296168935074,0.412124334160,-4.093775874076,-3.290475229518
556.827387354,52,-0.030427507013,-0.047489747423,-4.094459080470,-3.289961785137
556.827387354,53,-0.058928234127,0.614487763132,-4.094191531743,-3.290711800057
556.827387354,54,-0.438225237114,-0.619541544687,-4.093128673449,-3.289023865254
556.827387354,55,0.586987722233,-0.287652890184,-4.095472983130,-3.289053900127
556.827387354,56,-0.893234633679,0.192961748815,-4.092013959633,-3.290725376698
556.827387354,57,0.209042374797,0.756830586690,-4.094718573265,-3.291055869791
556.827387354,58,0.456200181097,-0.240759852921,-4.094666316111,-3.289699260263
556.827387354,59,0.848956400642,-0.300491499258,-4.096238661047,-3.288623578822
556.827387354,60,0.467692217422,0.529859170031,-4.094823294241,-3.290253645957
556.827387354,61,0.703567742313,-0.513617321535,-4.096000919120,-3.288098721313
556.827387354,62,-0.196934932099,0.726158191337,-4.093644571264,-3.291720487783
556.827387354,63,0.458251820794,0.476912602367,-4.094677117965,-3.290120024368
556.827387354,64,0.463991791557,0.425283507540,-4.094584167388,-3.290045146904
556.827387354,65,0.008848738853,-0.148852234584,-4.094347268318,-3.290212234513
556.827387354,66,0.582006729594,0.361412444273,-4.094933747880,-3.290138873810
556.827387354,67,0.065178954920,-0.786962582334,-4.094194870210,-3.287988459674
556.827387354,68,0.063401758864,0.970615082298,-4.094337002160,-3.291875870012
556.827387354,69,-0.575734712982,0.322266381172,-4.092408459239,-3.291123292326
556.827387354,70,0.433947541588,0.545280601369,-4.094767940989,-3.290242270038
556.827387354,71,-0.413660120771,-0.589915628258,-4.093302450495,-3.289169301791
556.827387354,72,-0.616857948277,0.167562679736,-4.092380513414,-3.290709131754
556.827387354,73,-0.597695444839,0.470697221227,-4.092249844995,-3.291576327860
556.827387354,74,0.089333121815,-0.249740398459,-4.094191110323,-3.290343033440
556.827387354,75,-0.675800707668,0.177980995385,-4.092007881352,-3.290882552485
556.827387354,76,-0.280378025304,-0.729063091391,-4.093401294570,-3.288663338904
556.827387354,77,0.172188714929,-0.845121384045,-4.094531629354,-3.287468478293
556.827387354,78,-0.492107000221,-0.433198592759,-4.093309204605,-3.289493027531
556.827387354,79,0.534162287256,-0.132184657187,-4.094834319063,-3.289734984598
556.827387354,80,-0.072858359156,-0.024118308782,-4.094539696766,-3.289866029996
556.827387354,81,0.168274031647,0.853324569211,-4.094670863326,-3.291573361448
556.827387354,82,-0.268937337411,-0.072447765630,-4.094547580615,-3.289817753366
556.827387354,83,0.023934690090,0.699582138329,-4.094330381951,-3.291009470825
556.827387354,84,0.477787905658,0.275825694940,-4.094384710816,-3.289971778704
556.827387354,85,0.036645124562,-0.916231028192,-4.094105666147,-3.287375977435
556.827387354,86,-0.088683785592,0.970881583111,-4.093922228725,-3.291775777624
556.827387354,87,-0.219830174021,0.520143512239,-4.093855734530,-3.290713961595
556.827387354,88,0.944965954322,-0.069337104770,-4.096326397863,-3.289140380412
556.827387354,89,-0.471210637956,0.339837586631,-4.093004965246,-3.290850186046
556.827387354,90,-0.840595559603,0.324824900045,-4.092234863196,-3.290857191483
556.827387354,91,0.784840104461,-0.427632562475,-4.096089421019,-3.288354548136
556.827387354,92,0.201640674574,-0.783981004469,-4.094611211501,-3.287703912859
556.827387354,93,0.303634251820,-0.369472185553,-4.094395250159,-3.289766783124
556.827387354,94,-0.363735584074,0.073286353576,-4.094157423462,-3.289829228151
556.827387354,95,0.152060898489,0.633441885320,-4.094520499637,-3.290431837418
556.827387354,96,0.356639909075,0.156034381706,-4.094010628776,-3.289918884775
556.827387354,97,0.819425997097,0.449237113415,-4.096188700497,-3.290361359442
556.827387354,98,0.275899061299,0.320946203377,-4.094144197424,-3.289674837716
556.827387354,99,-0.021108112823,0.172768947399,-4.094452630023,-3.289526456840
556.923322665,0,-0.769463129821,-0.300463567000,-4.358999051155,-3.289728769725
556.923322665,1,-0.209167276947,0.100349733717,-4.361881254698,-3.289651875944
556.923322665,2,0.296023683601,-0.364321083002,-4.361727775600,-3.289822301564
556.923322665,3,0.228179259258,0.363738967315,-4.361594340153,-3.289640589206
556.923322665,4,-0.268060392883,0.322567088917,-4.361401992702,-3.290050335756
556.923322665,5,-0.572195141308,-0.696194819659,-4.359684091775,-3.288622686411
556.923322665,6,0.872210573234,-0.403229108530,-4.363080551255,-3.288763569599
556.923322665,7,-0.038958968812,0.524458383998,-4.361645945877,-3.290198363224
556.923322665,8,-0.343335149645,-0.837780124264,-4.360330330571,-3.288090537326
556.923322665,9,0.559014935847,0.759865116064,-4.362921560294,-3.291067018874
556.923322665,10,-0.044275750974,-0.714849713650,-4.361283647261,-3.288660070458
556.923322665,11,-0.132643416332,0.476833645177,-4.361521099333,-3.290221646535
556.923322665,12,0.035671008030,0.907176485191,-4.361646092748,-3.291931119341
556.923322665,13,0.058461798746,0.458634038709,-4.361736414205,-3.289773024397
556.923322665,14,-0.592016356790,0.625286882581,-4.359902553155,-3.291515686991
556.923322665,15,-0.376031977856,0.698956476628,-4.360329209110,-3.291934529640
556.923322665,16,-0.731729031643,-0.626082967965,-4.359083194137,-3.288858148882
556.923322665,17,-0.462686668492,-0.133526160008,-4.361090761262,-3.289837947909
556.923322665,18,-0.002004598931,-0.893935741652,-4.361314781848,-3.287517554841
556.923322665,19,-0.200629508978,0.691312401871,-4.360995974988,-3.291603007963
556.923322665,20,0.466497947957,-0.118047826618,-4.361840841791,-3.289958147245
556.923322665,21,-0.392205757247,-0.109902853573,-4.361461586297,-3.289828392783
556.923322665,22,-0.302712859750,-0.637302042237,-4.360858356864,-3.289111219480
556.923322665,23,-0.288759030486,-0.706641962332,-4.360736956043,-3.288776744200
556.923322665,24,0.247322295012,0.350955367274,-4.361571011237,-3.289657043740
556.923322665,25,0.074787261056,0.096445748190,-4.361625449563,-3.289739988014
556.923322665,26,-0.666964389691,0.162147253369,-4.359369427285,-3.290828791434
556.923322665,27,-0.845280824069,-0.117233342714,-4.358701737786,-3.290285384748
556.923322665,28,-0.132330170724,0.949257192593,-4.361145861955,-3.291834117597
556.923322665,29,0.336207924789,0.715889821861,-4.362291965767,-3.290827084940
556.923322665,30,-0.957374541242,-0.023591530897,-4.359099656469,-3.290416689521
556.923322665,31,-0.500041272675,-0.783995520852,-4.359855617742,-3.288320061532
556.923322665,32,0.062162390311,0.462902484850,-4.361737620727,-3.289783891577
556.923322665,33,0.183465045254,0.912396847818,-4.362066033568,-3.291771415027
556.923322665,34,0.820746316452,-0.239013431427,-4.363745252551,-3.288729787594
556.923322665,35,-0.082811411792,-0.520583864882,-4.361450030933,-3.289777500820
556.923322665,36,0.872076003773,0.191120372610,-4.363789375600,-3.289803070662
556.923322665,37,0.923975088394,-0.107199574961,-4.363740831613,-3.289071392900
556.923322665,38,0.546429670468,0.029197788783,-4.362034232523,-3.289963972108
556.923322665,39,-0.068147332166,0.722771073819,-4.361423963645,-3.291400739056
556.923322665,40,0.232099646494,-0.132727392503,-4.361391490770,-3.290274707121
556.923322665,41,0.668337563064,0.369544736060,-4.362777358674,-3.290236459654
556.923322665,42,0.298260481154,-0.385936633415,-4.361769730358,-3.289729830805
556.923322665,43,0.537461705994,0.689998957023,-4.362762973973,-3.290841537170
556.923322665,44,0.179214366316,0.376183262628,-4.361635303918,-3.289603263913
556.923322665,45,0.120873073829,-0.546014611777,-4.361610346350,-3.289430844969
556.923322665,46,0.095259620052,-0.073485247346,-4.361547780643,-3.290151514937
556.923322665,47,-0.174958397984,0.044062235320,-4.361941928999,-3.289693432825
556.923322665,48,0.684267941530,0.168757891635,-4.362790645574,-3.289965832115
556.923322665,49,-0.272985766685,0.627527932138,-4.360783589741,-3.291505538359
556.923322665,50,0.355689383773,0.034283890732,-4.361373962166,-3.290084751390
556.923322665,51,-0.296168935074,0.412124334160,-4.361093220245,-3.290500246511
556.923322665,52,-0.030427507013,-0.047489747423,-4.361807133958,-3.289967966659
556.923322665,53,-0.058928234127,0.614487763132,-4.361537226009,-3.290740538804
556.923322665,54,-0.438225237114,-0.619541544687,-4.360431173608,-3.289021731914
556.923322665,55,0.586987722233,-0.287652890184,-4.362834830677,-3.289079055793
556.923322665,56,-0.893234633679,0.192961748815,-4.359317764451,-3.290742641552
556.923322665,57,0.209042374797,0.756830586690,-4.362088748541,-3.291079745525
556.923322665,58,0.456200181097,-0.240759852921,-4.362032197420,-3.289720195523
556.923322665,59,0.848956400642,-0.300491499258,-4.363615599517,-3.288642128625
556.923322665,60,0.467692217422,0.529859170031,-4.362206964243,-3.290268516614
556.923322665,61,0.703567742313,-0.513617321535,-4.363367598865,-3.288111429892
556.923322665,62,-0.196934932099,0.726158191337,-4.360975577535,-3.291751898890
556.923322665,63,0.458251820794,0.476912602367,-4.362060955098,-3.290135094868
556.923322665,64,0.463991791557,0.425283507540,-4.361967879319,-3.290060425789
556.923322665,65,0.008848738853,-0.148852234584,-4.361697766279,-3.290215616726
556.923322665,66,0.582006729594,0.361412444273,-4.362313387982,-3.290155784481
556.923322665,67,0.065178954920,-0.786962582334,-4.361526777764,-3.287990248612
556.923322665,68,0.063401758864,0.970615082298,-4.361690560782,-3.291905012730
556.923322665,69,-0.575734712982,0.322266381172,-4.359708151012,-3.291141966427
556.923322665,70,0.433947541588,0.545280601369,-4.362151561707,-3.290257579449
556.923322665,71,-0.413660120771,-0.589915628258,-4.360604710411,-3.289165604332
556.923322665,72,-0.616857948277,0.167562679736,-4.359676551539,-3.290723375647
556.923322665,73,-0.597695444839,0.470697221227,-4.359553307607,-3.291598324004
556.923322665,74,0.089333121815,-0.249740398459,-4.361546349109,-3.290346298626
556.923322665,75,-0.675800707668,0.177980995385,-4.359305850056,-3.290896387353
556.923322665,76,-0.280378025304,-0.729063091391,-4.360713276668,-3.288660201616
556.923322665,77,0.172188714929,-0.845121384045,-4.361867481998,-3.287473558913
556.923322665,78,-0.492107000221,-0.433198592759,-4.360604935916,-3.289491257686
556.923322665,79,0.534162287256,-0.132184657187,-4.362202528935,-3.289759099406
556.923322665,80,-0.072858359156,-0.024118308782,-4.361882393324,-3.289872852996
556.923322665,81,0.168274031647,0.853324569211,-4.362035587574,-3.291599592061
556.923322665,82,-0.268937337411,-0.072447765630,-4.361862063654,-3.289822816209
556.923322665,83,0.023934690090,0.699582138329,-4.361684474771,-3.291038030412
556.923322665,84,0.477787905658,0.275825694940,-4.361766786307,-3.289988569817
556.923322665,85,0.036645124562,-0.916231028192,-4.361435075052,-3.287381498607
556.923322665,86,-0.088683785592,0.970881583111,-4.361262977331,-3.291807306200
556.923322665,87,-0.219830174021,0.520143512239,-4.361182633134,-3.290742001969
556.923322665,88,0.944965954322,-0.069337104770,-4.363709127237,-3.289164751178
556.923322665,89,-0.471210637956,0.339837586631,-4.360307509074,-3.290871173895
556.923322665,90,-0.840595559603,0.324824900045,-4.359535776428,-3.290877834451
556.923322665,91,0.784840104461,-0.427632562475,-4.363462772566,-3.288368461842
556.923322665,92,0.201640674574,-0.783981004469,-4.361949496825,-3.287709095546
556.923322665,93,0.303634251820,-0.369472185553,-4.361755159567,-3.289779179994
556.923322665,94,-0.363735584074,0.073286353576,-4.361462461060,-3.289841419904
556.923322665,95,0.152060898489,0.633441885320,-4.361888625645,-3.290455668891
556.923322665,96,0.356639909075,0.156034381706,-4.361392045887,-3.289934589979
556.923322665,97,0.819425997097,0.449237113415,-4.363563192046,-3.290381510940
556.923322665,98,0.275899061299,0.320946203377,-4.361525043673,-3.289690802435
556.923322665,99,-0.021108112823,0.172768947399,-4.361804687702,-3.289540913324
557.019257976,0,-0.769463129821,-0.300463567000,-4.626701554718,-3.289426649774
557.019257976,1,-0.209167276947,0.100349733717,-4.629599978795,-3.289353571525
557.019257976,2,0.296023683601,-0.364321083002,-4.629483774273,-3.289524066788
557.019257976,3,0.228179259258,0.363738967315,-4.629368856523,-3.289347227605
557.019257976,4,-0.268060392883,0.322567088917,-4.629115773189,-3.289761194916
557.019257976,5,-0.572195141308,-0.696194819659,-4.627388438784,-3.288321249144
557.019257976,6,0.872210573234,-0.403229108530,-4.630864467811,-3.288463728936
557.019257976,7,-0.038958968812,0.524458383998,-4.629390018380,-3.289913811566
557.019257976,8,-0.343335149645,-0.837780124264,-4.628039231663,-3.287786358646
557.019257976,9,0.559014935847,0.759865116064,-4.630702714180,-3.290771060102
557.019257976,10,-0.044275750974,-0.714849713650,-4.629005198519,-3.288347744203
557.019257976,11,-0.132643416332,0.476833645177,-4.629253196870,-3.289936970001
557.019257976,12,0.035671008030,0.907176485191,-4.629394935394,-3.291649771964
557.019257976,13,0.058461798746,0.458634038709,-4.629493209063,-3.289484902567
557.019257976,14,-0.592016356790,0.625286882581,-4.627605853401,-3.291229508884
557.019257976,15,-0.376031977856,0.698956476628,-4.628042140861,-3.291651720701
557.019257976,16,-0.731729031643,-0.626082967965,-4.626796595557,-3.288562849367
557.019257976,17,-0.462686668492,-0.133526160008,-4.628780116285,-3.289531597217
557.019257976,18,-0.002004598931,-0.893935741652,-4.629037327437,-3.287213121756
557.019257976,19,-0.200629508978,0.691312401871,-4.628722016290,-3.291322333575
557.019257976,20,0.466497947957,-0.118047826618,-4.629609169970,-3.289669177598
557.019257976,21,-0.392205757247,-0.109902853573,-4.629156016830,-3.289522073840
557.019257976,22,-0.302712859750,-0.637302042237,-4.628561902162,-3.288796004433
557.019257976,23,-0.288759030486,-0.706641962332,-4.628442708432,-3.288463607214
557.019257976,24,0.247322295012,0.350955367274,-4.629346894615,-3.289363269837
557.019257976,25,0.074787261056,0.096445748190,-4.629383882469,-3.289441049062
557.019257976,26,-0.666964389691,0.162147253369,-4.627063645385,-3.290530119830
557.019257976,27,-0.845280824069,-0.117233342714,-4.626409310704,-3.289983901901
557.019257976,28,-0.132330170724,0.949257192593,-4.628879706173,-3.291554082410
557.019257976,29,0.336207924789,0.715889821861,-4.630068399827,-3.290535860462
557.019257976,30,-0.957374541242,-0.023591530897,-4.626811173522,-3.290118579363
557.019257976,31,-0.500041272675,-0.783995520852,-4.627562731260,-3.288019585124
557.019257976,32,0.062162390311,0.462902484850,-4.629494820528,-3.289495804301
557.019257976,33,0.183465045254,0.912396847818,-4.629827668549,-3.291486701838
557.019257976,34,0.820746316452,-0.239013431427,-4.631513876261,-3.288445019702
557.019257976,35,-0.082811411792,-0.520583864882,-4.629172862945,-3.289461360719
557.019257976,36,0.872076003773,0.191120372610,-4.631559541213,-3.289521069982
557.019257976,37,0.923975088394,-0.107199574961,-4.631519387342,-3.288787045280
557.019257976,38,0.546429670468,0.029197788783,-4.629805722074,-3.289676630097
557.019257976,39,-0.068147332166,0.722771073819,-4.629163784108,-3.291120074991
557.019257976,40,0.232099646494,-0.132727392503,-4.629156894613,-3.289974870595
557.019257976,41,0.668337563064,0.369544736060,-4.630552712639,-3.289944863730
557.019257976,42,0.298260481154,-0.385936633415,-4.629524591640,-3.289431578920
557.019257976,43,0.537461705994,0.689998957023,-4.630544393274,-3.290545561133
557.019257976,44,0.179214366316,0.376183262628,-4.629405743110,-3.289310831560
557.019257976,45,0.120873073829,-0.546014611777,-4.629348909628,-3.289122341998
557.019257976,46,0.095259620052,-0.073485247346,-4.629304786373,-3.289848212607
557.019257976,47,-0.174958397984,0.044062235320,-4.629664904661,-3.289392468768
557.019257976,48,0.684267941530,0.168757891635,-4.630560577121,-3.289679989952
557.019257976,49,-0.272985766685,0.627527932138,-4.628502080305,-3.291223520687
557.019257976,50,0.355689383773,0.034283890732,-4.629149281095,-3.289790308523
557.019257976,51,-0.296168935074,0.412124334160,-4.628805438723,-3.290213723435
557.019257976,52,-0.030427507013,-0.047489747423,-4.629549564572,-3.289663456103
557.019257976,53,-0.058928234127,0.614487763132,-4.629278433616,-3.290458229601
557.019257976,54,-0.438225237114,-0.619541544687,-4.628128805539,-3.288710223595
557.019257976,55,0.586987722233,-0.287652890184,-4.630594101981,-3.288794643449
557.019257976,56,-0.893234633679,0.192961748815,-4.627021408846,-3.290446724689
557.019257976,57,0.209042374797,0.756830586690,-4.629855893052,-3.290793100574
557.019257976,58,0.456200181097,-0.240759852921,-4.629795130992,-3.289431061621
557.019257976,59,0.848956400642,-0.300491499258,-4.631389930235,-3.288352388430
557.019257976,60,0.467692217422,0.529859170031,-4.629988986170,-3.289973273886
557.019257976,61,0.703567742313,-0.513617321535,-4.631130962614,-3.287815730927
557.019257976,62,-0.196934932099,0.726158191337,-4.628702368301,-3.291471534124
557.019257976,63,0.458251820794,0.476912602367,-4.629843034210,-3.289840041392
557.019257976,64,0.463991791557,0.425283507540,-4.629749819646,-3.289765578680
557.019257976,65,0.008848738853,-0.148852234584,-4.629442745999,-3.289908356310
557.019257976,66,0.582006729594,0.361412444273,-4.630091894386,-3.289862685373
557.019257976,67,0.065178954920,-0.786962582334,-4.629253507725,-3.287682765206
557.019257976,68,0.063401758864,0.970615082298,-4.629440975303,-3.291622871935
557.019257976,69,-0.575734712982,0.322266381172,-4.627404155933,-3.290848218606
557.019257976,70,0.433947541588,0.545280601369,-4.629933325770,-3.289962747088
557.019257976,71,-0.413660120771,-0.589915628258,-4.628301873341,-3.288852381021
557.019257976,72,-0.616857948277,0.167562679736,-4.627368925965,-3.290425540554
557.019257976,73,-0.597695444839,0.470697221227,-4.627253794875,-3.291307301217
557.019257976,74,0.089333121815,-0.249740398459,-4.629296430608,-3.290038999343
557.019257976,75,-0.675800707668,0.177980995385,-4.627000850797,-3.290597893675
557.019257976,76,-0.280378025304,-0.729063091391,-4.628419983774,-3.288347871620
557.019257976,77,0.172188714929,-0.845121384045,-4.629598400313,-3.287169731968
557.019257976,78,-0.492107000221,-0.433198592759,-4.628295738893,-3.289179481700
557.019257976,79,0.534162287256,-0.132184657187,-4.629968430736,-3.289473248642
557.019257976,80,-0.072858359156,-0.024118308782,-4.629619320231,-3.289568951252
557.019257976,81,0.168274031647,0.853324569211,-4.629797259278,-3.291315089033
557.019257976,82,-0.268937337411,-0.072447765630,-4.629570469805,-3.289517057978
557.019257976,83,0.023934690090,0.699582138329,-4.629434558543,-3.290755681137
557.019257976,84,0.477787905658,0.275825694940,-4.629547006166,-3.289695216472
557.019257976,85,0.036645124562,-0.916231028192,-4.629159424534,-3.287078396439
557.019257976,86,-0.088683785592,0.970881583111,-4.629000377470,-3.291526919839
557.019257976,87,-0.219830174021,0.520143512239,-4.628904618882,-3.290458588850
557.019257976,88,0.944965954322,-0.069337104770,-4.631489944900,-3.288880703839
557.019257976,89,-0.471210637956,0.339837586631,-4.628005534817,-3.290580121540
557.019257976,90,-0.840595559603,0.324824900045,-4.627236114292,-3.290584920679
557.019257976,91,0.784840104461,-0.427632562475,-4.631233092954,-3.288074114316
557.019257976,92,0.201640674574,-0.783981004469,-4.629682916803,-3.287405111934
557.019257976,93,0.303634251820,-0.369472185553,-4.629511042029,-3.289481336843
557.019257976,94,-0.363735584074,0.073286353576,-4.629161796126,-3.289542454572
557.019257976,95,0.152060898489,0.633441885320,-4.629653180912,-3.290168968131
557.019257976,96,0.356639909075,0.156034381706,-4.629170598607,-3.289639969706
557.019257976,97,0.819425997097,0.449237113415,-4.631337380547,-3.290091944185
557.019257976,98,0.275899061299,0.320946203377,-4.629302652112,-3.289396423915
557.019257976,99,-0.021108112823,0.172768947399,-4.629551430465,-3.289244655438
557.115193287,0,-0.769463129821,-0.300463567000,-4.894803461583,-3.288812469296
557.115193287,1,-0.209167276947,0.100349733717,-4.897714097432,-3.288742914486
557.115193287,2,0.296023683601,-0.364321083002,-4.897636928744,-3.288914179926
557.115193287,3,0.228179259258,0.363738967315,-4.897541101392,-3.288742100050
557.115193287,4,-0.268060392883,0.322567088917,-4.897225465967,-3.289159306297
557.115193287,5,-0.572195141308,-0.696194819659,-4.895490627631,-3.287709576118
557.115193287,6,0.872210573234,-0.403229108530,-4.899046776226,-3.287854547406
557.115193287,7,-0.038958968812,0.524458383998,-4.897530722262,-3.289316948299
557.115193287,8,-0.343335149645,-0.837780124264,-4.896144789812,-3.287172240740
557.115193287,9,0.559014935847,0.759865116064,-4.898884263157,-3.290163647085
557.115193287,10,-0.044275750974,-0.714849713650,-4.897122543950,-3.287724504414
557.115193287,11,-0.132643416332,0.476833645177,-4.897381600321,-3.289339757426
557.115193287,12,0.035671008030,0.907176485191,-4.897541736960,-3.291055768042
557.115193287,13,0.058461798746,0.458634038709,-4.897646864093,-3.288884744317
557.115193287,14,-0.592016356790,0.625286882581,-4.895708205947,-3.290628296361
557.115193287,15,-0.376031977856,0.698956476628,-4.896152742815,-3.291054839226
557.115193287,16,-0.731729031643,-0.626082967965,-4.894909376073,-3.287957061992
557.115193287,17,-0.462686668492,-0.133526160008,-4.896865488619,-3.288912948571
557.115193287,18,-0.002004598931,-0.893935741652,-4.897156015580,-3.286598588832
557.115193287,19,-0.200629508978,0.691312401871,-4.896845089940,-3.290728492235
557.115193287,20,0.466497947957,-0.118047826618,-4.897776135336,-3.289068667942
557.115193287,21,-0.392205757247,-0.109902853573,-4.897246051680,-3.288903475115
557.115193287,22,-0.302712859750,-0.637302042237,-4.896661309779,-3.288169906445
557.115193287,23,-0.288759030486,-0.706641962332,-4.896544466670,-3.287839839830
557.115193287,24,0.247322295012,0.350955367274,-4.897520623432,-3.288757749526
557.115193287,25,0.074787261056,0.096445748190,-4.897538630756,-3.288830097229
557.115193287,26,-0.666964389691,0.162147253369,-4.895156250289,-3.289917729122
557.115193287,27,-0.845280824069,-0.117233342714,-4.894517318320,-3.289369332509
557.115193287,28,-0.132330170724,0.949257192593,-4.897011534851,-3.290960532290
557.115193287,29,0.336207924789,0.715889821861,-4.898243812953,-3.289932984289
557.115193287,30,-0.957374541242,-0.023591530897,-4.894924591140,-3.289506619119
557.115193287,31,-0.500041272675,-0.783995520852,-4.895667331660,-3.287409185624
557.115193287,32,0.062162390311,0.462902484850,-4.897648907974,-3.288895686615
557.115193287,33,0.183465045254,0.912396847818,-4.897987783648,-3.290889806136
557.115193287,34,0.820746316452,-0.239013431427,-4.899681604483,-3.287850239146
557.115193287,35,-0.082811411792,-0.520583864882,-4.897291163460,-3.288833712443
557.115193287,36,0.872076003773,0.191120372610,-4.899730306217,-3.288928430397
557.115193287,37,0.923975088394,-0.107199574961,-4.899697413079,-3.288192869782
557.115193287,38,0.546429670468,0.029197788783,-4.897976621954,-3.289077870425
557.115193287,39,-0.068147332166,0.722771073819,-4.897300763826,-3.290526732189
557.115193287,40,0.232099646494,-0.132727392503,-4.897319357978,-3.289363133876
557.115193287,41,0.668337563064,0.369544736060,-4.898728683293,-3.289342013758
557.115193287,42,0.298260481154,-0.385936633415,-4.897676589958,-3.288821711211
557.115193287,43,0.537461705994,0.689998957023,-4.898726041710,-3.289938147587
557.115193287,44,0.179214366316,0.376183262628,-4.897573594084,-3.288706571784
557.115193287,45,0.120873073829,-0.546014611777,-4.897483591967,-3.288502356985
557.115193287,46,0.095259620052,-0.073485247346,-4.897458028166,-3.289232901274
557.115193287,47,-0.174958397984,0.044062235320,-4.897783215141,-3.288779246467
557.115193287,48,0.684267941530,0.168757891635,-4.898730827910,-3.289082995932
557.115193287,49,-0.272985766685,0.627527932138,-4.896617506924,-3.290628152100
557.115193287,50,0.355689383773,0.034283890732,-4.897322782479,-3.289184119134
557.115193287,51,-0.296168935074,0.412124334160,-4.896913895341,-3.289614208426
557.115193287,52,-0.030427507013,-0.047489747423,-4.897687614093,-3.289046857550
557.115193287,53,-0.058928234127,0.614487763132,-4.897416476124,-3.289863446231
557.115193287,54,-0.438225237114,-0.619541544687,-4.896222944245,-3.288087967841
557.115193287,55,0.586987722233,-0.287652890184,-4.898752091438,-3.288199254525
557.115193287,56,-0.893234633679,0.192961748815,-4.895126421476,-3.289836122566
557.115193287,57,0.209042374797,0.756830586690,-4.898021318094,-3.290194549932
557.115193287,58,0.456200181097,-0.240759852921,-4.897956364257,-3.288830461260
557.115193287,59,0.848956400642,-0.300491499258,-4.899563074982,-3.287752936759
557.115193287,60,0.467692217422,0.529859170031,-4.898170662321,-3.289366560917
557.115193287,61,0.703567742313,-0.513617321535,-4.899292359872,-3.287210197331
557.115193287,62,-0.196934932099,0.726158191337,-4.896826321368,-3.290877937500
557.115193287,63,0.458251820794,0.476912602367,-4.898024648377,-3.289233503540
557.115193287,64,0.463991791557,0.425283507540,-4.897931276494,-3.289159242972
557.115193287,65,0.008848738853,-0.148852234584,-4.897583437161,-3.289289062993
557.115193287,66,0.582006729594,0.361412444273,-4.898270585442,-3.289258216870
557.115193287,67,0.065178954920,-0.786962582334,-4.897376302226,-3.287064642649
557.115193287,68,0.063401758864,0.970615082298,-4.897589611414,-3.291028032663
557.115193287,69,-0.575734712982,0.322266381172,-4.895497943539,-3.290240563720
557.115193287,70,0.433947541588,0.545280601369,-4.898114529982,-3.289356413526
557.115193287,71,-0.413660120771,-0.589915628258,-4.896395304311,-3.288228258373
557.115193287,72,-0.616857948277,0.167562679736,-4.895459111812,-3.289814151579
557.115193287,73,-0.597695444839,0.470697221227,-4.895352795772,-3.290701758055
557.115193287,74,0.089333121815,-0.249740398459,-4.897442570874,-3.289419749591
557.115193287,75,-0.675800707668,0.177980995385,-4.895094381204,-3.289985587904
557.115193287,76,-0.280378025304,-0.729063091391,-4.896522734462,-3.287724991828
557.115193287,77,0.172188714929,-0.845121384045,-4.897725627387,-3.286555622042
557.115193287,78,-0.492107000221,-0.433198592759,-4.896383011290,-3.288556304916
557.115193287,79,0.534162287256,-0.132184657187,-4.898133297604,-3.288876036979
557.115193287,80,-0.072858359156,-0.024118308782,-4.897751730439,-3.288952925291
557.115193287,81,0.168274031647,0.853324569211,-4.897957209756,-3.290718459846
557.115193287,82,-0.268937337411,-0.072447765630,-4.897674111893,-3.288899067847
557.115193287,83,0.023934690090,0.699582138329,-4.897581952467,-3.290161007673
557.115193287,84,0.477787905658,0.275825694940,-4.897726646444,-3.289090348693
557.115193287,85,0.036645124562,-0.916231028192,-4.897279972238,-3.286465311197
557.115193287,86,-0.088683785592,0.970881583111,-4.897135823095,-3.290933172113
557.115193287,87,-0.219830174021,0.520143512239,-4.897023044824,-3.289862274794
557.115193287,88,0.944965954322,-0.069337104770,-4.899670334997,-3.288286835475
557.115193287,89,-0.471210637956,0.339837586631,-4.896100470789,-3.289975557021
557.115193287,90,-0.840595559603,0.324824900045,-4.895337407652,-3.289976940135
557.115193287,91,0.784840104461,-0.427632562475,-4.899401768602,-3.287470078908
557.115193287,92,0.201640674574,-0.783981004469,-4.897812708765,-3.286790581828
557.115193287,93,0.303634251820,-0.369472185553,-4.897664115909,-3.288871861727
557.115193287,94,-0.363735584074,0.073286353576,-4.897256788443,-3.288930899316
557.115193287,95,0.152060898489,0.633441885320,-4.897815457641,-3.289570341667
557.115193287,96,0.356639909075,0.156034381706,-4.897347527039,-3.289033643848
557.115193287,97,0.819425997097,0.449237113415,-4.899512708780,-3.289491317083
557.115193287,98,0.275899061299,0.320946203377,-4.897478270177,-3.288790321521
557.115193287,99,-0.021108112823,0.172768947399,-4.897694114270,-3.288636279197
557.211128599,0,-0.769463129821,-0.300463567000,-5.163306281476,-3.287884772419
557.211128599,1,-0.209167276947,0.100349733717,-5.166224924094,-3.287818475067
557.211128599,2,0.296023683601,-0.364321083002,-5.166188462471,-3.287991239686
557.211128599,3,0.228179259258,0.363738967315,-5.166112333004,-3.287823810669
557.211128599,4,-0.268060392883,0.322567088917,-5.165732427271,-3.288243216672
557.211128599,5,-0.572195141308,-0.696194819659,-5.163992090072,-3.286786275341
557.211128599,6,0.872210573234,-0.403229108530,-5.167628900633,-3.286934591085
557.211128599,7,-0.038958968812,0.524458383998,-5.166069370518,-3.288406341650
557.211128599,8,-0.343335149645,-0.837780124264,-5.164648358460,-3.286246820361
557.211128599,9,0.559014935847,0.759865116064,-5.167467573412,-3.289243433682
557.211128599,10,-0.044275750974,-0.714849713650,-5.165636945768,-3.286788978765
557.211128599,11,-0.132643416332,0.476833645177,-5.165907640181,-3.288428565219
557.211128599,12,0.035671008030,0.907176485191,-5.166087863817,-3.290147675577
557.211128599,13,0.058461798746,0.458634038709,-5.166198663841,-3.287971133762
557.211128599,14,-0.592016356790,0.625286882581,-5.164211118080,-3.289710525986
557.211128599,15,-0.376031977856,0.698956476628,-5.164662459801,-3.290142386661
557.211128599,16,-0.731729031643,-0.626082967965,-5.163423009172,-3.287039363449
557.211128599,17,-0.462686668492,-0.133526160008,-5.165348281731,-3.287980566794
557.211128599,18,-0.002004598931,-0.893935741652,-5.165672115812,-3.285672589288
557.211128599,19,-0.200629508978,0.691312401871,-5.165366580078,-3.289820016581
557.211128599,20,0.466497947957,-0.118047826618,-5.166342992944,-3.288155216135
557.211128599,21,-0.392205757247,-0.109902853573,-5.165733064276,-3.287971166325
557.211128599,22,-0.302712859750,-0.637302042237,-5.165157914172,-3.287231550251
557.211128599,23,-0.288759030486,-0.706641962332,-5.165043562426,-3.286904072528
557.211128599,24,0.247322295012,0.350955367274,-5.166093454531,-3.287839088584
557.211128599,25,0.074787261056,0.096445748190,-5.166090936495,-3.287905726927
557.211128599,26,-0.666964389691,0.162147253369,-5.163648745165,-3.288990126514
557.211128599,27,-0.845280824069,-0.117233342714,-5.163027289399,-3.288440191333
557.211128599,28,-0.132330170724,0.949257192593,-5.165542758752,-3.290051999759
557.211128599,29,0.336207924789,0.715889821861,-5.166819520540,-3.289017078292
557.211128599,30,-0.957374541242,-0.023591530897,-5.163441419285,-3.288579304960
557.211128599,31,-0.500041272675,-0.783995520852,-5.164170823921,-3.286487484694
557.211128599,32,0.062162390311,0.462902484850,-5.166201167653,-3.287982123009
557.211128599,33,0.183465045254,0.912396847818,-5.166547729778,-3.289979324910
557.211128599,34,0.820746316452,-0.239013431427,-5.168249847779,-3.286944017437
557.211128599,35,-0.082811411792,-0.520583864882,-5.165806193000,-3.287893173480
557.211128599,36,0.872076003773,0.191120372610,-5.168303127447,-3.288023767381
557.211128599,37,0.923975088394,-0.107199574961,-5.168276379638,-3.287287448174
557.211128599,38,0.546429670468,0.029197788783,-5.166548216985,-3.288166297582
557.211128599,39,-0.068147332166,0.722771073819,-5.165836255239,-3.289619265578
557.211128599,40,0.232099646494,-0.132727392503,-5.165880101043,-3.288438098860
557.211128599,41,0.668337563064,0.369544736060,-5.167306628355,-3.288426542906
557.211128599,42,0.298260481154,-0.385936633415,-5.166226949563,-3.287898826081
557.211128599,43,0.537461705994,0.689998957023,-5.167309267986,-3.289017943750
557.211128599,44,0.179214366316,0.376183262628,-5.166140117899,-3.287789083934
557.211128599,45,0.120873073829,-0.546014611777,-5.166015621515,-3.287569501127
557.211128599,46,0.095259620052,-0.073485247346,-5.166008734943,-3.288304180249
557.211128599,47,-0.174958397984,0.044062235320,-5.166298158107,-3.287852343332
557.211128599,48,0.684267941530,0.168757891635,-5.167302748319,-3.288173464638
557.211128599,49,-0.272985766685,0.627527932138,-5.165131267777,-3.289717956549
557.211128599,50,0.355689383773,0.034283890732,-5.165895703750,-3.288264788368
557.211128599,51,-0.296168935074,0.412124334160,-5.165419967387,-3.288700237322
557.211128599,52,-0.030427507013,-0.047489747423,-5.166222534171,-3.288116764045
557.211128599,53,-0.058928234127,0.614487763132,-5.165952685327,-3.288954749963
557.211128599,54,-0.438225237114,-0.619541544687,-5.164714975718,-3.287153580789
557.211128599,55,0.586987722233,-0.287652890184,-5.167310095670,-3.287291470425
557.211128599,56,-0.893234633679,0.192961748815,-5.163634331546,-3.288909320800
557.211128599,57,0.209042374797,0.756830586690,-5.166586343000,-3.289282696012
557.211128599,58,0.456200181097,-0.240759852921,-5.166517148639,-3.287916987070
557.211128599,59,0.848956400642,-0.300491499258,-5.168136455986,-3.286842341030
557.211128599,60,0.467692217422,0.529859170031,-5.166753299751,-3.288447008979
557.211128599,61,0.703567742313,-0.513617321535,-5.167853141706,-3.286293391735
557.211128599,62,-0.196934932099,0.726158191337,-5.165348825493,-3.289969640279
557.211128599,63,0.458251820794,0.476912602367,-5.166607095457,-3.288314109149
557.211128599,64,0.463991791557,0.425283507540,-5.166513542611,-3.288240044421
557.211128599,65,0.008848738853,-0.148852234584,-5.166121078937,-3.288356335777
557.211128599,66,0.582006729594,0.361412444273,-5.166850782473,-3.288341007919
557.211128599,67,0.065178954920,-0.786962582334,-5.165896412207,-3.286134504807
557.211128599,68,0.063401758864,0.970615082298,-5.166137844332,-3.290119066859
557.211128599,69,-0.575734712982,0.322266381172,-5.163990993905,-3.289317504501
557.211128599,70,0.433947541588,0.545280601369,-5.166696476349,-3.288437207403
557.211128599,71,-0.413660120771,-0.589915628258,-5.164886379576,-3.287291851658
557.211128599,72,-0.616857948277,0.167562679736,-5.163948594510,-3.288887721750
557.211128599,73,-0.597695444839,0.470697221227,-5.163851809008,-3.289780181087
557.211128599,74,0.089333121815,-0.249740398459,-5.165985994603,-3.288487152998
557.211128599,75,-0.675800707668,0.177980995385,-5.163587948144,-3.289057974497
557.211128599,76,-0.280378025304,-0.729063091391,-5.165022858293,-3.286790194515
557.211128599,77,0.172188714929,-0.845121384045,-5.166250413958,-3.285629844655
557.211128599,78,-0.492107000221,-0.433198592759,-5.164868162115,-3.287620321093
557.211128599,79,0.534162287256,-0.132184657187,-5.166698405656,-3.287966058769
557.211128599,80,-0.072858359156,-0.024118308782,-5.166280887143,-3.288023364497
557.211128599,81,0.168274031647,0.853324569211,-5.166516778875,-3.289808299178
557.211128599,82,-0.268937337411,-0.072447765630,-5.166174314300,-3.287967423608
557.211128599,83,0.023934690090,0.699582138329,-5.166127985392,-3.289252582077
557.211128599,84,0.477787905658,0.275825694940,-5.166306987404,-3.288172585213
557.211128599,85,0.036645124562,-0.916231028192,-5.165797984713,-3.285540873771
557.211128599,86,-0.088683785592,0.970881583111,-5.165670718561,-3.290024603518
557.211128599,87,-0.219830174021,0.520143512239,-5.165539275159,-3.288951599913
557.211128599,88,0.944965954322,-0.069337104770,-5.168251781600,-3.287381731646
557.211128599,89,-0.471210637956,0.339837586631,-5.164593756692,-3.289055996153
557.211128599,90,-0.840595559603,0.324824900045,-5.163841190110,-3.289052372092
557.211128599,91,0.784840104461,-0.427632562475,-5.167970186928,-3.286554918188
557.211128599,92,0.201640674574,-0.783981004469,-5.166340117371,-3.285864115957
557.211128599,93,0.303634251820,-0.369472185553,-5.166215605590,-3.287949352861
557.211128599,94,-0.363735584074,0.073286353576,-5.165748809598,-3.288005309491
557.211128599,95,0.152060898489,0.633441885320,-5.166376756496,-3.288658383672
557.211128599,96,0.356639909075,0.156034381706,-5.165924076927,-3.288114221219
557.211128599,97,0.819425997097,0.449237113415,-5.168090619901,-3.288578275989
557.211128599,98,0.275899061299,0.320946203377,-5.166053152104,-3.287871103081
557.211128599,99,-0.021108112823,0.172768947399,-5.166234004886,-3.287714369097
557.307063910,0,-0.769463129821,-0.300463567000,-5.432211529674,-3.286642090384
557.307063910,1,-0.209167276947,0.100349733717,-5.435133783530,-3.286578811754
557.307063910,2,0.296023683601,-0.364321083002,-5.435139605163,-3.286753834815
557.307063910,3,0.228179259258,0.363738967315,-5.435083817110,-3.286590951780
557.307063910,4,-0.268060392883,0.322567088917,-5.434638024775,-3.287011460559
557.307063910,5,-0.572195141308,-0.696194819659,-5.432894266170,-3.285549941909
557.307063910,6,0.872210573234,-0.403229108530,-5.436612266354,-3.285702414407
557.307063910,7,-0.038958968812,0.524458383998,-5.435007286292,-3.287180547408
557.307063910,8,-0.343335149645,-0.837780124264,-5.433551301177,-3.285008722749
557.307063910,9,0.559014935847,0.759865116064,-5.436454015349,-3.288009061318
557.307063910,10,-0.044275750974,-0.714849713650,-5.434549676104,-3.285539785063
557.307063910,11,-0.132643416332,0.476833645177,-5.434832657717,-3.287201937367
557.307063910,12,0.035671008030,0.907176485191,-5.435034692093,-3.288924049446
557.307063910,13,0.058461798746,0.458634038709,-5.435149902164,-3.286742642822
557.307063910,14,-0.592016356790,0.625286882581,-5.433116105782,-3.288474662546
557.307063910,15,-0.376031977856,0.698956476628,-5.433572747575,-3.288912851820
557.307063910,16,-0.731729031643,-0.626082967965,-5.432338972338,-3.285808316262
557.307063910,17,-0.462686668492,-0.133526160008,-5.434229910715,-3.286733004866
557.307063910,18,-0.002004598931,-0.893935741652,-5.434586906958,-3.284433746666
557.307063910,19,-0.200629508978,0.691312401871,-5.434287881842,-3.288595426435
557.307063910,20,0.466497947957,-0.118047826618,-5.435311001892,-3.286927409571
557.307063910,21,-0.392205757247,-0.109902853573,-5.434618439847,-3.286723705476
557.307063910,22,-0.302712859750,-0.637302042237,-5.434053060974,-3.285979549664
557.307063910,23,-0.288759030486,-0.706641962332,-5.433941338332,-3.285654924899
557.307063910,24,0.247322295012,0.350955367274,-5.435066652036,-3.286605881029
557.307063910,25,0.074787261056,0.096445748190,-5.435042050740,-3.286666521221
557.307063910,26,-0.666964389691,0.162147253369,-5.432542642203,-3.287745807097
557.307063910,27,-0.845280824069,-0.117233342714,-5.431940755462,-3.287194980681
557.307063910,28,-0.132330170724,0.949257192593,-5.434474799225,-3.288827004207
557.307063910,29,0.336207924789,0.715889821861,-5.435796844725,-3.287786751824
557.307063910,30,-0.957374541242,-0.023591530897,-5.432363162981,-3.287335121433
557.307063910,31,-0.500041272675,-0.783995520852,-5.433074621853,-3.285253091347
557.307063910,32,0.062162390311,0.462902484850,-5.435152893432,-3.286753685770
557.307063910,33,0.183465045254,0.912396847818,-5.435508866424,-3.288753842097
557.307063910,34,0.820746316452,-0.239013431427,-5.437220016797,-3.285724915255
557.307063910,35,-0.082811411792,-0.520583864882,-5.434719222456,-3.286638351073
557.307063910,36,0.872076003773,0.191120372610,-5.437279461221,-3.286805685109
557.307063910,37,0.923975088394,-0.107199574961,-5.437257757569,-3.286069350816
557.307063910,38,0.546429670468,0.029197788783,-5.435521795057,-3.286940505274
557.307063910,39,-0.068147332166,0.722771073819,-5.434771621167,-3.288396217244
557.307063910,40,0.232099646494,-0.132727392503,-5.434840351113,-3.287198356842
557.307063910,41,0.668337563064,0.369544736060,-5.436287907492,-3.287197072801
557.307063910,42,0.298260481154,-0.385936633415,-5.435176900922,-3.286661512028
557.307063910,43,0.537461705994,0.689998957023,-5.436295425122,-3.287783584538
557.307063910,44,0.179214366316,0.376183262628,-5.435106583669,-3.286556955474
557.307063910,45,0.120873073829,-0.546014611777,-5.434946234805,-3.286322375869
557.307063910,46,0.095259620052,-0.073485247346,-5.434958144350,-3.287060637930
557.307063910,47,-0.174958397984,0.044062235320,-5.435211042300,-3.286610325183
557.307063910,48,0.684267941530,0.168757891635,-5.436277690106,-3.286949999548
557.307063910,49,-0.272985766685,0.627527932138,-5.434044772256,-3.288491445261
557.307063910,50,0.355689383773,0.034283890732,-5.434869288001,-3.287030910467
557.307063910,51,-0.296168935074,0.412124334160,-5.434325043604,-3.287470333534
557.307063910,52,-0.030427507013,-0.047489747423,-5.435155586425,-3.286871757482
557.307063910,53,-0.058928234127,0.614487763132,-5.434888403331,-3.287730689437
557.307063910,54,-0.438225237114,-0.619541544687,-5.433606296712,-3.285905666930
557.307063910,55,0.586987722233,-0.287652890184,-5.436269413620,-3.286069862459
557.307063910,56,-0.893234633679,0.192961748815,-5.432546667625,-3.287664794176
557.307063910,57,0.209042374797,0.756830586690,-5.435552295247,-3.288056128513
557.307063910,58,0.456200181097,-0.240759852921,-5.435478739670,-3.286689221517
557.307063910,59,0.848956400642,-0.300491499258,-5.437111495791,-3.285619157580
557.307063910,60,0.467692217422,0.529859170031,-5.435738210376,-3.287213237343
557.307063910,61,0.703567742313,-0.513617321535,-5.436814660724,-3.285063866489
557.307063910,62,-0.196934932099,0.726158191337,-5.434271280397,-3.288745160860
557.307063910,63,0.458251820794,0.476912602367,-5.435591678198,-3.287080474173
557.307063910,64,0.463991791557,0.425283507540,-5.435497915474,-3.287006597020
557.307063910,65,0.008848738853,-0.148852234584,-5.435056920097,-3.287108762798
557.307063910,66,0.582006729594,0.361412444273,-5.435833809871,-3.287109675917
557.307063910,67,0.065178954920,-0.786962582334,-5.434815097488,-3.284890966062
557.307063910,68,0.063401758864,0.970615082298,-5.435087058869,-3.288894533246
557.307063910,69,-0.575734712982,0.322266381172,-5.432884797370,-3.288077531469
557.307063910,70,0.433947541588,0.545280601369,-5.435680472187,-3.287203745302
557.307063910,71,-0.413660120771,-0.589915628258,-5.433776486434,-3.286041764673
557.307063910,72,-0.616857948277,0.167562679736,-5.432838869475,-3.287644751922
557.307063910,73,-0.597695444839,0.470697221227,-5.432752342690,-3.288541044845
557.307063910,74,0.089333121815,-0.249740398459,-5.434927935259,-3.287239802698
557.307063910,75,-0.675800707668,0.177980995385,-5.432483067271,-3.287813545822
557.307063910,76,-0.280378025304,-0.729063091391,-5.433921695714,-3.285542101095
557.307063910,77,0.172188714929,-0.845121384045,-5.435174018502,-3.284391006134
557.307063910,78,-0.492107000221,-0.433198592759,-5.433752611404,-3.286370112206
557.307063910,79,0.534162287256,-0.132184657187,-5.435665034098,-3.286741897954
557.307063910,80,-0.072858359156,-0.024118308782,-5.435208063874,-3.286778846978
557.307063910,81,0.168274031647,0.853324569211,-5.435477315146,-3.288583188751
557.307063910,82,-0.268937337411,-0.072447765630,-5.435072412980,-3.286720691540
557.307063910,83,0.023934690090,0.699582138329,-5.435073995906,-3.288028963665
557.307063910,84,0.477787905658,0.275825694940,-5.435289313631,-3.286940533364
557.307063910,85,0.036645124562,-0.916231028192,-5.434714737454,-3.284303705503
557.307063910,86,-0.088683785592,0.970881583111,-5.434606478658,-3.288799741363
557.307063910,87,-0.219830174021,0.520143512239,-5.434454685260,-3.287725091758
557.307063910,88,0.944965954322,-0.069337104770,-5.437235768508,-3.286163966400
557.307063910,89,-0.471210637956,0.339837586631,-5.433486843465,-3.287819942401
557.307063910,90,-0.840595559603,0.324824900045,-5.432748997022,-3.287809685170
557.307063910,91,0.784840104461,-0.427632562475,-5.436939736265,-3.285327183951
557.307063910,92,0.201640674574,-0.783981004469,-5.435266394710,-3.284624315843
557.307063910,93,0.303634251820,-0.369472185553,-5.435166741601,-3.286712398522
557.307063910,94,-0.363735584074,0.073286353576,-5.434639242932,-3.286764228510
557.307063910,95,0.152060898489,0.633441885320,-5.435338386707,-3.287431675823
557.307063910,96,0.356639909075,0.156034381706,-5.434901499776,-3.286880299433
557.307063910,97,0.819425997097,0.449237113415,-5.437072557457,-3.287351455595
557.307063910,98,0.275899061299,0.320946203377,-5.435028559049,-3.286637364766
557.307063910,99,-0.021108112823,0.172768947399,-5.435172377995,-3.286477497989
557.402999221,0,-0.769463129821,-0.300463567000,-5.701520726135,-3.285082941314
557.402999221,1,-0.209167276947,0.100349733717,-5.704442011786,-3.285022471131
557.402999221,2,0.296023683601,-0.364321083002,-5.704491592901,-3.285200543992
557.402999221,3,0.228179259258,0.363738967315,-5.704456827088,-3.285042103770
557.402999221,4,-0.268060392883,0.322567088917,-5.703943637596,-3.285462560089
557.402999221,5,-0.572195141308,-0.696194819659,-5.702198603711,-3.283999157685
557.402999221,6,0.872210573234,-0.403229108530,-5.705998299708,-3.284156560205
557.402999221,7,-0.038958968812,0.524458383998,-5.704345802950,-3.285638108793
557.402999221,8,-0.343335149645,-0.837780124264,-5.702854991399,-3.283456561357
557.402999221,9,0.559014935847,0.759865116064,-5.705844963689,-3.286459158849
557.402999221,10,-0.044275750974,-0.714849713650,-5.703862017040,-3.283975531076
557.402999221,11,-0.132643416332,0.476833645177,-5.704158005014,-3.285658405299
557.402999221,12,0.035671008030,0.907176485191,-5.704383607734,-3.287383431274
557.402999221,13,0.058461798746,0.458634038709,-5.704501882325,-3.285197831087
557.402999221,14,-0.592016356790,0.625286882581,-5.702424693304,-3.286919159057
557.402999221,15,-0.376031977856,0.698956476628,-5.702885072693,-3.287364710801
557.402999221,16,-0.731729031643,-0.626082967965,-5.701658746040,-3.284262468410
557.402999221,17,-0.462686668492,-0.133526160008,-5.703511802122,-3.285168803766
557.402999221,18,-0.002004598931,-0.893935741652,-5.703901677139,-3.282880674648
557.402999221,19,-0.200629508978,0.691312401871,-5.703610401377,-3.287053228684
557.402999221,20,0.466497947957,-0.118047826618,-5.704681425437,-3.285383825083
557.402999221,21,-0.392205757247,-0.109902853573,-5.703903575327,-3.285159638707
557.402999221,22,-0.302712859750,-0.637302042237,-5.703348106880,-3.284412507359
557.402999221,23,-0.288759030486,-0.706641962332,-5.703239147852,-3.284091005424
557.402999221,24,0.247322295012,0.350955367274,-5.704441487469,-3.285056708994
557.402999221,25,0.074787261056,0.096445748190,-5.704393233637,-3.285111051701
557.402999221,26,-0.666964389691,0.162147253369,-5.701839462134,-3.286183253751
557.402999221,27,-0.845280824069,-0.117233342714,-5.701259249708,-3.285632190270
557.402999221,28,-0.132330170724,0.949257192593,-5.703809088211,-3.287284051784
557.402999221,29,0.336207924789,0.715889821861,-5.705177114496,-3.286240601584
557.402999221,30,-0.957374541242,-0.023591530897,-5.701691320647,-3.285772541408
557.402999221,31,-0.500041272675,-0.783995520852,-5.702380147598,-3.283704601604
557.402999221,32,0.062162390311,0.462902484850,-5.704505388553,-3.285208934856
557.402999221,33,0.183465045254,0.912396847818,-5.704872561738,-3.287211928435
557.402999221,34,0.820746316452,-0.239013431427,-5.706593522216,-3.284191482429
557.402999221,35,-0.082811411792,-0.520583864882,-5.704031533139,-3.285067842060
557.402999221,36,0.872076003773,0.191120372610,-5.706660763312,-3.285272776383
557.402999221,37,0.923975088394,-0.107199574961,-5.706643017004,-3.284537136651
557.402999221,38,0.546429670468,0.029197788783,-5.704898647237,-3.285399076312
557.402999221,39,-0.068147332166,0.722771073819,-5.704108234865,-3.286856116304
557.402999221,40,0.232099646494,-0.132727392503,-5.704201342751,-3.285642488391
557.402999221,41,0.668337563064,0.369544736060,-5.705673882403,-3.285652213421
557.402999221,42,0.298260481154,-0.385936633415,-5.704527680842,-3.285108347533
557.402999221,43,0.537461705994,0.689998957023,-5.705685870552,-3.286233692425
557.402999221,44,0.179214366316,0.376183262628,-5.704474268677,-3.285008761854
557.402999221,45,0.120873073829,-0.546014611777,-5.704276676867,-3.284759572770
557.402999221,46,0.095259620052,-0.073485247346,-5.704307502868,-3.285500851670
557.402999221,47,-0.174958397984,0.044062235320,-5.704523187584,-3.285051746115
557.402999221,48,0.684267941530,0.168757891635,-5.705657006495,-3.285411192937
557.402999221,49,-0.272985766685,0.627527932138,-5.703359440932,-3.286947116636
557.402999221,50,0.355689383773,0.034283890732,-5.704244784115,-3.285481068656
557.402999221,51,-0.296168935074,0.412124334160,-5.703630524163,-3.285923007923
557.402999221,52,-0.030427507013,-0.047489747423,-5.704488042531,-3.285310408463
557.402999221,53,-0.058928234127,0.614487763132,-5.704224982616,-3.286189800523
557.402999221,54,-0.438225237114,-0.619541544687,-5.702898314468,-3.284342818861
557.402999221,55,0.586987722233,-0.287652890184,-5.705631346641,-3.284532991755
557.402999221,56,-0.893234633679,0.192961748815,-5.701864956364,-3.286101006698
557.402999221,57,0.209042374797,0.756830586690,-5.704920510558,-3.286513424285
557.402999221,58,0.456200181097,-0.240759852921,-5.704842397114,-3.285145736798
557.402999221,59,0.848956400642,-0.300491499258,-5.706489617160,-3.284081931657
557.402999221,60,0.467692217422,0.529859170031,-5.705126711087,-3.285663853152
557.402999221,61,0.703567742313,-0.513617321535,-5.706178271068,-3.283520163640
557.402999221,62,-0.196934932099,0.726158191337,-5.703595096764,-3.287203004664
557.402999221,63,0.458251820794,0.476912602367,-5.704979704349,-3.285531202554
557.402999221,64,0.463991791557,0.425283507540,-5.704885697409,-3.285457502878
557.402999221,65,0.008848738853,-0.148852234584,-5.704392219103,-3.285544921203
557.402999221,66,0.582006729594,0.361412444273,-5.705220995200,-3.285562826594
557.402999221,67,0.065178954920,-0.786962582334,-5.704133626833,-3.283332631159
557.402999221,68,0.063401758864,0.970615082298,-5.704438649497,-3.287352977195
557.402999221,69,-0.575734712982,0.322266381172,-5.702180854218,-3.286519122847
557.402999221,70,0.433947541588,0.545280601369,-5.705067830235,-3.285654631618
557.402999221,71,-0.413660120771,-0.589915628258,-5.703067023006,-3.284476589513
557.402999221,72,-0.616857948277,0.167562679736,-5.702131441721,-3.286083730662
557.402999221,73,-0.597695444839,0.470697221227,-5.702055913934,-3.286982811773
557.402999221,74,0.089333121815,-0.249740398459,-5.704269635174,-3.285676281193
557.402999221,75,-0.675800707668,0.177980995385,-5.701781262519,-3.286250782077
557.402999221,76,-0.280378025304,-0.729063091391,-5.703220597926,-3.283979321892
557.402999221,77,0.172188714929,-0.845121384045,-5.704497707311,-3.282837703472
557.402999221,78,-0.492107000221,-0.433198592759,-5.703037789946,-3.284804248230
557.402999221,79,0.534162287256,-0.132184657187,-5.705034465334,-3.285202127963
557.402999221,80,-0.072858359156,-0.024118308782,-5.704534544576,-3.285217939426
557.402999221,81,0.168274031647,0.853324569211,-5.704840175812,-3.287041697203
557.402999221,82,-0.268937337411,-0.072447765630,-5.704369755461,-3.285157426246
557.402999221,83,0.023934690090,0.699582138329,-5.704421332413,-3.286488698879
557.402999221,84,0.477787905658,0.275825694940,-5.704674914148,-3.285392788957
557.402999221,85,0.036645124562,-0.916231028192,-5.704031514913,-3.282752418010
557.402999221,86,-0.088683785592,0.970881583111,-5.703944528624,-3.287257099651
557.402999221,87,-0.219830174021,0.520143512239,-5.703770661683,-3.286181265194
557.402999221,88,0.944965954322,-0.069337104770,-5.706623779064,-3.284632102254
557.402999221,89,-0.471210637956,0.339837586631,-5.702781193118,-3.286265886787
557.402999221,90,-0.840595559603,0.324824900045,-5.702062364431,-3.286247337393
557.402999221,91,0.784840104461,-0.427632562475,-5.706311805797,-3.283785417233
557.402999221,92,0.201640674574,-0.783981004469,-5.704592800390,-3.283069773679
557.402999221,93,0.303634251820,-0.369472185553,-5.704518760747,-3.285159576937
557.402999221,94,-0.363735584074,0.073286353576,-5.703929483488,-3.285206187704
557.402999221,95,0.152060898489,0.633441885320,-5.704701666165,-3.285888787170
557.402999221,96,0.356639909075,0.156034381706,-5.704281052978,-3.285330464782
557.402999221,97,0.819425997097,0.449237113415,-5.706459965393,-3.285809478817
557.402999221,98,0.275899061299,0.320946203377,-5.704405759210,-3.285087690952
557.402999221,99,-0.021108112823,0.172768947399,-5.704510519282,-3.284924226943
557.498934532,0,-0.769463129821,-0.300463567000,-5.971235394553,-3.283205829999
557.498934532,1,-0.209167276947,0.100349733717,-5.974150956225,-3.283147987749
557.498934532,2,0.296023683601,-0.364321083002,-5.974245668268,-3.283329935703
557.498934532,3,0.228179259258,0.363738967315,-5.974232644056,-3.283175834959
557.498934532,4,-0.268060392883,0.322567088917,-5.973650656275,-3.283595024877
557.498934532,5,-0.572195141308,-0.696194819659,-5.971906557562,-3.282132490947
557.498934532,6,0.872210573234,-0.403229108530,-5.975788427834,-3.282295559769
557.498934532,7,-0.038958968812,0.524458383998,-5.974086264145,-3.283777556320
557.498934532,8,-0.343335149645,-0.837780124264,-5.972560812130,-3.281588937534
557.498934532,9,0.559014935847,0.759865116064,-5.975641797554,-3.284592342424
557.498934532,10,-0.044275750974,-0.714849713650,-5.973575260640,-3.282094814369
557.498934532,11,-0.132643416332,0.476833645177,-5.973885045018,-3.283796487756
557.498934532,12,0.035671008030,0.907176485191,-5.974136006570,-3.285524349300
557.498934532,13,0.058461798746,0.458634038709,-5.974255917087,-3.283335245680
557.498934532,14,-0.592016356790,0.625286882581,-5.972138412715,-3.285042456765
557.498934532,15,-0.376031977856,0.698956476628,-5.972600912369,-3.285496426910
557.498934532,16,-0.731729031643,-0.626082967965,-5.971383812625,-3.282400352940
557.498934532,17,-0.462686668492,-0.133526160008,-5.973195393775,-3.283286492311
557.498934532,18,-0.002004598931,-0.893935741652,-5.973617723770,-3.281011976854
557.498934532,19,-0.200629508978,0.691312401871,-5.973335555822,-3.285191917165
557.498934532,20,0.466497947957,-0.118047826618,-5.974455531121,-3.283523028832
557.498934532,21,-0.392205757247,-0.109902853573,-5.973589879245,-3.283277500131
557.498934532,22,-0.302712859750,-0.637302042237,-5.973044419507,-3.282529014659
557.498934532,23,-0.288759030486,-0.706641962332,-5.972938355137,-3.282210911242
557.498934532,24,0.247322295012,0.350955367274,-5.974219239869,-3.283190142593
557.498934532,25,0.074787261056,0.096445748190,-5.974145754533,-3.283237878346
557.498934532,26,-0.666964389691,0.162147253369,-5.971540733703,-3.284300937055
557.498934532,27,-0.845280824069,-0.117233342714,-5.970984305837,-3.283750297094
557.498934532,28,-0.132330170724,0.949257192593,-5.973547068234,-3.285421635297
557.498934532,29,0.336207924789,0.715889821861,-5.974961665800,-3.284377211481
557.498934532,30,-0.957374541242,-0.023591530897,-5.971427382307,-3.283890026046
557.498934532,31,-0.500041272675,-0.783995520852,-5.972088831084,-3.281840598141
557.498934532,32,0.062162390311,0.462902484850,-5.974259965726,-3.283346417748
557.498934532,33,0.183465045254,0.912396847818,-5.974640192623,-3.285352141332
557.498934532,34,0.820746316452,-0.239013431427,-5.976371774724,-3.282342257900
557.498934532,35,-0.082811411792,-0.520583864882,-5.973744416819,-3.283180232716
557.498934532,36,0.872076003773,0.191120372610,-5.976448488930,-3.283423622548
557.498934532,37,0.923975088394,-0.107199574961,-5.976433627528,-3.282689353181
557.498934532,38,0.546429670468,0.029197788783,-5.974680067880,-3.283540582503
557.498934532,39,-0.068147332166,0.722771073819,-5.973847480072,-3.284997478776
557.498934532,40,0.232099646494,-0.132727392503,-5.973964317898,-3.283769063232
557.498934532,41,0.668337563064,0.369544736060,-5.975465916902,-3.283790562977
557.498934532,42,0.298260481154,-0.385936633415,-5.974280532599,-3.283237900948
557.498934532,43,0.537461705994,0.689998957023,-5.975481966220,-3.284366877320
557.498934532,44,0.179214366316,0.376183262628,-5.974244458488,-3.283143066376
557.498934532,45,0.120873073829,-0.546014611777,-5.974008201323,-3.282879673362
557.498934532,46,0.095259620052,-0.073485247346,-5.974058065927,-3.283623387649
557.498934532,47,-0.174958397984,0.044062235320,-5.974235924980,-3.283175148348
557.498934532,48,0.684267941530,0.168757891635,-5.975442052254,-3.283555625776
557.498934532,49,-0.272985766685,0.627527932138,-5.973076705512,-3.285083456135
557.498934532,50,0.355689383773,0.034283890732,-5.974023446887,-3.283613835016
557.498934532,51,-0.296168935074,0.412124334160,-5.973337820627,-3.284056758683
557.498934532,52,-0.030427507013,-0.047489747423,-5.974221184310,-3.283431276161
557.498934532,53,-0.058928234127,0.614487763132,-5.973963786091,-3.284330606197
557.498934532,54,-0.438225237114,-0.619541544687,-5.972592446413,-3.282463617035
557.498934532,55,0.586987722233,-0.287652890184,-5.975397198599,-3.282679409183
557.498934532,56,-0.893234633679,0.192961748815,-5.971590721105,-3.284216411626
557.498934532,57,0.209042374797,0.756830586690,-5.974692332995,-3.284653147190
557.498934532,58,0.456200181097,-0.240759852921,-5.974609385095,-3.283285094738
557.498934532,59,0.848956400642,-0.300491499258,-5.976272242979,-3.282229197420
557.498934532,60,0.467692217422,0.529859170031,-5.974920123857,-3.283797451297
557.498934532,61,0.703567742313,-0.513617321535,-5.975945328426,-3.281660814912
557.498934532,62,-0.196934932099,0.726158191337,-5.973321696231,-3.285341664022
557.498934532,63,0.458251820794,0.476912602367,-5.974772486776,-3.283664886096
557.498934532,64,0.463991791557,0.425283507540,-5.974678195699,-3.283591352092
557.498934532,65,0.008848738853,-0.148852234584,-5.974128244209,-3.283663377007
557.498934532,66,0.582006729594,0.361412444273,-5.975013669299,-3.283699053893
557.498934532,67,0.065178954920,-0.786962582334,-5.973853278005,-3.281458095055
557.498934532,68,0.063401758864,0.970615082298,-5.974194020412,-3.285492930598
557.498934532,69,-0.575734712982,0.322266381172,-5.971880674328,-3.284640744475
557.498934532,70,0.433947541588,0.545280601369,-5.974859868765,-3.283788458430
557.498934532,71,-0.413660120771,-0.589915628258,-5.972759397975,-3.282594906335
557.498934532,72,-0.616857948277,0.167562679736,-5.971827825455,-3.284203134153
557.498934532,73,-0.597695444839,0.470697221227,-5.971764048451,-3.285103932194
557.498934532,74,0.089333121815,-0.249740398459,-5.974012345662,-3.283795160234
557.498934532,75,-0.675800707668,0.177980995385,-5.971484065558,-3.284368151201
557.498934532,76,-0.280378025304,-0.729063091391,-5.972920926732,-3.282100455905
557.498934532,77,0.172188714929,-0.845121384045,-5.974222754565,-3.280968524191
557.498934532,78,-0.492107000221,-0.433198592759,-5.972725138980,-3.282921286923
557.498934532,79,0.534162287256,-0.132184657187,-5.974807985088,-3.283345311620
557.498934532,80,-0.072858359156,-0.024118308782,-5.974261623683,-3.283339196986
557.498934532,81,0.168274031647,0.853324569211,-5.974606726942,-3.285182379951
557.498934532,82,-0.268937337411,-0.072447765630,-5.974067700831,-3.283276170518
557.498934532,83,0.023934690090,0.699582138329,-5.974171353207,-3.284630321149
557.498934532,84,0.477787905658,0.275825694940,-5.974465082533,-3.283527936159
557.498934532,85,0.036645124562,-0.916231028192,-5.973749610513,-3.280885612988
557.498934532,86,-0.088683785592,0.970881583111,-5.973686304157,-3.285395178973
557.498934532,87,-0.219830174021,0.520143512239,-5.973488602167,-3.284318622274
557.498934532,88,0.944965954322,-0.069337104770,-5.976417296001,-3.282784690177
557.498934532,89,-0.471210637956,0.339837586631,-5.972478278537,-3.284392307775
557.498934532,90,-0.840595559603,0.324824900045,-5.971782827916,-3.284363776261
557.498934532,91,0.784840104461,-0.427632562475,-5.976087785511,-3.281928148287
557.498934532,92,0.201640674574,-0.783981004469,-5.974320601629,-3.281199072201
557.498934532,93,0.303634251820,-0.369472185553,-5.974272906232,-3.283289456165
557.498934532,94,-0.363735584074,0.073286353576,-5.973620937934,-3.283329706178
557.498934532,95,0.152060898489,0.633441885320,-5.974467921532,-3.284028273998
557.498934532,96,0.356639909075,0.156034381706,-5.974063999935,-3.283463292122
557.498934532,97,0.819425997097,0.449237113415,-5.976254288088,-3.283950956680
557.498934532,98,0.275899061299,0.320946203377,-5.974186027941,-3.283220654106
557.498934532,99,-0.021108112823,0.172768947399,-5.974249724519,-3.283053105110
557.594869844,0,-0.769463129821,-0.300463567000,-6.241357061327,-3.281009247660
557.594869844,1,-0.209167276947,0.100349733717,-6.244261975540,-3.280953883975
557.594869844,2,0.296023683601,-0.364321083002,-6.244403080474,-3.281140568135
557.594869844,3,0.228179259258,0.363738967315,-6.244412556990,-3.280990701464
557.594869844,4,-0.268060392883,0.322567088917,-6.243760482754,-3.281407351888
557.594869844,5,-0.572195141308,-0.696194819659,-6.242019588965,-3.279948496026
557.594869844,6,0.872210573234,-0.403229108530,-6.245984078550,-3.280117932873
557.594869844,7,-0.038958968812,0.524458383998,-6.244230023889,-3.281597407671
557.594869844,8,-0.343335149645,-0.837780124264,-6.242670155599,-3.279404440217
557.594869844,9,0.559014935847,0.759865116064,-6.245845900570,-3.282407215346
557.594869844,10,-0.044275750974,-0.714849713650,-6.243690708954,-3.279896222109
557.594869844,11,-0.132643416332,0.476833645177,-6.244015151570,-3.281614690664
557.594869844,12,0.035671008030,0.907176485191,-6.244293294368,-3.283345318252
557.594869844,13,0.058461798746,0.458634038709,-6.244413328800,-3.281153421125
557.594869844,14,-0.592016356790,0.625286882581,-6.242258803391,-3.282842985154
557.594869844,15,-0.376031977856,0.698956476628,-6.242721754307,-3.283306450590
557.594869844,16,-0.731729031643,-0.626082967965,-6.241515655124,-3.280220487545
557.594869844,17,-0.462686668492,-0.133526160008,-6.243282134547,-3.281084586985
557.594869844,18,-0.002004598931,-0.893935741652,-6.243736353541,-3.278826246644
557.594869844,19,-0.200629508978,0.691312401871,-6.243464773294,-3.283009972553
557.594869844,20,0.466497947957,-0.118047826618,-6.244634590898,-3.281343576192
557.594869844,21,-0.392205757247,-0.109902853573,-6.243678771594,-3.281075811680
557.594869844,22,-0.302712859750,-0.637302042237,-6.243143377230,-3.280327651296
557.594869844,23,-0.288759030486,-0.706641962332,-6.243040334834,-3.280013227898
557.594869844,24,0.247322295012,0.350955367274,-6.244401195907,-3.281004739791
557.594869844,25,0.074787261056,0.096445748190,-6.244300892074,-3.281045549391
557.594869844,26,-0.666964389691,0.162147253369,-6.241647993087,-3.282097315198
557.594869844,27,-0.845280824069,-0.117233342714,-6.241117456778,-3.281547765274
557.594869844,28,-0.132330170724,0.949257192593,-6.243690192378,-3.283238234109
557.594869844,29,0.336207924789,0.715889821861,-6.245151841649,-3.282195152494
557.594869844,30,-0.957374541242,-0.023591530897,-6.241572827661,-3.281686024764
557.594869844,31,-0.500041272675,-0.783995520852,-6.242202109414,-3.279659649909
557.594869844,32,0.062162390311,0.462902484850,-6.244417947222,-3.281164669322
557.594869844,33,0.183465045254,0.912396847818,-6.244813144818,-3.283173024728
557.594869844,34,0.820746316452,-0.239013431427,-6.246556184994,-3.280175769690
557.594869844,35,-0.082811411792,-0.520583864882,-6.243859175760,-3.280974098590
557.594869844,36,0.872076003773,0.191120372610,-6.246644092721,-3.281256793397
557.594869844,37,0.923975088394,-0.107199574961,-6.246631058063,-3.280524536450
557.594869844,38,0.546429670468,0.029197788783,-6.244867354755,-3.281363584548
557.594869844,39,-0.068147332166,0.722771073819,-6.243990751046,-3.282818807453
557.594869844,40,0.232099646494,-0.132727392503,-6.244130525999,-3.281576640115
557.594869844,41,0.668337563064,0.369544736060,-6.245665377019,-3.281610707793
557.594869844,42,0.298260481154,-0.385936633415,-6.244436706060,-3.281048730377
557.594869844,43,0.537461705994,0.689998957023,-6.245685078684,-3.282181736418
557.594869844,44,0.179214366316,0.376183262628,-6.244418447057,-3.280958420065
557.594869844,45,0.120873073829,-0.546014611777,-6.244142070484,-3.280681249018
557.594869844,46,0.095259620052,-0.073485247346,-6.244211098009,-3.281426800740
557.594869844,47,-0.174958397984,0.044062235320,-6.244350596697,-3.280979062092
557.594869844,48,0.684267941530,0.168757891635,-6.245634183794,-3.281381867622
557.594869844,49,-0.272985766685,0.627527932138,-6.243198008778,-3.282898936173
557.594869844,50,0.355689383773,0.034283890732,-6.244206537156,-3.281427770371
557.594869844,51,-0.296168935074,0.412124334160,-6.243448355895,-3.281870071211
557.594869844,52,-0.030427507013,-0.047489747423,-6.244356303802,-3.281232908179
557.594869844,53,-0.058928234127,0.614487763132,-6.244106187150,-3.282151616405
557.594869844,54,-0.438225237114,-0.619541544687,-6.242690119812,-3.280266629492
557.594869844,55,0.586987722233,-0.287652890184,-6.245568275979,-3.280507655258
557.594869844,56,-0.893234633679,0.192961748815,-6.241725480394,-3.282009451538
557.594869844,57,0.209042374797,0.756830586690,-6.244869115064,-3.282473847962
557.594869844,58,0.456200181097,-0.240759852921,-6.244780972214,-3.281105846686
557.594869844,59,0.848956400642,-0.300491499258,-6.246460796200,-3.280059477928
557.594869844,60,0.467692217422,0.529859170031,-6.245119775855,-3.281612614279
557.594869844,61,0.703567742313,-0.513617321535,-6.246117190051,-3.279484341677
557.594869844,62,-0.196934932099,0.726158191337,-6.243452511368,-3.283159618062
557.594869844,63,0.458251820794,0.476912602367,-6.244971343574,-3.281480104339
557.594869844,64,0.463991791557,0.425283507540,-6.244876722707,-3.281406722619
557.594869844,65,0.008848738853,-0.148852234584,-6.244266273541,-3.281462684957
557.594869844,66,0.582006729594,0.361412444273,-6.245213166393,-3.281516939851
557.594869844,67,0.065178954920,-0.786962582334,-6.243975337805,-3.279265942737
557.594869844,68,0.063401758864,0.970615082298,-6.244354585588,-3.283312911735
557.594869844,69,-0.575734712982,0.322266381172,-6.241985776786,-3.282440849735
557.594869844,70,0.433947541588,0.545280601369,-6.245057911700,-3.281603805365
557.594869844,71,-0.413660120771,-0.589915628258,-6.242855030306,-3.280395283104
557.594869844,72,-0.616857948277,0.167562679736,-6.241929543610,-3.282001426092
557.594869844,73,-0.597695444839,0.470697221227,-6.241878280077,-3.282902844271
557.594869844,74,0.089333121815,-0.249740398459,-6.244157327121,-3.281595000671
557.594869844,75,-0.675800707668,0.177980995385,-6.241593015188,-3.282164108796
557.594869844,76,-0.280378025304,-0.729063091391,-6.243024054357,-3.279904090560
557.594869844,77,0.172188714929,-0.845121384045,-6.244350442395,-3.278782046181
557.594869844,78,-0.492107000221,-0.433198592759,-6.242816109850,-3.280719773597
557.594869844,79,0.534162287256,-0.132184657187,-6.244986882517,-3.281170001028
557.594869844,80,-0.072858359156,-0.024118308782,-6.244390606183,-3.281141163105
557.594869844,81,0.168274031647,0.853324569211,-6.244778343515,-3.283003779049
557.594869844,82,-0.268937337411,-0.072447765630,-6.244167619711,-3.281075455175
557.594869844,83,0.023934690090,0.699582138329,-6.244325426543,-3.282452350767
557.594869844,84,0.477787905658,0.275825694940,-6.244661117043,-3.281344547371
557.594869844,85,0.036645124562,-0.916231028192,-6.243870326639,-3.278701882014
557.594869844,86,-0.088683785592,0.970881583111,-6.243833251415,-3.283212466400
557.594869844,87,-0.219830174021,0.520143512239,-6.243609915622,-3.282135652117
557.594869844,88,0.944965954322,-0.069337104770,-6.246617801311,-3.280620269569
557.594869844,89,-0.471210637956,0.339837586631,-6.242579583262,-3.282197671171
557.594869844,90,-0.840595559603,0.324824900045,-6.241911921342,-3.282157438841
557.594869844,91,0.784840104461,-0.427632562475,-6.246269066167,-3.279753896593
557.594869844,92,0.201640674574,-0.783981004469,-6.244451073340,-3.279010784537
557.594869844,93,0.303634251820,-0.369472185553,-6.244430427787,-3.281100593984
557.594869844,94,-0.363735584074,0.073286353576,-6.243715024463,-3.281133290674
557.594869844,95,0.152060898489,0.633441885320,-6.244638488328,-3.281848679694
557.594869844,96,0.356639909075,0.156034381706,-6.244251610186,-3.281277344739
557.594869844,97,0.819425997097,0.449237113415,-6.246456970388,-3.281774488204
557.594869844,98,0.275899061299,0.320946203377,-6.244370647877,-3.281034814637
557.594869844,99,-0.021108112823,0.172768947399,-6.244391299650,-3.280862669588
557.690805155,0,-0.769463129821,-0.300463567000,-6.511887254444,-3.278491671717
557.690805155,1,-0.209167276947,0.100349733717,-6.514776439756,-3.278438669856
557.690805155,2,0.296023683601,-0.364321083002,-6.514965085483,-3.278630989048
557.690805155,3,0.228179259258,0.363738967315,-6.514997862836,-3.278485247069
557.690805155,4,-0.268060392883,0.322567088917,-6.514274530328,-3.278898025308
557.690805155,5,-0.572195141308,-0.696194819659,-6.512539164763,-3.277445712923
557.690805155,6,0.872210573234,-0.403229108530,-6.516586680231,-3.277622187805
557.690805155,7,-0.038958968812,0.524458383998,-6.514778446601,-3.279096167553
557.690805155,8,-0.343335149645,-0.837780124264,-6.513184422888,-3.276901645591
557.690805155,9,0.559014935847,0.759865116064,-6.516458660967,-3.279902367935
557.690805155,10,-0.044275750974,-0.714849713650,-6.514209674024,-3.277378330889
557.690805155,11,-0.132643416332,0.476833645177,-6.514549709430,-3.279111506994
557.690805155,12,0.035671008030,0.907176485191,-6.514856886880,-3.280844839219
557.690805155,13,0.058461798746,0.458634038709,-6.514975449492,-3.278650879207
557.690805155,14,-0.592016356790,0.625286882581,-6.512787411475,-3.280319161976
557.690805155,15,-0.376031977856,0.698956476628,-6.513249096511,-3.280793219351
557.690805155,16,-0.731729031643,-0.626082967965,-6.512055755939,-3.277721374137
557.690805155,17,-0.462686668492,-0.133526160008,-6.513773484112,-3.278561591775
557.690805155,18,-0.002004598931,-0.893935741652,-6.514258882384,-3.276322066891
557.690805155,19,-0.200629508978,0.691312401871,-6.513999492855,-3.280505862249
557.690805155,20,0.466497947957,-0.118047826618,-6.515219881263,-3.278844011649
557.690805155,21,-0.392205757247,-0.109902853573,-6.514171683672,-3.278553082938
557.690805155,22,-0.302712859750,-0.637302042237,-6.513646368989,-3.277806985180
557.690805155,23,-0.288759030486,-0.706641962332,-6.513546471887,-3.277496529097
557.690805155,24,0.247322295012,0.350955367274,-6.514988650004,-3.278499046269
557.690805155,25,0.074787261056,0.096445748190,-6.514859934310,-3.278532601191
557.690805155,26,-0.666964389691,0.162147253369,-6.512162783272,-3.279570833901
557.690805155,27,-0.845280824069,-0.117233342714,-6.511660233317,-3.279023045935
557.690805155,28,-0.132330170724,0.949257192593,-6.514239924263,-3.280732314038
557.690805155,29,0.336207924789,0.715889821861,-6.515748992234,-3.279692982536
557.690805155,30,-0.957374541242,-0.023591530897,-6.512129124007,-3.279158975227
557.690805155,31,-0.500041272675,-0.783995520852,-6.512721426201,-3.277160311740
557.690805155,32,0.062162390311,0.462902484850,-6.514980664958,-3.278662211710
557.690805155,33,0.183465045254,0.912396847818,-6.515392812983,-3.280673108949
557.690805155,34,0.820746316452,-0.239013431427,-6.517148163688,-3.277690534847
557.690805155,35,-0.082811411792,-0.520583864882,-6.514377122737,-3.278448004331
557.690805155,36,0.872076003773,0.191120372610,-6.517249028782,-3.278770847093
557.690805155,37,0.923975088394,-0.107199574961,-6.517236776793,-3.278041211003
557.690805155,38,0.546429670468,0.029197788783,-6.515461809161,-3.278866631922
557.690805155,39,-0.068147332166,0.722771073819,-6.514539452603,-3.280318591776
557.690805155,40,0.232099646494,-0.132727392503,-6.514701224126,-3.279063766691
557.690805155,41,0.668337563064,0.369544736060,-6.516273631096,-3.279111222194
557.690805155,42,0.298260481154,-0.385936633415,-6.514997457812,-3.278539383556
557.690805155,43,0.537461705994,0.689998957023,-6.516296579224,-3.279676854077
557.690805155,44,0.179214366316,0.376183262628,-6.514997536838,-3.278453361524
557.690805155,45,0.120873073829,-0.546014611777,-6.514679555444,-3.278162860813
557.690805155,46,0.095259620052,-0.073485247346,-6.514767872754,-3.278909634367
557.690805155,47,-0.174958397984,0.044062235320,-6.514868556149,-3.278462005398
557.690805155,48,0.684267941530,0.168757891635,-6.516234759266,-3.278888476512
557.690805155,49,-0.272985766685,0.627527932138,-6.513724804516,-3.280392016014
557.690805155,50,0.355689383773,0.034283890732,-6.514795321931,-3.278921424162
557.690805155,51,-0.296168935074,0.412124334160,-6.513963564139,-3.279361417993
557.690805155,52,-0.030427507013,-0.047489747423,-6.514894703348,-3.278713840406
557.690805155,53,-0.058928234127,0.614487763132,-6.514653569715,-3.279651327932
557.690805155,54,-0.438225237114,-0.619541544687,-6.513192771385,-3.277750411576
557.690805155,55,0.586987722233,-0.287652890184,-6.516145887996,-3.278016260052
557.690805155,56,-0.893234633679,0.192961748815,-6.512270746368,-3.279478558410
557.690805155,57,0.209042374797,0.756830586690,-6.515452217807,-3.279974064070
557.690805155,58,0.456200181097,-0.240759852921,-6.515358431689,-3.278606533406
557.690805155,59,0.848956400642,-0.300491499258,-6.517056699790,-3.277571285118
557.690805155,60,0.467692217422,0.529859170031,-6.515726999569,-3.279107912079
557.690805155,61,0.703567742313,-0.513617321535,-6.516695214793,-3.276989254925
557.690805155,62,-0.196934932099,0.726158191337,-6.513988985643,-3.280655332599
557.690805155,63,0.458251820794,0.476912602367,-6.515577598191,-3.278975424421
557.690805155,64,0.463991791557,0.425283507540,-6.515482595993,-3.278902180148
557.690805155,65,0.008848738853,-0.148852234584,-6.514807595189,-3.278941388384
557.690805155,66,0.582006729594,0.361412444273,-6.515820824208,-3.279015054474
557.690805155,67,0.065178954920,-0.786962582334,-6.514501102116,-3.276754749055
557.690805155,68,0.063401758864,0.970615082298,-6.514921768830,-3.280811425147
557.690805155,69,-0.575734712982,0.322266381172,-6.512497689459,-3.279917879480
557.690805155,70,0.433947541588,0.545280601369,-6.515663288727,-3.279099239471
557.690805155,71,-0.413660120771,-0.589915628258,-6.513355348912,-3.277876275337
557.690805155,72,-0.616857948277,0.167562679736,-6.512438127343,-3.279477057593
557.690805155,73,-0.597695444839,0.470697221227,-6.512400150271,-3.280377973987
557.690805155,74,0.089333121815,-0.249740398459,-6.514705849135,-3.279074352329
557.690805155,75,-0.675800707668,0.177980995385,-6.512109656685,-3.279637098049
557.690805155,76,-0.280378025304,-0.729063091391,-6.513531363234,-3.277388801445
557.690805155,77,0.172188714929,-0.845121384045,-6.514882060947,-3.276276837552
557.690805155,78,-0.492107000221,-0.433198592759,-6.513312163624,-3.278198240894
557.690805155,79,0.534162287256,-0.132184657187,-6.515572450340,-3.278674737476
557.690805155,80,-0.072858359156,-0.024118308782,-6.514922807679,-3.278622369392
557.690805155,81,0.168274031647,0.853324569211,-6.515356409509,-3.280504423050
557.690805155,82,-0.268937337411,-0.072447765630,-6.514670894211,-3.278553798915
557.690805155,83,0.023934690090,0.699582138329,-6.514884930701,-3.279953294745
557.690805155,84,0.477787905658,0.275825694940,-6.515264320736,-3.278841183110
557.690805155,85,0.036645124562,-0.916231028192,-6.514394974622,-3.276199806335
557.690805155,86,-0.088683785592,0.970881583111,-6.514386827005,-3.280707435377
557.690805155,87,-0.219830174021,0.520143512239,-6.514136022104,-3.279630830789
557.690805155,88,0.944965954322,-0.069337104770,-6.517226776140,-3.278137368227
557.690805155,89,-0.471210637956,0.339837586631,-6.513086601234,-3.279680430026
557.690805155,90,-0.840595559603,0.324824900045,-6.512451175521,-3.279626751867
557.690805155,91,0.784840104461,-0.427632562475,-6.516857039279,-3.277261170828
557.690805155,92,0.201640674574,-0.783981004469,-6.514985498207,-3.276503474072
557.690805155,93,0.303634251820,-0.369472185553,-6.514992581798,-3.278591537769
557.690805155,94,-0.363735584074,0.073286353576,-6.514213172682,-3.278615435417
557.690805155,95,0.152060898489,0.633441885320,-6.515214711033,-3.279348534603
557.690805155,96,0.356639909075,0.156034381706,-6.514845159535,-3.278771174233
557.690805155,97,0.819425997097,0.449237113415,-6.517069457654,-3.279278660286
557.690805155,98,0.275899061299,0.320946203377,-6.514960909050,-3.278528720782
557.690805155,99,-0.021108112823,0.172768947399,-6.514936560860,-3.278351445278
557.786740466,0,-0.769463129821,-0.300463567000,-6.782827502266,-3.275651565541
557.786740466,1,-0.209167276947,0.100349733717,-6.785695730213,-3.275600842963
557.786740466,2,0.296023683601,-0.364321083002,-6.785932946138,-3.275799735648
557.786740466,3,0.228179259258,0.363738967315,-6.785989866623,-3.275658003087
557.786740466,4,-0.268060392883,0.322567088917,-6.785194223595,-3.276065516414
557.786740466,5,-0.572195141308,-0.696194819659,-6.783466756547,-3.274622666916
557.786740466,6,0.872210573234,-0.403229108530,-6.787597661711,-3.274806821380
557.786740466,7,-0.038958968812,0.524458383998,-6.785732907168,-3.276272327565
557.786740466,8,-0.343335149645,-0.837780124264,-6.784105023500,-3.274079116738
557.786740466,9,0.559014935847,0.759865116064,-6.787481471679,-3.277076377384
557.786740466,10,-0.044275750974,-0.714849713650,-6.785133477864,-3.274539706519
557.786740466,11,-0.132643416332,0.476833645177,-6.785490114295,-3.276285416635
557.786740466,12,0.035671008030,0.907176485191,-6.785828209892,-3.278021399516
557.786740466,13,0.058461798746,0.458634038709,-6.785943620949,-3.275826128833
557.786740466,14,-0.592016356790,0.625286882581,-6.783725789269,-3.277469393285
557.786740466,15,-0.376031977856,0.698956476628,-6.784184447069,-3.277955157707
557.786740466,16,-0.731729031643,-0.626082967965,-6.783005595430,-3.274901498390
557.786740466,17,-0.462686668492,-0.133526160008,-6.784670912660,-3.275715997999
557.786740466,18,-0.002004598931,-0.893935741652,-6.785186635416,-3.273498009762
557.786740466,19,-0.200629508978,0.691312401871,-6.784941164468,-3.277678040269
557.786740466,20,0.466497947957,-0.118047826618,-6.786212683383,-3.276022868674
557.786740466,21,-0.392205757247,-0.109902853573,-6.785070057895,-3.275707810976
557.786740466,22,-0.302712859750,-0.637302042237,-6.784554794061,-3.274965572147
557.786740466,23,-0.288759030486,-0.706641962332,-6.784458161287,-3.274659376431
557.786740466,24,0.247322295012,0.350955367274,-6.785982904445,-3.275671595287
557.786740466,25,0.074787261056,0.096445748190,-6.785824178781,-3.275697558074
557.786740466,26,-0.666964389691,0.162147253369,-6.783086653350,-3.276719926331
557.786740466,27,-0.845280824069,-0.117233342714,-6.782614162602,-3.276174577066
557.786740466,28,-0.132330170724,0.949257192593,-6.785197737996,-3.277902327262
557.786740466,29,0.336207924789,0.715889821861,-6.786754475024,-3.276869246310
557.786740466,30,-0.957374541242,-0.023591530897,-6.783097724000,-3.276307303324
557.786740466,31,-0.500041272675,-0.783995520852,-6.783648230834,-3.274341123938
557.786740466,32,0.062162390311,0.462902484850,-6.785949460582,-3.275837554161
557.786740466,33,0.183465045254,0.912396847818,-6.786380600778,-3.277850910576
557.786740466,34,0.820746316452,-0.239013431427,-6.788149121467,-3.274885059410
557.786740466,35,-0.082811411792,-0.520583864882,-6.785299581036,-3.275600503513
557.786740466,36,0.872076003773,0.191120372610,-6.788264750689,-3.275964330062
557.786740466,37,0.923975088394,-0.107199574961,-6.788252251086,-3.275237889864
557.786740466,38,0.546429670468,0.029197788783,-6.786464736058,-3.276048262765
557.786740466,39,-0.068147332166,0.722771073819,-6.785495000134,-3.277495307707
557.786740466,40,0.232099646494,-0.132727392503,-6.785677677097,-3.276228979381
557.786740466,41,0.668337563064,0.369544736060,-6.787292049894,-3.276290668375
557.786740466,42,0.298260481154,-0.385936633415,-6.785964051284,-3.275708397728
557.786740466,43,0.537461705994,0.689998957023,-6.787317843948,-3.276850801666
557.786740466,44,0.179214366316,0.376183262628,-6.785983038893,-3.275626416802
557.786740466,45,0.120873073829,-0.546014611777,-6.785621936162,-3.275323059361
557.786740466,46,0.095259620052,-0.073485247346,-6.785729673057,-3.276070420373
557.786740466,47,-0.174958397984,0.044062235320,-6.785791167959,-3.275622484006
557.786740466,48,0.684267941530,0.168757891635,-6.787245138664,-3.276073998850
557.786740466,49,-0.272985766685,0.627527932138,-6.784658557418,-3.277561141665
557.786740466,50,0.355689383773,0.034283890732,-6.785791074522,-3.276093334316
557.786740466,51,-0.296168935074,0.412124334160,-6.784884890710,-3.276529258475
557.786740466,52,-0.030427507013,-0.047489747423,-6.785837695646,-3.275872596874
557.786740466,53,-0.058928234127,0.614487763132,-6.785607328273,-3.276828224271
557.786740466,54,-0.438225237114,-0.619541544687,-6.784101846871,-3.274913505651
557.786740466,55,0.586987722233,-0.287652890184,-6.787131346710,-3.275203743101
557.786740466,56,-0.893234633679,0.192961748815,-6.783228023018,-3.276622153700
557.786740466,57,0.209042374797,0.756830586690,-6.786443010899,-3.277152319579
557.786740466,58,0.456200181097,-0.240759852921,-6.786343041478,-3.275785684963
557.786740466,59,0.848956400642,-0.300491499258,-6.788061376704,-3.274763119784
557.786740466,60,0.467692217422,0.529859170031,-6.786743132914,-3.276281902024
557.786740466,61,0.703567742313,-0.513617321535,-6.787680763140,-3.274174055211
557.786740466,62,-0.196934932099,0.726158191337,-6.784932573374,-3.277827260028
557.786740466,63,0.458251820794,0.476912602367,-6.786592579545,-3.276149400949
557.786740466,64,0.463991791557,0.425283507540,-6.786497138436,-3.276076277969
557.786740466,65,0.008848738853,-0.148852234584,-6.785753507273,-3.276098019063
557.786740466,66,0.582006729594,0.361412444273,-6.786837984085,-3.276191955611
557.786740466,67,0.065178954920,-0.786962582334,-6.785431875916,-3.273923078531
557.786740466,68,0.063401758864,0.970615082298,-6.785897003822,-3.277986961510
557.786740466,69,-0.575734712982,0.322266381172,-6.783417948517,-3.277070261949
557.786740466,70,0.433947541588,0.545280601369,-6.786677335418,-3.276273315073
557.786740466,71,-0.413660120771,-0.589915628258,-6.784261792292,-3.275036425832
557.786740466,72,-0.616857948277,0.167562679736,-6.783355115479,-3.276628467090
557.786740466,73,-0.597695444839,0.470697221227,-6.783331207555,-3.277527735120
557.786740466,74,0.089333121815,-0.249740398459,-6.785659190564,-3.276231753856
557.786740466,75,-0.675800707668,0.177980995385,-6.783035541077,-3.276785549662
557.786740466,76,-0.280378025304,-0.729063091391,-6.784444245761,-3.274553152045
557.786740466,77,0.172188714929,-0.845121384045,-6.785818908427,-3.273451456458
557.786740466,78,-0.492107000221,-0.433198592759,-6.784214770661,-3.275355208530
557.786740466,79,0.534162287256,-0.132184657187,-6.786565984962,-3.275858051322
557.786740466,80,-0.072858359156,-0.024118308782,-6.785859554440,-3.275781335468
557.786740466,81,0.168274031647,0.853324569211,-6.786342317978,-3.277682826873
557.786740466,82,-0.268937337411,-0.072447765630,-6.785578917869,-3.275709708153
557.786740466,83,0.023934690090,0.699582138329,-6.785851254044,-3.277131646688
557.786740466,84,0.477787905658,0.275825694940,-6.786276001596,-3.276016391874
557.786740466,85,0.036645124562,-0.916231028192,-6.785324874697,-3.273377956650
557.786740466,86,-0.088683785592,0.970881583111,-6.785348497967,-3.277878545617
557.786740466,87,-0.219830174021,0.520143512239,-6.785068352778,-3.276802621174
557.786740466,88,0.944965954322,-0.069337104770,-6.788245700704,-3.275334502307
557.786740466,89,-0.471210637956,0.339837586631,-6.784000836516,-3.276839024531
557.786740466,90,-0.840595559603,0.324824900045,-6.783402116759,-3.276770131857
557.786740466,91,0.784840104461,-0.427632562475,-6.787853097121,-3.274448468845
557.786740466,92,0.201640674574,-0.783981004469,-6.785925166758,-3.273675694291
557.786740466,93,0.303634251820,-0.369472185553,-6.785960631429,-3.275760824369
557.786740466,94,-0.363735584074,0.073286353576,-6.785116823472,-3.275774621980
557.786740466,95,0.152060898489,0.633441885320,-6.786197943178,-3.276526355893
557.786740466,96,0.356639909075,0.156034381706,-6.785845930173,-3.275943320376
557.786740466,97,0.819425997097,0.449237113415,-6.788093195824,-3.276462047574
557.786740466,98,0.275899061299,0.320946203377,-6.785958109007,-3.275700908454
557.786740466,99,-0.021108112823,0.172768947399,-6.785886834651,-3.275517944746
557.882675777,0,-0.769463129821,-0.300463567000,-7.054179332207,-3.272487378212
557.882675777,1,-0.209167276947,0.100349733717,-7.057021239537,-3.272438888255
557.882675777,2,0.296023683601,-0.364321083002,-7.057307932281,-3.272645334468
557.882675777,3,0.228179259258,0.363738967315,-7.057389881573,-3.272507488221
557.882675777,4,-0.268060392883,0.322567088917,-7.056520998370,-3.272908283443
557.882675777,5,-0.572195141308,-0.696194819659,-7.054803839730,-3.271477868135
557.882675777,6,0.872210573234,-0.403229108530,-7.059018452198,-3.271670318960
557.882675777,7,-0.038958968812,0.524458383998,-7.057094790977,-3.273124366062
557.882675777,8,-0.343335149645,-0.837780124264,-7.055433374886,-3.270935403274
557.882675777,9,0.559014935847,0.759865116064,-7.058915730457,-3.273927807619
557.882675777,10,-0.044275750974,-0.714849713650,-7.056463452425,-3.271378903834
557.882675777,11,-0.132643416332,0.476833645177,-7.056837772799,-3.273134886260
557.882675777,12,0.035671008030,0.907176485191,-7.057208699257,-3.274873472566
557.882675777,13,0.058461798746,0.458634038709,-7.057319194789,-3.272677665890
557.882675777,14,-0.592016356790,0.625286882581,-7.055075494584,-3.274292073483
557.882675777,15,-0.376031977856,0.698956476628,-7.055529323912,-3.274790677120
557.882675777,16,-0.731729031643,-0.626082967965,-7.054366650378,-3.271759329270
557.882675777,17,-0.462686668492,-0.133526160008,-7.055975900580,-3.272546284132
557.882675777,18,-0.002004598931,-0.893935741652,-7.056520946870,-3.270352636476
557.882675777,19,-0.200629508978,0.691312401871,-7.056291248931,-3.274524947133
557.882675777,20,0.466497947957,-0.118047826618,-7.057614283226,-3.272878669613
557.882675777,21,-0.392205757247,-0.109902853573,-7.056375347588,-3.272538480182
557.882675777,22,-0.302712859750,-0.637302042237,-7.055870061805,-3.271801955700
557.882675777,23,-0.288759030486,-0.706641962332,-7.055776807797,-3.271500319103
557.882675777,24,0.247322295012,0.350955367274,-7.057385269492,-3.272520907546
557.882675777,25,0.074787261056,0.096445748190,-7.057194932613,-3.272538932207
557.882675777,26,-0.666964389691,0.162147253369,-7.054421157771,-3.273543013028
557.882675777,27,-0.845280824069,-0.117233342714,-7.053980766542,-3.273000783382
557.882675777,28,-0.132330170724,0.949257192593,-7.056565118118,-3.274746712227
557.882675777,29,0.336207924789,0.715889821861,-7.058169654884,-3.273722475165
557.882675777,30,-0.957374541242,-0.023591530897,-7.054480063245,-3.273129423177
557.882675777,31,-0.500041272675,-0.783995520852,-7.054983977659,-3.271200611840
557.882675777,32,0.062162390311,0.462902484850,-7.057325685545,-3.272689192899
557.882675777,33,0.183465045254,0.912396847818,-7.057777920942,-3.274704932301
557.882675777,34,0.820746316452,-0.239013431427,-7.059560469020,-3.271757838346
557.882675777,35,-0.082811411792,-0.520583864882,-7.056627884451,-3.272430138453
557.882675777,36,0.872076003773,0.191120372610,-7.059692711527,-3.272835776908
557.882675777,37,0.923975088394,-0.107199574961,-7.059678947450,-3.272113074482
557.882675777,38,0.546429670468,0.029197788783,-7.057877444193,-3.272907003766
557.882675777,39,-0.068147332166,0.722771073819,-7.056858819623,-3.274347417605
557.882675777,40,0.232099646494,-0.132727392503,-7.057061157595,-3.273070803237
557.882675777,41,0.668337563064,0.369544736060,-7.058722006703,-3.273147596282
557.882675777,42,0.298260481154,-0.385936633415,-7.057337756868,-3.272554299514
557.882675777,43,0.537461705994,0.689998957023,-7.058750253905,-3.273702137438
557.882675777,44,0.179214366316,0.376183262628,-7.057376272992,-3.272476099253
557.882675777,45,0.120873073829,-0.546014611777,-7.056970501533,-3.272160384676
557.882675777,46,0.095259620052,-0.073485247346,-7.057097791164,-3.272907678875
557.882675777,47,-0.174958397984,0.044062235320,-7.057119807949,-3.272458991199
557.882675777,48,0.684267941530,0.168757891635,-7.058666683937,-3.272936969300
557.882675777,49,-0.272985766685,0.627527932138,-7.056000742979,-3.274404745781
557.882675777,50,0.355689383773,0.034283890732,-7.057195074668,-3.272942027123
557.882675777,51,-0.296168935074,0.412124334160,-7.056213792039,-3.273372038949
557.882675777,52,-0.030427507013,-0.047489747423,-7.057186603815,-3.272707689610
557.882675777,53,-0.058928234127,0.614487763132,-7.056968867905,-3.273680775493
557.882675777,54,-0.438225237114,-0.619541544687,-7.055418800546,-3.271754440796
557.882675777,55,0.586987722233,-0.287652890184,-7.058525967146,-3.272068613308
557.882675777,56,-0.893234633679,0.192961748815,-7.054598804322,-3.273438648455
557.882675777,57,0.209042374797,0.756830586690,-7.057842872741,-3.274007125003
557.882675777,58,0.456200181097,-0.240759852921,-7.057736084411,-3.272641820609
557.882675777,59,0.848956400642,-0.300491499258,-7.059476249864,-3.271633471543
557.882675777,60,0.467692217422,0.529859170031,-7.058169519361,-3.273133128655
557.882675777,61,0.703567742313,-0.513617321535,-7.059075197273,-3.271037232621
557.882675777,62,-0.196934932099,0.726158191337,-7.056284739665,-3.274673839221
557.882675777,63,0.458251820794,0.476912602367,-7.058017622145,-3.273000575862
557.882675777,64,0.463991791557,0.425283507540,-7.057921678357,-3.272927556840
557.882675777,65,0.008848738853,-0.148852234584,-7.057105318019,-3.272931097062
557.882675777,66,0.582006729594,0.361412444273,-7.058265991104,-3.273046188831
557.882675777,67,0.065178954920,-0.786962582334,-7.056768973295,-3.270769485182
557.882675777,68,0.063401758864,0.970615082298,-7.057281734161,-3.274837997504
557.882675777,69,-0.575734712982,0.322266381172,-7.054748097917,-3.273896412721
557.882675777,70,0.433947541588,0.545280601369,-7.058101393348,-3.273124573641
557.882675777,71,-0.413660120771,-0.589915628258,-7.055575808113,-3.271874264388
557.882675777,72,-0.616857948277,0.167562679736,-7.054682053898,-3.273454080247
557.882675777,73,-0.597695444839,0.470697221227,-7.054673006909,-3.274350529244
557.882675777,74,0.089333121815,-0.249740398459,-7.057018639634,-3.273065732580
557.882675777,75,-0.675800707668,0.177980995385,-7.054372224364,-3.273607881788
557.882675777,76,-0.280378025304,-0.729063091391,-7.055764104021,-3.271395693456
557.882675777,77,0.172188714929,-0.845121384045,-7.057162291144,-3.270304450931
557.882675777,78,-0.492107000221,-0.433198592759,-7.055525410135,-3.272189183056
557.882675777,79,0.534162287256,-0.132184657187,-7.057968786606,-3.272718461880
557.882675777,80,-0.072858359156,-0.024118308782,-7.057202183442,-3.272616568822
557.882675777,81,0.168274031647,0.853324569211,-7.057737471134,-3.274537491655
557.882675777,82,-0.268937337411,-0.072447765630,-7.056893095571,-3.272541676861
557.882675777,83,0.023934690090,0.699582138329,-7.057225795072,-3.273985886650
557.882675777,84,0.477787905658,0.275825694940,-7.057697472657,-3.272868710021
557.882675777,85,0.036645124562,-0.916231028192,-7.056661355948,-3.270234892875
557.882675777,86,-0.088683785592,0.970881583111,-7.056719741733,-3.274724243004
557.882675777,87,-0.219830174021,0.520143512239,-7.056408349859,-3.273649472858
557.882675777,88,0.944965954322,-0.069337104770,-7.059676054220,-3.272210176293
557.882675777,89,-0.471210637956,0.339837586631,-7.055323802976,-3.273671881926
557.882675777,90,-0.840595559603,0.324824900045,-7.054766265294,-3.273585985254
557.882675777,91,0.784840104461,-0.427632562475,-7.059258632733,-3.271314277642
557.882675777,92,0.201640674574,-0.783981004469,-7.057271377428,-3.270525988624
557.882675777,93,0.303634251820,-0.369472185553,-7.057335846743,-3.272606979973
557.882675777,94,-0.363735584074,0.073286353576,-7.056427428822,-3.272609319131
557.882675777,95,0.152060898489,0.633441885320,-7.057589547433,-3.273380647413
557.882675777,96,0.356639909075,0.156034381706,-7.057255210809,-3.272792310995
557.882675777,97,0.819425997097,0.449237113415,-7.059529631478,-3.273323212359
557.882675777,98,0.275899061299,0.320946203377,-7.057363552929,-3.272549901117
557.882675777,99,-0.021108112823,0.172768947399,-7.057243457897,-3.272360668077
557.978611089,0,-0.769463129821,-0.300463567000,-7.325944269304,-3.268997544255
557.978611089,1,-0.209167276947,0.100349733717,-7.328754371598,-3.268951277920
557.978611089,2,0.296023683601,-0.364321083002,-7.329091320873,-3.269166301227
557.978611089,3,0.228179259258,0.363738967315,-7.329199229213,-3.269032208419
557.978611089,4,-0.268060392883,0.322567088917,-7.328256301600,-3.269424771457
557.978611089,5,-0.572195141308,-0.696194819659,-7.326551892526,-3.268009811126
557.978611089,6,0.872210573234,-0.403229108530,-7.330850481219,-3.268211154441
557.978611089,7,-0.038958968812,0.524458383998,-7.328865493956,-3.269650748018
557.978611089,8,-0.343335149645,-0.837780124264,-7.327170901919,-3.267469040953
557.978611089,9,0.559014935847,0.759865116064,-7.330762839973,-3.270455209153
557.978611089,10,-0.044275750974,-0.714849713650,-7.328200939546,-3.267894466469
557.978611089,11,-0.132643416332,0.476833645177,-7.328594102503,-3.269658369193
557.978611089,12,0.035671008030,0.907176485191,-7.328999800924,-3.271399517766
557.978611089,13,0.058461798746,0.458634038709,-7.329103532535,-3.269203973109
557.978611089,14,-0.592016356790,0.625286882581,-7.326838090033,-3.270785585381
557.978611089,15,-0.376031977856,0.698956476628,-7.327285254541,-3.271298175947
557.978611089,16,-0.731729031643,-0.626082967965,-7.326140392316,-3.268293318532
557.978611089,17,-0.462686668492,-0.133526160008,-7.327689938101,-3.269050915624
557.978611089,18,-0.002004598931,-0.893935741652,-7.328263159998,-3.266884497058
557.978611089,19,-0.200629508978,0.691312401871,-7.328051217807,-3.271045009759
557.978611089,20,0.466497947957,-0.118047826618,-7.329425971701,-3.269409925564
557.978611089,21,-0.392205757247,-0.109902853573,-7.328089016738,-3.269043562095
557.978611089,22,-0.302712859750,-0.637302042237,-7.327593591366,-3.268314666740
557.978611089,23,-0.288759030486,-0.706641962332,-7.327503825635,-3.268017893639
557.978611089,24,0.247322295012,0.350955367274,-7.329197063495,-3.269045491051
557.978611089,25,0.074787261056,0.096445748190,-7.328973512597,-3.269055223451
557.978611089,26,-0.666964389691,0.162147253369,-7.326167855516,-3.270038501834
557.978611089,27,-0.845280824069,-0.117233342714,-7.325761560061,-3.269500076199
557.978611089,28,-0.132330170724,0.949257192593,-7.328343559526,-3.271263893553
557.978611089,29,0.336207924789,0.715889821861,-7.329995904178,-3.270251186960
557.978611089,30,-0.957374541242,-0.023591530897,-7.326277557705,-3.269623737145
557.978611089,31,-0.500041272675,-0.783995520852,-7.326730125106,-3.267737285357
557.978611089,32,0.062162390311,0.462902484850,-7.329110701177,-3.269215610983
557.978611089,33,0.183465045254,0.912396847818,-7.329586195364,-3.271233662790
557.978611089,34,0.820746316452,-0.239013431427,-7.331383617103,-3.268307355492
557.978611089,35,-0.082811411792,-0.520583864882,-7.328363377252,-3.268935440022
557.978611089,36,0.872076003773,0.191120372610,-7.331534363946,-3.269383710310
557.978611089,37,0.923975088394,-0.107199574961,-7.331518331507,-3.268665254690
557.978611089,38,0.546429670468,0.029197788783,-7.329701246229,-3.269441370034
557.978611089,39,-0.068147332166,0.722771073819,-7.328632347649,-3.270873370101
557.978611089,40,0.232099646494,-0.132727392503,-7.328852946284,-3.269587751809
557.978611089,41,0.668337563064,0.369544736060,-7.330564877453,-3.269680543491
557.978611089,42,0.298260481154,-0.385936633415,-7.329119852043,-3.269075604783
557.978611089,43,0.537461705994,0.689998957023,-7.330595195200,-3.270229406379
557.978611089,44,0.179214366316,0.376183262628,-7.329178567716,-3.269000909394
557.978611089,45,0.120873073829,-0.546014611777,-7.328726549466,-3.268673366010
557.978611089,46,0.095259620052,-0.073485247346,-7.328873528758,-3.269419918116
557.978611089,47,-0.174958397984,0.044062235320,-7.328855863122,-3.268970007651
557.978611089,48,0.684267941530,0.168757891635,-7.330500759105,-3.269475910661
557.978611089,49,-0.272985766685,0.627527932138,-7.327752847357,-3.270921247556
557.978611089,50,0.355689383773,0.034283890732,-7.329008608662,-3.269466017101
557.978611089,51,-0.296168935074,0.412124334160,-7.327951735504,-3.269888192427
557.978611089,52,-0.030427507013,-0.047489747423,-7.328942761439,-3.269217618477
557.978611089,53,-0.058928234127,0.614487763132,-7.328739604303,-3.270207438110
557.978611089,54,-0.438225237114,-0.619541544687,-7.327145094690,-3.268271732487
557.978611089,55,0.586987722233,-0.287652890184,-7.330331067420,-3.268609368834
557.978611089,56,-0.893234633679,0.192961748815,-7.326384572228,-3.269926443439
557.978611089,57,0.209042374797,0.756830586690,-7.329653190543,-3.270536977167
557.978611089,58,0.456200181097,-0.240759852921,-7.329538848330,-3.269173448661
557.978611089,59,0.848956400642,-0.300491499258,-7.331302742169,-3.268180818801
557.978611089,60,0.467692217422,0.529859170031,-7.330007508049,-3.269660123583
557.978611089,61,0.703567742313,-0.513617321535,-7.330879881127,-3.267577266713
557.978611089,62,-0.196934932099,0.726158191337,-7.328046960326,-3.271193495416
557.978611089,63,0.458251820794,0.476912602367,-7.329854066212,-3.269527478298
557.978611089,64,0.463991791557,0.425283507540,-7.329757549643,-3.269454544845
557.978611089,65,0.008848738853,-0.148852234584,-7.328864345812,-3.269439130591
557.978611089,66,0.582006729594,0.361412444273,-7.330106194203,-3.269576287291
557.978611089,67,0.065178954920,-0.786962582334,-7.328513717442,-3.267292512302
557.978611089,68,0.063401758864,0.970615082298,-7.329077413393,-3.271362995687
557.978611089,69,-0.575734712982,0.322266381172,-7.326489688833,-3.270394734642
557.978611089,70,0.433947541588,0.545280601369,-7.329936810212,-3.269651543651
557.978611089,71,-0.413660120771,-0.589915628258,-7.327298852754,-3.268388307512
557.978611089,72,-0.616857948277,0.167562679736,-7.326420494871,-3.269952309870
557.978611089,73,-0.597695444839,0.470697221227,-7.326427109103,-3.270844745717
557.978611089,74,0.089333121815,-0.249740398459,-7.328785494021,-3.269574804367
557.978611089,75,-0.675800707668,0.177980995385,-7.326121266662,-3.270102499963
557.978611089,76,-0.280378025304,-0.729063091391,-7.327492349465,-3.267914964088
557.978611089,77,0.172188714929,-0.845121384045,-7.328913523536,-3.266834358690
557.978611089,78,-0.492107000221,-0.433198592759,-7.327245569505,-3.268698657592
557.978611089,79,0.534162287256,-0.132184657187,-7.329782159443,-3.269254477312
557.978611089,80,-0.072858359156,-0.024118308782,-7.328952042394,-3.269126564651
557.978611089,81,0.168274031647,0.853324569211,-7.329543280420,-3.271066904618
557.978611089,82,-0.268937337411,-0.072447765630,-7.328614843449,-3.269048186405
557.978611089,83,0.023934690090,0.699582138329,-7.329009962468,-3.270514481012
557.978611089,84,0.477787905658,0.275825694940,-7.329530052136,-3.269396661626
557.978611089,85,0.036645124562,-0.916231028192,-7.328405756237,-3.266769163901
557.978611089,86,-0.088683785592,0.970881583111,-7.328502046090,-3.271242959486
557.978611089,87,-0.219830174021,0.520143512239,-7.328157466549,-3.270169822007
557.978611089,88,0.944965954322,-0.069337104770,-7.331519314863,-3.268762882933
557.978611089,89,-0.471210637956,0.339837586631,-7.327057023935,-3.270177416406
557.978611089,90,-0.840595559603,0.324824900045,-7.326545133615,-3.270072708587
557.978611089,91,0.784840104461,-0.427632562475,-7.331075039951,-3.267857073320
557.978611089,92,0.201640674574,-0.783981004469,-7.329025436617,-3.267052890272
557.978611089,93,0.303634251820,-0.369472185553,-7.329119504828,-3.269128519995
557.978611089,94,-0.363735584074,0.073286353576,-7.328146451642,-3.269117982682
557.978611089,95,0.152060898489,0.633441885320,-7.329390895690,-3.269909899552
557.978611089,96,0.356639909075,0.156034381706,-7.329074296797,-3.269316661826
557.978611089,97,0.819425997097,0.449237113415,-7.331380211911,-3.269860704438
557.978611089,98,0.275899061299,0.320946203377,-7.329178553744,-3.269074209642
557.978611089,99,-0.021108112823,0.172768947399,-7.329007777901,-3.268878102726
558.074546400,0,-0.769463129821,-0.300463567000,-7.598123834673,-3.265180483379
558.074546400,1,-0.209167276947,0.100349733717,-7.600896541441,-3.265136471226
558.074546400,2,0.296023683601,-0.364321083002,-7.601284396112,-3.265361140695
558.074546400,3,0.228179259258,0.363738967315,-7.601419239475,-3.265230656741
558.074546400,4,-0.268060392883,0.322567088917,-7.600401591242,-3.265613412216
558.074546400,5,-0.572195141308,-0.696194819659,-7.598712394843,-3.264216974397
558.074546400,6,0.872210573234,-0.403229108530,-7.603095178578,-3.264427790256
558.074546400,7,-0.038958968812,0.524458383998,-7.601046422593,-3.265849924886
558.074546400,8,-0.343335149645,-0.837780124264,-7.599319036302,-3.263678551270
558.074546400,9,0.559014935847,0.759865116064,-7.603024207931,-3.266657118941
558.074546400,10,-0.044275750974,-0.714849713650,-7.600347290876,-3.264084926643
558.074546400,11,-0.132643416332,0.476833645177,-7.600760531879,-3.265854305274
558.074546400,12,0.035671008030,0.907176485191,-7.601202970961,-3.267597980367
558.074546400,13,0.058461798746,0.458634038709,-7.601298005679,-3.265403519915
558.074546400,14,-0.592016356790,0.625286882581,-7.599015142251,-3.266948300275
558.074546400,15,-0.376031977856,0.698956476628,-7.599453775720,-3.267476039394
558.074546400,16,-0.731729031643,-0.626082967965,-7.598328285722,-3.264501900202
558.074546400,17,-0.462686668492,-0.133526160008,-7.599814524889,-3.265228344722
558.074546400,18,-0.002004598931,-0.893935741652,-7.600414626955,-3.263092130070
558.074546400,19,-0.200629508978,0.691312401871,-7.600222553323,-3.267236641361
558.074546400,20,0.466497947957,-0.118047826618,-7.601649044785,-3.265615136246
558.074546400,21,-0.392205757247,-0.109902853573,-7.600212539718,-3.265221515220
558.074546400,22,-0.302712859750,-0.637302042237,-7.599726811340,-3.264502223286
558.074546400,23,-0.288759030486,-0.706641962332,-7.599640638117,-3.264210623580
558.074546400,24,0.247322295012,0.350955367274,-7.601419613002,-3.265243840963
558.074546400,25,0.074787261056,0.096445748190,-7.601161245270,-3.265244919208
558.074546400,26,-0.666964389691,0.162147253369,-7.598328309202,-3.266204787827
558.074546400,27,-0.845280824069,-0.117233342714,-7.597958049221,-3.265670853296
558.074546400,28,-0.132330170724,0.949257192593,-7.600534567391,-3.267452281952
558.074546400,29,0.336207924789,0.715889821861,-7.602234602871,-3.266453885912
558.074546400,30,-0.957374541242,-0.023591530897,-7.598491600910,-3.265788635855
558.074546400,31,-0.500041272675,-0.783995520852,-7.598888134707,-3.263949638506
558.074546400,32,0.062162390311,0.462902484850,-7.601305878750,-3.265415278165
558.074546400,33,0.183465045254,0.912396847818,-7.601806855151,-3.267435576541
558.074546400,34,0.820746316452,-0.239013431427,-7.603619976582,-3.264532083496
558.074546400,35,-0.082811411792,-0.520583864882,-7.600507414142,-3.265114927450
558.074546400,36,0.872076003773,0.191120372610,-7.603791160219,-3.265606640913
558.074546400,37,0.923975088394,-0.107199574961,-7.603771867971,-3.264892908649
558.074546400,38,0.546429670468,0.029197788783,-7.601937458881,-3.265649864986
558.074546400,39,-0.068147332166,0.722771073819,-7.600817031379,-3.267071599967
558.074546400,40,0.232099646494,-0.132727392503,-7.601054331918,-3.265778327007
558.074546400,41,0.668337563064,0.369544736060,-7.602822040839,-3.265888035070
558.074546400,42,0.298260481154,-0.385936633415,-7.601311621484,-3.265270818515
558.074546400,43,0.537461705994,0.689998957023,-7.602854059105,-3.266431140070
558.074546400,44,0.179214366316,0.376183262628,-7.601391260550,-3.265199334763
558.074546400,45,0.120873073829,-0.546014611777,-7.600891386934,-3.264860521681
558.074546400,46,0.095259620052,-0.073485247346,-7.601058197039,-3.265605634319
558.074546400,47,-0.174958397984,0.044062235320,-7.601000731614,-3.265154001265
558.074546400,48,0.684267941530,0.168757891635,-7.602748730375,-3.265689333757
558.074546400,49,-0.272985766685,0.627527932138,-7.599916367226,-3.267109052638
558.074546400,50,0.355689383773,0.034283890732,-7.601232969481,-3.265663806866
558.074546400,51,-0.296168935074,0.412124334160,-7.600100199286,-3.266076138532
558.074546400,52,-0.030427507013,-0.047489747423,-7.601107512606,-3.265400871031
558.074546400,53,-0.058928234127,0.614487763132,-7.600920963777,-3.266406654947
558.074546400,54,-0.438225237114,-0.619541544687,-7.599282198992,-3.264463882277
558.074546400,55,0.586987722233,-0.287652890184,-7.602547968860,-3.264824496994
558.074546400,56,-0.893234633679,0.192961748815,-7.598586794492,-3.266083929273
558.074546400,57,0.209042374797,0.756830586690,-7.601875360416,-3.266740359063
558.074546400,58,0.456200181097,-0.240759852921,-7.601752626211,-3.265379066385
558.074546400,59,0.848956400642,-0.300491499258,-7.603542276504,-3.264403628704
558.074546400,60,0.467692217422,0.529859170031,-7.602258453914,-3.265861405348
558.074546400,61,0.703567742313,-0.513617321535,-7.603096180460,-3.263792626454
558.074546400,62,-0.196934932099,0.726158191337,-7.600220721777,-3.267384640122
558.074546400,63,0.458251820794,0.476912602367,-7.602103257806,-3.265728624453
558.074546400,64,0.463991791557,0.425283507540,-7.602006091870,-3.265655757269
558.074546400,65,0.008848738853,-0.148852234584,-7.601031919252,-3.265620615842
558.074546400,66,0.582006729594,0.361412444273,-7.602359946304,-3.265780771605
558.074546400,67,0.065178954920,-0.786962582334,-7.600667440630,-3.263490692264
558.074546400,68,0.063401758864,0.970615082298,-7.601285505033,-3.267560404376
558.074546400,69,-0.575734712982,0.322266381172,-7.598644279026,-3.266563617779
558.074546400,70,0.433947541588,0.545280601369,-7.602184939948,-3.265852740443
558.074546400,71,-0.413660120771,-0.589915628258,-7.599432390791,-3.264577058109
558.074546400,72,-0.616857948277,0.167562679736,-7.598571996330,-3.266121555822
558.074546400,73,-0.597695444839,0.470697221227,-7.598595079979,-3.267008761704
558.074546400,74,0.089333121815,-0.249740398459,-7.600961060920,-3.265757473456
558.074546400,75,-0.675800707668,0.177980995385,-7.598284231273,-3.266267797060
558.074546400,76,-0.280378025304,-0.729063091391,-7.599630402551,-3.264109489358
558.074546400,77,0.172188714929,-0.845121384045,-7.601073928187,-3.263039706952
558.074546400,78,-0.492107000221,-0.433198592759,-7.599376743926,-3.264882111564
558.074546400,79,0.534162287256,-0.132184657187,-7.602007411723,-3.265464594503
558.074546400,80,-0.072858359156,-0.024118308782,-7.601110489764,-3.265309805709
558.074546400,81,0.168274031647,0.853324569211,-7.601761166580,-3.267269538925
558.074546400,82,-0.268937337411,-0.072447765630,-7.600745588760,-3.265227705383
558.074546400,83,0.023934690090,0.699582138329,-7.601205175131,-3.266715882333
558.074546400,84,0.477787905658,0.275825694940,-7.601775063559,-3.265598758366
558.074546400,85,0.036645124562,-0.916231028192,-7.600559422104,-3.262979307338
558.074546400,86,-0.088683785592,0.970881583111,-7.600696909115,-3.267433112993
558.074546400,87,-0.219830174021,0.520143512239,-7.600317166942,-3.266362091246
558.074546400,88,0.944965954322,-0.069337104770,-7.603776959735,-3.264991103200
558.074546400,89,-0.471210637956,0.339837586631,-7.599202031774,-3.266354029033
558.074546400,90,-0.840595559603,0.324824900045,-7.598740224642,-3.266228688639
558.074546400,91,0.784840104461,-0.427632562475,-7.603303713441,-3.264075321049
558.074546400,92,0.201640674574,-0.783981004469,-7.601188658731,-3.263254922040
558.074546400,93,0.303634251820,-0.369472185553,-7.601312889909,-3.265323948916
558.074546400,94,-0.363735584074,0.073286353576,-7.600275365541,-3.265299055347
558.074546400,95,0.152060898489,0.633441885320,-7.601603369148,-3.266112589093
558.074546400,96,0.356639909075,0.156034381706,-7.601304490254,-3.265514876386
558.074546400,97,0.819425997097,0.449237113415,-7.603646385219,-3.266073061001
558.074546400,98,0.275899061299,0.320946203377,-7.601404432242,-3.265272332164
558.074546400,99,-0.021108112823,0.172768947399,-7.601181152437,-3.265068723377
558.170481711,0,-0.769463129821,-0.300463567000,-7.870719543831,-3.261034600213
558.170481711,1,-0.209167276947,0.100349733717,-7.873449175216,-3.260992914369
558.170481711,2,0.296023683601,-0.364321083002,-7.873888449548,-3.261228346559
558.170481711,3,0.228179259258,0.363738967315,-7.874051250802,-3.261101313205
558.170481711,4,-0.268060392883,0.322567088917,-7.872958336131,-3.261472624043
558.170481711,5,-0.572195141308,-0.696194819659,-7.871286827074,-3.260097819921
558.170481711,6,0.872210573234,-0.403229108530,-7.875753974328,-3.260318677355
558.170481711,7,-0.038958968812,0.524458383998,-7.873638993954,-3.261720334464
558.170481711,8,-0.343335149645,-0.837780124264,-7.871879215926,-3.259562441025
558.170481711,9,0.559014935847,0.759865116064,-7.875701247186,-3.262532060234
558.170481711,10,-0.044275750974,-0.714849713650,-7.872903867786,-3.259948804926
558.170481711,11,-0.132643416332,0.476833645177,-7.873338500269,-3.261721120731
558.170481711,12,0.035671008030,0.907176485191,-7.873819675562,-3.263467291343
558.170481711,13,0.058461798746,0.458634038709,-7.873903995737,-3.261274762288
558.170481711,14,-0.592016356790,0.625286882581,-7.871608221065,-3.262778578036
558.170481711,15,-0.376031977856,0.698956476628,-7.872036433147,-3.263322639479
558.170481711,16,-0.731729031643,-0.626082967965,-7.870931786066,-3.260383490028
558.170481711,17,-0.462686668492,-0.133526160008,-7.872351169605,-3.261077010285
558.170481711,18,-0.002004598931,-0.893935741652,-7.872976708656,-3.258974062340
558.170481711,19,-0.200629508978,0.691312401871,-7.872806748261,-3.263098241344
558.170481711,20,0.466497947957,-0.118047826618,-7.874284803662,-3.261492789883
558.170481711,21,-0.392205757247,-0.109902853573,-7.872747400976,-3.261070784860
558.170481711,22,-0.302712859750,-0.637302042237,-7.872271159397,-3.260363130176
558.170481711,23,-0.288759030486,-0.706641962332,-7.872188677258,-3.260077019168
558.170481711,24,0.247322295012,0.350955367274,-7.874054252864,-3.261114439461
558.170481711,25,0.074787261056,0.096445748190,-7.873759466981,-3.261106494275
558.170481711,26,-0.666964389691,0.162147253369,-7.870904084111,-3.262040253266
558.170481711,27,-0.845280824069,-0.117233342714,-7.870571729203,-3.261511498790
558.170481711,28,-0.132330170724,0.949257192593,-7.873139657048,-3.263310274147
558.170481711,29,0.336207924789,0.715889821861,-7.874887138640,-3.262329062451
558.170481711,30,-0.957374541242,-0.023591530897,-7.871123560961,-3.261622498231
558.170481711,31,-0.500041272675,-0.783995520852,-7.871459470046,-3.259836148888
558.170481711,32,0.062162390311,0.462902484850,-7.873912599537,-3.261286650740
558.170481711,33,0.183465045254,0.912396847818,-7.874441340693,-3.263309133743
558.170481711,34,0.820746316452,-0.239013431427,-7.876270958504,-3.260430483741
558.170481711,35,-0.082811411792,-0.520583864882,-7.873061360195,-3.260967108122
558.170481711,36,0.872076003773,0.191120372610,-7.876464552311,-3.261503067236
558.170481711,37,0.923975088394,-0.107199574961,-7.876441020659,-3.260794502790
558.170481711,38,0.546429670468,0.029197788783,-7.874587403049,-3.261530980216
558.170481711,39,-0.068147332166,0.722771073819,-7.873414328546,-3.262940528002
558.170481711,40,0.232099646494,-0.132727392503,-7.873666611453,-3.261641018953
558.170481711,41,0.668337563064,0.369544736060,-7.875494878436,-3.261768583456
558.170481711,42,0.298260481154,-0.385936633415,-7.873914357183,-3.261138434661
558.170481711,43,0.537461705994,0.689998957023,-7.875528242179,-3.262305856539
558.170481711,44,0.179214366316,0.376183262628,-7.874015697982,-3.261069849769
558.170481711,45,0.120873073829,-0.546014611777,-7.873466330029,-3.260720358912
558.170481711,46,0.095259620052,-0.073485247346,-7.873653116804,-3.261463311539
558.170481711,47,-0.174958397984,0.044062235320,-7.873555822648,-3.261009427025
558.170481711,48,0.684267941530,0.168757891635,-7.875411966269,-3.261575737311
558.170481711,49,-0.272985766685,0.627527932138,-7.872492809597,-3.262966553030
558.170481711,50,0.355689383773,0.034283890732,-7.873869456911,-3.261533886988
558.170481711,51,-0.296168935074,0.412124334160,-7.872660672193,-3.261934283373
558.170481711,52,-0.030427507013,-0.047489747423,-7.873682211935,-3.261255922354
558.170481711,53,-0.058928234127,0.614487763132,-7.873514383257,-3.262276855011
558.170481711,54,-0.438225237114,-0.619541544687,-7.871831589900,-3.260329377440
558.170481711,55,0.586987722233,-0.287652890184,-7.875177996140,-3.260712474155
558.170481711,56,-0.893234633679,0.192961748815,-7.871206922346,-3.261909486604
558.170481711,57,0.209042374797,0.756830586690,-7.874510787450,-3.262615739705
558.170481711,58,0.456200181097,-0.240759852921,-7.874378716309,-3.261257159864
558.170481711,59,0.848956400642,-0.300491499258,-7.876196275771,-3.260300357093
558.170481711,60,0.467692217422,0.529859170031,-7.874923717804,-3.261735479285
558.170481711,61,0.703567742313,-0.513617321535,-7.875725462932,-3.259681770162
558.170481711,62,-0.196934932099,0.726158191337,-7.872807520929,-3.263245671021
558.170481711,63,0.458251820794,0.476912602367,-7.874766548946,-3.261602517438
558.170481711,64,0.463991791557,0.425283507540,-7.874668650433,-3.261529696447
558.170481711,65,0.008848738853,-0.148852234584,-7.873609377187,-3.261474036840
558.170481711,66,0.582006729594,0.361412444273,-7.875028604446,-3.261658149711
558.170481711,67,0.065178954920,-0.786962582334,-7.873231484175,-3.259362546301
558.170481711,68,0.063401758864,0.970615082298,-7.873907482586,-3.263428657515
558.170481711,69,-0.575734712982,0.322266381172,-7.871213432171,-3.262401439365
558.170481711,70,0.433947541588,0.545280601369,-7.874847142855,-3.261726666076
558.170481711,71,-0.413660120771,-0.589915628258,-7.871977894435,-3.260439005175
558.170481711,72,-0.616857948277,0.167562679736,-7.871138121069,-3.261960204942
558.170481711,73,-0.597695444839,0.470697221227,-7.871178489660,-3.262840942192
558.170481711,74,0.089333121815,-0.249740398459,-7.873546657117,-3.261612232317
558.170481711,75,-0.675800707668,0.177980995385,-7.870862683683,-3.262102153236
558.170481711,76,-0.280378025304,-0.729063091391,-7.872179692343,-3.259977781362
558.170481711,77,0.172188714929,-0.845121384045,-7.873644835836,-3.258919012239
558.170481711,78,-0.492107000221,-0.433198592759,-7.871920435608,-3.260738010419
558.170481711,79,0.534162287256,-0.132184657187,-7.874645855914,-3.261347298940
558.170481711,80,-0.072858359156,-0.024118308782,-7.873678894780,-3.261164762147
558.170481711,81,0.168274031647,0.853324569211,-7.874392559725,-3.263143853541
558.170481711,82,-0.268937337411,-0.072447765630,-7.873286769735,-3.261078689444
558.170481711,83,0.023934690090,0.699582138329,-7.873812862208,-3.262588529223
558.170481711,84,0.477787905658,0.275825694940,-7.874433835890,-3.261473499368
558.170481711,85,0.036645124562,-0.916231028192,-7.873123708646,-3.258863849246
558.170481711,86,-0.088683785592,0.970881583111,-7.873305839101,-3.263293107335
558.170481711,87,-0.219830174021,0.520143512239,-7.872888925920,-3.262224689545
558.170481711,88,0.944965954322,-0.069337104770,-7.876450464855,-3.260893306230
558.170481711,89,-0.471210637956,0.339837586631,-7.871760367508,-3.262200107648
558.170481711,90,-0.840595559603,0.324824900045,-7.871353029782,-3.262052302661
558.170481711,91,0.784840104461,-0.427632562475,-7.875946048751,-3.259967475006
558.170481711,92,0.201640674574,-0.783981004469,-7.873762366223,-3.259130596152
558.170481711,93,0.303634251820,-0.369472185553,-7.873917293465,-3.261191760163
558.170481711,94,-0.363735584074,0.073286353576,-7.872815654586,-3.261150966585
558.170481711,95,0.152060898489,0.633441885320,-7.874228358385,-3.261987179075
558.170481711,96,0.356639909075,0.156034381706,-7.873947100192,-3.261385445832
558.170481711,97,0.819425997097,0.449237113415,-7.876329600386,-3.261958806490
558.170481711,98,0.275899061299,0.320946203377,-7.874042517186,-3.261142753946
558.170481711,99,-0.021108112823,0.172768947399,-7.873764949784,-3.260930991791
558.266417022,0,-0.769463129821,-0.300463567000,-8.143732904877,-3.256558284011
558.266417022,1,-0.209167276947,0.100349733717,-8.146413710067,-3.256519040316
558.266417022,2,0.296023683601,-0.364321083002,-8.146904780189,-3.256766401273
558.266417022,3,0.228179259258,0.363738967315,-8.147096610248,-3.256642644643
558.266417022,4,-0.268060392883,0.322567088917,-8.145928015818,-3.257000811701
558.266417022,5,-0.572195141308,-0.696194819659,-8.144276668784,-3.255650792646
558.266417022,6,0.872210573234,-0.403229108530,-8.148828298766,-3.255882255181
558.266417022,7,-0.038958968812,0.524458383998,-8.146644635683,-3.257260400755
558.266417022,8,-0.343335149645,-0.837780124264,-8.144852884157,-3.255119201881
558.266417022,9,0.559014935847,0.759865116064,-8.148795375853,-3.258078542433
558.266417022,10,-0.044275750974,-0.714849713650,-8.145872041247,-3.255484609992
558.266417022,11,-0.132643416332,0.476833645177,-8.146329457836,-3.257257228042
558.266417022,12,0.035671008030,0.907176485191,-8.146851391052,-3.259005867275
558.266417022,13,0.058461798746,0.458634038709,-8.146922894299,-3.256816142616
558.266417022,14,-0.592016356790,0.625286882581,-8.144618898580,-3.258274767215
558.266417022,15,-0.376031977856,0.698956476628,-8.145034781074,-3.258836335002
558.266417022,16,-0.731729031643,-0.626082967965,-8.143952337696,-3.255936484904
558.266417022,17,-0.462686668492,-0.133526160008,-8.145301389411,-3.256595337594
558.266417022,18,-0.002004598931,-0.893935741652,-8.145950774604,-3.254528808673
558.266417022,19,-0.200629508978,0.691312401871,-8.145805305820,-3.258628195207
558.266417022,20,0.466497947957,-0.118047826618,-8.147334554855,-3.257041363068
558.266417022,21,-0.392205757247,-0.109902853573,-8.145695094677,-3.256589802923
558.266417022,22,-0.302712859750,-0.637302042237,-8.145228081864,-3.255895878761
558.266417022,23,-0.288759030486,-0.706641962332,-8.145149383319,-3.255615577010
558.266417022,24,0.247322295012,0.350955367274,-8.147102326336,-3.256655755591
558.266417022,25,0.074787261056,0.096445748190,-8.146769523956,-3.256638410695
558.266417022,26,-0.666964389691,0.162147253369,-8.143896747128,-3.257543267531
558.266417022,27,-0.845280824069,-0.117233342714,-8.143604082117,-3.257020383009
558.266417022,28,-0.132330170724,0.949257192593,-8.146160353874,-3.258836252791
558.266417022,29,0.336207924789,0.715889821861,-8.147954906975,-3.257875193073
558.266417022,30,-0.957374541242,-0.023591530897,-8.144174777302,-3.257123691553
558.266417022,31,-0.500041272675,-0.783995520852,-8.144445595595,-3.255395277172
558.266417022,32,0.062162390311,0.462902484850,-8.146932254861,-3.256828171412
558.266417022,33,0.183465045254,0.912396847818,-8.147491101721,-3.258852780141
558.266417022,34,0.820746316452,-0.239013431427,-8.149337974158,-3.256001006276
558.266417022,35,-0.082811411792,-0.520583864882,-8.146026590770,-3.256490477372
558.266417022,36,0.872076003773,0.191120372610,-8.149555991956,-3.257071475554
558.266417022,37,0.923975088394,-0.107199574961,-8.149527252500,-3.256368491750
558.266417022,38,0.546429670468,0.029197788783,-8.147652403955,-3.257083195368
558.266417022,39,-0.068147332166,0.722771073819,-8.146425707421,-3.258478560906
558.266417022,40,0.232099646494,-0.132727392503,-8.146691090146,-3.257174305833
558.266417022,41,0.668337563064,0.369544736060,-8.148584774828,-3.257320688323
558.266417022,42,0.298260481154,-0.385936633415,-8.146929358552,-3.256676936000
558.266417022,43,0.537461705994,0.689998957023,-8.148619146387,-3.257852060118
558.266417022,44,0.179214366316,0.376183262628,-8.147053235584,-3.256610915551
558.266417022,45,0.120873073829,-0.546014611777,-8.146452703997,-3.256251373654
558.266417022,46,0.095259620052,-0.073485247346,-8.146659618509,-3.256991421503
558.266417022,47,-0.174958397984,0.044062235320,-8.146522556456,-3.256534726830
558.266417022,48,0.684267941530,0.168757891635,-8.148491837746,-3.257133607824
558.266417022,49,-0.272985766685,0.627527932138,-8.145483691618,-3.258492127003
558.266417022,50,0.355689383773,0.034283890732,-8.146919377674,-3.257074735859
558.266417022,51,-0.296168935074,0.412124334160,-8.145634653463,-3.257461019435
558.266417022,52,-0.030427507013,-0.047489747423,-8.146668224592,-3.256781234901
558.266417022,53,-0.058928234127,0.614487763132,-8.146521310269,-3.257816453352
558.266417022,54,-0.438225237114,-0.619541544687,-8.144794749899,-3.255866690619
558.266417022,55,0.586987722233,-0.287652890184,-8.148222477411,-3.256271765609
558.266417022,56,-0.893234633679,0.192961748815,-8.144246387991,-3.257401486287
558.266417022,57,0.209042374797,0.756830586690,-8.147560885794,-3.258161573988
558.266417022,58,0.456200181097,-0.240759852921,-8.147418422279,-3.256806203875
558.266417022,59,0.848956400642,-0.300491499258,-8.149266162930,-3.255869448445
558.266417022,60,0.467692217422,0.529859170031,-8.148004666609,-3.257280837375
558.266417022,61,0.703567742313,-0.513617321535,-8.148769098190,-3.255243145427
558.266417022,62,-0.196934932099,0.726158191337,-8.145808865051,-3.258774971869
558.266417022,63,0.458251820794,0.476912602367,-8.147845297732,-3.257147647142
558.266417022,64,0.463991791557,0.425283507540,-8.147746576665,-3.257074851631
558.266417022,65,0.008848738853,-0.148852234584,-8.146598068752,-3.256997865268
558.266417022,66,0.582006729594,0.361412444273,-8.148113529907,-3.257206916736
558.266417022,67,0.065178954920,-0.786962582334,-8.146207198378,-3.254906584270
558.266417022,68,0.063401758864,0.970615082298,-8.146944829546,-3.258966174555
558.266417022,69,-0.575734712982,0.322266381172,-8.144198717103,-3.257906563767
558.266417022,70,0.433947541588,0.545280601369,-8.147924785713,-3.257271809187
558.266417022,71,-0.413660120771,-0.589915628258,-8.144936842897,-3.255972623453
558.266417022,72,-0.616857948277,0.167562679736,-8.144120435883,-3.257466630974
558.266417022,73,-0.597695444839,0.470697221227,-8.144178911699,-3.258339640021
558.266417022,74,0.089333121815,-0.249740398459,-8.146543609041,-3.257137561479
558.266417022,75,-0.675800707668,0.177980995385,-8.143858190458,-3.257603935887
558.266417022,76,-0.280378025304,-0.729063091391,-8.145141656057,-3.255518338535
558.266417022,77,0.172188714929,-0.845121384045,-8.146627585358,-3.254470780152
558.266417022,78,-0.492107000221,-0.433198592759,-8.144878153105,-3.256264805341
558.266417022,79,0.534162287256,-0.132184657187,-8.147698808838,-3.256901064594
558.266417022,80,-0.072858359156,-0.024118308782,-8.146658637425,-3.256689891354
558.266417022,81,0.168274031647,0.853324569211,-8.147438899387,-3.258688293091
558.266417022,82,-0.268937337411,-0.072447765630,-8.146239835412,-3.256599581130
558.266417022,83,0.023934690090,0.699582138329,-8.146834463112,-3.258130846210
558.266417022,84,0.477787905658,0.275825694940,-8.147507703664,-3.257019371078
558.266417022,85,0.036645124562,-0.916231028192,-8.146099979374,-3.254421303854
558.266417022,86,-0.088683785592,0.970881583111,-8.146330354466,-3.258821332120
558.266417022,87,-0.219830174021,0.520143512239,-8.145874229028,-3.257756012099
558.266417022,88,0.944965954322,-0.069337104770,-8.149541305164,-3.256467949257
558.266417022,89,-0.471210637956,0.339837586631,-8.144733580302,-3.257714026790
558.266417022,90,-0.840595559603,0.324824900045,-8.144385026826,-3.257541918590
558.266417022,91,0.784840104461,-0.427632562475,-8.149003442368,-3.255531978322
558.266417022,92,0.201640674574,-0.783981004469,-8.146747889610,-3.254678414060
558.266417022,93,0.303634251820,-0.369472185553,-8.146934014342,-3.256730435960
558.266417022,94,-0.363735584074,0.073286353576,-8.145768813010,-3.256672132449
558.266417022,95,0.152060898489,0.633441885320,-8.147267263427,-3.257532118644
558.266417022,96,0.356639909075,0.156034381706,-8.147003442640,-3.256926848820
558.266417022,97,0.819425997097,0.449237113415,-8.149431307386,-3.257516452482
558.266417022,98,0.275899061299,0.320946203377,-8.147094145420,-3.256683947224
558.266417022,99,-0.021108112823,0.172768947399,-8.146760548751,-3.256463356646
558.362352334,0,-0.769463129821,-0.300463567000,-8.417165416545,-3.251749908381
558.362352334,1,-0.209167276947,0.100349733717,-8.419791594016,-3.251713268653
558.362352334,2,0.296023683601,-0.364321083002,-8.420334694607,-3.251973775914
558.362352334,3,0.228179259258,0.363738967315,-8.420556673566,-3.251853104559
558.362352334,4,-0.268060392883,0.322567088917,-8.419312120385,-3.252196366254
558.362352334,5,-0.572195141308,-0.696194819659,-8.417683397274,-3.250874319947
558.362352334,6,0.872210573234,-0.403229108530,-8.422319582437,-3.251116951645
558.362352334,7,-0.038958968812,0.524458383998,-8.420064785993,-3.252468533828
558.362352334,8,-0.343335149645,-0.837780124264,-8.418241489045,-3.250347309884
558.362352334,9,0.559014935847,0.759865116064,-8.422308017425,-3.253295060935
558.362352334,10,-0.044275750974,-0.714849713650,-8.419253191685,-3.250690838375
558.362352334,11,-0.132643416332,0.476833645177,-8.419734865498,-3.252461025807
558.362352334,12,0.035671008030,0.907176485191,-8.420299603874,-3.254212110224
558.362352334,13,0.058461798746,0.458634038709,-8.420356103072,-3.252026089549
558.362352334,14,-0.592016356790,0.625286882581,-8.418048748198,-3.253435205170
558.362352334,15,-0.376031977856,0.698956476628,-8.418450381901,-3.254015471521
558.362352334,16,-0.731729031643,-0.626082967965,-8.417391371544,-3.251159262265
558.362352334,17,-0.462686668492,-0.133526160008,-8.418666709424,-3.251781738165
558.362352334,18,-0.002004598931,-0.893935741652,-8.419338202689,-3.249754871544
558.362352334,19,-0.200629508978,0.691312401871,-8.419219739465,-3.253824874448
558.362352334,20,0.466497947957,-0.118047826618,-8.420799610362,-3.252259320626
558.362352334,21,-0.392205757247,-0.109902853573,-8.419057124320,-3.251776987749
558.362352334,22,-0.302712859750,-0.637302042237,-8.418599033246,-3.251098946594
558.362352334,23,-0.288759030486,-0.706641962332,-8.418524204312,-3.250824779734
558.362352334,24,0.247322295012,0.350955367274,-8.420565185182,-3.251866245120
558.362352334,25,0.074787261056,0.096445748190,-8.420192772354,-3.251839117600
558.362352334,26,-0.666964389691,0.162147253369,-8.417307865602,-3.252712187082
558.362352334,27,-0.845280824069,-0.117233342714,-8.417056574646,-3.252195862370
558.362352334,28,-0.132330170724,0.949257192593,-8.419598193140,-3.254028586399
558.362352334,29,0.336207924789,0.715889821861,-8.421439311277,-3.253090740193
558.362352334,30,-0.957374541242,-0.023591530897,-8.417646557259,-3.252290571515
558.362352334,31,-0.500041272675,-0.783995520852,-8.417847975460,-3.250625466525
558.362352334,32,0.062162390311,0.462902484850,-8.420366246138,-3.252038269137
558.362352334,33,0.183465045254,0.912396847818,-8.420957597358,-3.254064946888
558.362352334,34,0.820746316452,-0.239013431427,-8.422822435163,-3.251242089734
558.362352334,35,-0.082811411792,-0.520583864882,-8.419404491407,-3.251683518258
558.362352334,36,0.872076003773,0.191120372610,-8.423066930748,-3.252310339788
558.362352334,37,0.923975088394,-0.107199574961,-8.423032025574,-3.251613318307
558.362352334,38,0.546429670468,0.029197788783,-8.421133791277,-3.252304978005
558.362352334,39,-0.068147332166,0.722771073819,-8.419852646759,-3.253684091154
558.362352334,40,0.232099646494,-0.132727392503,-8.420129081656,-3.252376653756
558.362352334,41,0.668337563064,0.369544736060,-8.422093117737,-3.252542836443
558.362352334,42,0.298260481154,-0.385936633415,-8.420357932527,-3.251884793988
558.362352334,43,0.537461705994,0.689998957023,-8.422128179215,-3.253068241293
558.362352334,44,0.179214366316,0.376183262628,-8.420505238100,-3.251820979827
558.362352334,45,0.120873073829,-0.546014611777,-8.419851843264,-3.251452050399
558.362352334,46,0.095259620052,-0.073485247346,-8.420079042333,-3.252188423455
558.362352334,47,-0.174958397984,0.044062235320,-8.419902364181,-3.251728329332
558.362352334,48,0.684267941530,0.168757891635,-8.421989718339,-3.252361419449
558.362352334,49,-0.272985766685,0.627527932138,-8.418890540345,-3.253684139013
558.362352334,50,0.355689383773,0.034283890732,-8.420384045544,-3.252284819544
558.362352334,51,-0.296168935074,0.412124334160,-8.419023652537,-3.252654725461
558.362352334,52,-0.030427507013,-0.047489747423,-8.420066926291,-3.251975258331
558.362352334,53,-0.058928234127,0.614487763132,-8.419943202914,-3.253023850943
558.362352334,54,-0.438225237114,-0.619541544687,-8.418173166719,-3.251074279444
558.362352334,55,0.586987722233,-0.287652890184,-8.421682744432,-3.251500825471
558.362352334,56,-0.893234633679,0.192961748815,-8.417706601904,-3.252558289604
558.362352334,57,0.209042374797,0.756830586690,-8.421027078722,-3.253376302534
558.362352334,58,0.456200181097,-0.240759852921,-8.420873053318,-3.252024661751
558.362352334,59,0.848956400642,-0.300491499258,-8.422753361048,-3.251109335811
558.362352334,60,0.467692217422,0.529859170031,-8.421502673375,-3.252495958100
558.362352334,61,0.703567742313,-0.513617321535,-8.422228457958,-3.250475189039
558.362352334,62,-0.196934932099,0.726158191337,-8.419226271609,-3.253970912412
558.362352334,63,0.458251820794,0.476912602367,-8.421340868475,-3.252362490079
558.362352334,64,0.463991791557,0.425283507540,-8.421241227964,-3.252289698839
558.362352334,65,0.008848738853,-0.148852234584,-8.419999353374,-3.252190560311
558.362352334,66,0.582006729594,0.361412444273,-8.421616088340,-3.252425554855
558.362352334,67,0.065178954920,-0.786962582334,-8.419595942448,-3.250121304421
558.362352334,68,0.063401758864,0.970615082298,-8.420399039397,-3.254171360338
558.362352334,69,-0.575734712982,0.322266381172,-8.417601707014,-3.253077342449
558.362352334,70,0.433947541588,0.545280601369,-8.421419241901,-3.252486644842
558.362352334,71,-0.413660120771,-0.589915628258,-8.418310721706,-3.251176373092
558.362352334,72,-0.616857948277,0.167562679736,-8.417520510621,-3.252639194494
558.362352334,73,-0.597695444839,0.470697221227,-8.417597922147,-3.253503195939
558.362352334,74,0.089333121815,-0.249740398459,-8.419953252813,-3.252331929370
558.362352334,75,-0.675800707668,0.177980995385,-8.417272318070,-3.252771499623
558.362352334,76,-0.280378025304,-0.729063091391,-8.418517738560,-3.250729645300
558.362352334,77,0.172188714929,-0.845121384045,-8.420023523739,-3.249693505159
558.362352334,78,-0.492107000221,-0.433198592759,-8.418251410534,-3.251460932947
558.362352334,79,0.534162287256,-0.132184657187,-8.421167591803,-3.252124353785
558.362352334,80,-0.072858359156,-0.024118308782,-8.420051108414,-3.251883637791
558.362352334,81,0.168274031647,0.853324569211,-8.420901634580,-3.253901287721
558.362352334,82,-0.268937337411,-0.072447765630,-8.419606245427,-3.251788809688
558.362352334,83,0.023934690090,0.699582138329,-8.420271427533,-3.253341243595
558.362352334,84,0.477787905658,0.275825694940,-8.420998007112,-3.252234847124
558.362352334,85,0.036645124562,-0.916231028192,-8.419489606033,-3.249650173257
558.362352334,86,-0.088683785592,0.970881583111,-8.419771983645,-3.254016162668
558.362352334,87,-0.219830174021,0.520143512239,-8.419274572319,-3.252954440219
558.362352334,88,0.944965954322,-0.069337104770,-8.423050954542,-3.251713477540
558.362352334,89,-0.471210637956,0.339837586631,-8.418123226951,-3.252894147626
558.362352334,90,-0.840595559603,0.324824900045,-8.417837677686,-3.252695895307
558.362352334,91,0.784840104461,-0.427632562475,-8.422477291783,-3.250767263028
558.362352334,92,0.201640674574,-0.783981004469,-8.420146567487,-3.249896866246
558.362352334,93,0.303634251820,-0.369472185553,-8.420364358856,-3.251938447176
558.362352334,94,-0.363735584074,0.073286353576,-8.419136344905,-3.251860955438
558.362352334,95,0.152060898489,0.633441885320,-8.420721493818,-3.252745842910
558.362352334,96,0.356639909075,0.156034381706,-8.420474840758,-3.252137551361
558.362352334,97,0.819425997097,0.449237113415,-8.422952957283,-3.252744497552
558.362352334,98,0.275899061299,0.320946203377,-8.420560661973,-3.251894371069
558.362352334,99,-0.021108112823,0.172768947399,-8.420169338692,-3.251664253398
558.458287645,0,-0.769463129821,-0.300463567000,-8.691018566073,-3.246607830980
558.458287645,1,-0.209167276947,0.100349733717,-8.693584285813,-3.246574005417
558.458287645,2,0.296023683601,-0.364321083002,-8.694179507040,-3.246848930026
558.458287645,3,0.228179259258,0.363738967315,-8.694432805305,-3.246731132970
558.458287645,4,-0.268060392883,0.322567088917,-8.693112150233,-3.247057664948
558.458287645,5,-0.572195141308,-0.696194819659,-8.691508486030,-3.245766811078
558.458287645,6,0.872210573234,-0.403229108530,-8.696229256151,-3.246021183082
558.458287645,7,-0.038958968812,0.524458383998,-8.693900893644,-3.247343129681
558.458287645,8,-0.343335149645,-0.837780124264,-8.692046482463,-3.245245224964
558.458287645,9,0.559014935847,0.759865116064,-8.696240600891,-3.248180096983
558.458287645,10,-0.044275750974,-0.714849713650,-8.693048708813,-3.245565974194
558.458287645,11,-0.132643416332,0.476833645177,-8.693556194837,-3.247330898616
558.458287645,12,0.035671008030,0.907176485191,-8.694165810573,-3.249084407615
558.458287645,13,0.058461798746,0.458634038709,-8.694205033907,-3.246903017853
558.458287645,14,-0.592016356790,0.625286882581,-8.691899343553,-3.248258218206
558.458287645,15,-0.376031977856,0.698956476628,-8.692284805717,-3.248858381339
558.458287645,16,-0.731729031643,-0.626082967965,-8.691250302660,-3.246050179456
558.458287645,17,-0.462686668492,-0.133526160008,-8.692448662116,-3.246634609546
558.458287645,18,-0.002004598931,-0.893935741652,-8.693140378955,-3.244650740778
558.458287645,19,-0.200629508978,0.691312401871,-8.693051572742,-3.248686636471
558.458287645,20,0.466497947957,-0.118047826618,-8.694681287786,-3.247145115488
558.458287645,21,-0.392205757247,-0.109902853573,-8.692835002290,-3.246630743913
558.458287645,22,-0.302712859750,-0.637302042237,-8.692385475709,-3.245970797080
558.458287645,23,-0.288759030486,-0.706641962332,-8.692314595440,-3.245703095621
558.458287645,24,0.247322295012,0.350955367274,-8.694444189760,-3.246744350389
558.458287645,25,0.074787261056,0.096445748190,-8.694030578305,-3.246707051053
558.458287645,26,-0.666964389691,0.162147253369,-8.691139006096,-3.247545355422
558.458287645,27,-0.845280824069,-0.117233342714,-8.690930655511,-3.247036279262
558.458287645,28,-0.132330170724,0.949257192593,-8.693454719850,-3.248885629279
558.458287645,29,0.336207924789,0.715889821861,-8.695341762955,-3.247974151993
558.458287645,30,-0.957374541242,-0.023591530897,-8.691540172310,-3.247121482316
558.458287645,31,-0.500041272675,-0.783995520852,-8.691668072001,-3.245525142028
558.458287645,32,0.062162390311,0.462902484850,-8.694215984909,-3.246915358983
558.458287645,33,0.183465045254,0.912396847818,-8.694842296165,-3.248944050417
558.458287645,34,0.820746316452,-0.239013431427,-8.696725753549,-3.246152161246
558.458287645,35,-0.082811411792,-0.520583864882,-8.693196457690,-3.246544701349
558.458287645,36,0.872076003773,0.191120372610,-8.696998820238,-3.247218121395
558.458287645,37,0.923975088394,-0.107199574961,-8.696956801145,-3.246527413299
558.458287645,38,0.546429670468,0.029197788783,-8.695032899289,-3.247194783477
558.458287645,39,-0.068147332166,0.722771073819,-8.693696635741,-3.248555496889
558.458287645,40,0.232099646494,-0.132727392503,-8.693981908135,-3.247246516592
558.458287645,41,0.668337563064,0.369544736060,-8.696021298152,-3.247433501554
558.458287645,42,0.298260481154,-0.385936633415,-8.694201393671,-3.246760468610
558.458287645,43,0.537461705994,0.689998957023,-8.696056753793,-3.247952876556
558.458287645,44,0.179214366316,0.376183262628,-8.694373079517,-3.246698476738
558.458287645,45,0.120873073829,-0.546014611777,-8.693665091450,-3.246320861996
558.458287645,46,0.095259620052,-0.073485247346,-8.693912738218,-3.247052763998
558.458287645,47,-0.174958397984,0.044062235320,-8.693696687769,-3.246588649778
558.458287645,48,0.684267941530,0.168757891635,-8.695906984285,-3.247257633859
558.458287645,49,-0.272985766685,0.627527932138,-8.692714892483,-3.248540939620
558.458287645,50,0.355689383773,0.034283890732,-8.694264781468,-3.247162591644
558.458287645,51,-0.296168935074,0.412124334160,-8.692829188801,-3.247513766350
558.458287645,52,-0.030427507013,-0.047489747423,-8.693879703279,-3.246836429345
558.458287645,53,-0.058928234127,0.614487763132,-8.693781529821,-3.247897434544
558.458287645,54,-0.438225237114,-0.619541544687,-8.691968332468,-3.245950586146
558.458287645,55,0.586987722233,-0.287652890184,-8.695560132707,-3.246398096544
558.458287645,56,-0.893234633679,0.192961748815,-8.691588949940,-3.247378248495
558.458287645,57,0.209042374797,0.756830586690,-8.694910798708,-3.248258351554
558.458287645,58,0.456200181097,-0.240759852921,-8.694743924289,-3.246910985252
558.458287645,59,0.848956400642,-0.300491499258,-8.696659293368,-3.246018440754
558.458287645,60,0.467692217422,0.529859170031,-8.695419117430,-3.247379306297
558.458287645,61,0.703567742313,-0.513617321535,-8.696104916132,-3.245376326905
558.458287645,62,-0.196934932099,0.726158191337,-8.693061268083,-3.248831848289
558.458287645,63,0.458251820794,0.476912602367,-8.695254631810,-3.247245509250
558.458287645,64,0.463991791557,0.425283507540,-8.695153967922,-3.247172700716
558.458287645,65,0.008848738853,-0.148852234584,-8.693814600786,-3.247050568484
558.458287645,66,0.582006729594,0.361412444273,-8.695537649906,-3.247312533157
558.458287645,67,0.065178954920,-0.786962582334,-8.693399084398,-3.245005193144
558.458287645,68,0.063401758864,0.970615082298,-8.694271615594,-3.249042604972
558.458287645,69,-0.575734712982,0.322266381172,-8.691423978564,-3.247912113952
558.458287645,70,0.433947541588,0.545280601369,-8.695331891517,-3.247369634392
558.458287645,71,-0.413660120771,-0.589915628258,-8.692101021944,-3.246048699286
558.458287645,72,-0.616857948277,0.167562679736,-8.691339917162,-3.247476242850
558.458287645,73,-0.597695444839,0.470697221227,-8.691437098552,-3.248329938654
558.458287645,74,0.089333121815,-0.249740398459,-8.693776934280,-3.247193792152
558.458287645,75,-0.675800707668,0.177980995385,-8.691106631603,-3.247603186243
558.458287645,76,-0.280378025304,-0.729063091391,-8.692309391813,-3.245610171688
558.458287645,77,0.172188714929,-0.845121384045,-8.693834006035,-3.244585670367
558.458287645,78,-0.492107000221,-0.433198592759,-8.692041726719,-3.246324814984
558.458287645,79,0.534162287256,-0.132184657187,-8.695053530749,-3.247015617056
558.458287645,80,-0.072858359156,-0.024118308782,-8.693857709158,-3.246744432823
558.458287645,81,0.168274031647,0.853324569211,-8.694782223836,-3.248781252957
558.458287645,82,-0.268937337411,-0.072447765630,-8.693387469792,-3.246644790901
558.458287645,83,0.023934690090,0.699582138329,-8.694125215430,-3.248218117331
558.458287645,84,0.477787905658,0.275825694940,-8.694906092295,-3.247118388167
558.458287645,85,0.036645124562,-0.916231028192,-8.693293968407,-3.244548947114
558.458287645,86,-0.088683785592,0.970881583111,-8.693632264960,-3.248875959936
558.458287645,87,-0.219830174021,0.520143512239,-8.693091462184,-3.247818341210
558.458287645,88,0.944965954322,-0.069337104770,-8.696980885841,-3.246628324302
558.458287645,89,-0.471210637956,0.339837586631,-8.691930871303,-3.247738817870
558.458287645,90,-0.840595559603,0.324824900045,-8.691712425973,-3.247512582918
558.458287645,91,0.784840104461,-0.427632562475,-8.696368995573,-3.245671749970
558.458287645,92,0.201640674574,-0.783981004469,-8.693959746520,-3.244784432012
558.458287645,93,0.303634251820,-0.369472185553,-8.694209640893,-3.246814253182
558.458287645,94,-0.363735584074,0.073286353576,-8.692919763860,-3.246715824337
558.458287645,95,0.152060898489,0.633441885320,-8.694592468669,-3.247626772798
558.458287645,96,0.356639909075,0.156034381706,-8.694362624963,-3.247016006679
558.458287645,97,0.819425997097,0.449237113415,-8.696896002339,-3.247641427141
558.458287645,98,0.275899061299,0.320946203377,-8.694443420162,-3.246772471229
558.458287645,99,-0.021108112823,0.172768947399,-8.693992719496,-3.246532104110
558.554222956,0,-0.769463129821,-0.300463567000,-8.965293826925,-3.241130393215
558.554222956,1,-0.209167276947,0.100349733717,-8.967793254765,-3.241099642947
558.554222956,2,0.296023683601,-0.364321083002,-8.968440539477,-3.241390311467
558.554222956,3,0.228179259258,0.363738967315,-8.968726378892,-3.241275156259
558.554222956,4,-0.268060392883,0.322567088917,-8.967329615836,-3.241583071074
558.554222956,5,-0.572195141308,-0.696194819659,-8.965753403034,-3.240326656572
558.554222956,6,0.872210573234,-0.403229108530,-8.970558751019,-3.240593354207
558.554222956,7,-0.038958968812,0.524458383998,-8.968154417904,-3.241882570103
558.554222956,8,-0.343335149645,-0.837780124264,-8.966269319163,-3.239811390420
558.554222956,9,0.559014935847,0.759865116064,-8.970594560851,-3.242732117514
558.554222956,10,-0.044275750974,-0.714849713650,-8.967259991427,-3.240108488883
558.554222956,11,-0.132643416332,0.476833645177,-8.967794928001,-3.241865216913
558.554222956,12,0.035671008030,0.907176485191,-8.968451517750,-3.243621132115
558.554222956,13,0.058461798746,0.458634038709,-8.968471108824,-3.241445328259
558.554222956,14,-0.592016356790,0.625286882581,-8.966172257362,-3.242742121745
558.554222956,15,-0.376031977856,0.698956476628,-8.966539629808,-3.243363383503
558.554222956,16,-0.731729031643,-0.626082967965,-8.965530527535,-3.240607573060
558.554222956,17,-0.462686668492,-0.133526160008,-8.966648786653,-3.241152335128
558.554222956,18,-0.002004598931,-0.893935741652,-8.967358697332,-3.239214893218
558.554222956,19,-0.200629508978,0.691312401871,-8.967302339077,-3.243211824498
558.554222956,20,0.466497947957,-0.118047826618,-8.968980910469,-3.241697188538
558.554222956,21,-0.392205757247,-0.109902853573,-8.967030249382,-3.241149462039
558.554222956,22,-0.302712859750,-0.637302042237,-8.966588878496,-3.240509879142
558.554222956,23,-0.288759030486,-0.706641962332,-8.966522018485,-3.240248978225
558.554222956,24,0.247322295012,0.350955367274,-8.968740709118,-3.241288500156
558.554222956,25,0.074787261056,0.096445748190,-8.968284317952,-3.241240633892
558.554222956,26,-0.666964389691,0.162147253369,-8.965391733049,-3.242041103068
558.554222956,27,-0.845280824069,-0.117233342714,-8.965227752732,-3.241539961924
558.554222956,28,-0.132330170724,0.949257192593,-8.967731488546,-3.243405721474
558.554222956,29,0.336207924789,0.715889821861,-8.969663681524,-3.242523862266
558.554222956,30,-0.957374541242,-0.023591530897,-8.965856854085,-3.241614756766
558.554222956,31,-0.500041272675,-0.783995520852,-8.965907344346,-3.240092710056
558.554222956,32,0.062162390311,0.462902484850,-8.968482892861,-3.241457841975
558.554222956,33,0.183465045254,0.912396847818,-8.969146676178,-3.243488492287
558.554222956,34,0.820746316452,-0.239013431427,-8.971049341859,-3.240729636358
558.554222956,35,-0.082811411792,-0.520583864882,-8.967403895093,-3.241072484477
558.554222956,36,0.872076003773,0.191120372610,-8.971353112030,-3.241793269246
558.554222956,37,0.923975088394,-0.107199574961,-8.971303039726,-3.241109195551
558.554222956,38,0.546429670468,0.029197788783,-8.969351066998,-3.241751054780
558.554222956,39,-0.068147332166,0.722771073819,-8.967959173892,-3.243091141793
558.554222956,40,0.232099646494,-0.132727392503,-8.968250900314,-3.241782335819
558.554222956,41,0.668337563064,0.369544736060,-8.970370710461,-3.241991144215
558.554222956,42,0.298260481154,-0.385936633415,-8.968461064260,-3.241302408218
558.554222956,43,0.537461705994,0.689998957023,-8.970406289013,-3.242504428248
558.554222956,44,0.179214366316,0.376183262628,-8.968658143140,-3.241241826708
558.554222956,45,0.120873073829,-0.546014611777,-8.967893801360,-3.240856269453
558.554222956,46,0.095259620052,-0.073485247346,-8.968162065916,-3.241582876925
558.554222956,47,-0.174958397984,0.044062235320,-8.967906979823,-3.241114089835
558.554222956,48,0.684267941530,0.168757891635,-8.970245014662,-3.241820700119
558.554222956,49,-0.272985766685,0.627527932138,-8.966958294101,-3.243060865414
558.554222956,50,0.355689383773,0.034283890732,-8.968562913686,-3.241706493140
558.554222956,51,-0.296168935074,0.412124334160,-8.967052791301,-3.242036493041
558.554222956,52,-0.030427507013,-0.047489747423,-8.968107952313,-3.241363171511
558.554222956,53,-0.058928234127,0.614487763132,-8.968037770084,-3.242435576574
558.554222956,54,-0.438225237114,-0.619541544687,-8.966181742685,-3.240494037138
558.554222956,55,0.586987722233,-0.287652890184,-8.969855981619,-3.240962010204
558.554222956,56,-0.893234633679,0.192961748815,-8.965894790219,-3.241859705832
558.554222956,57,0.209042374797,0.756830586690,-8.969213487478,-3.242806132698
558.554222956,58,0.456200181097,-0.240759852921,-8.969032355852,-3.241463614418
558.554222956,59,0.848956400642,-0.300491499258,-8.970985383374,-3.240595173267
558.554222956,60,0.467692217422,0.529859170031,-8.969755384503,-3.241929333009
558.554222956,61,0.703567742313,-0.513617321535,-8.970399848885,-3.239944973952
558.554222956,62,-0.196934932099,0.726158191337,-8.967315391761,-3.243356120960
558.554222956,63,0.458251820794,0.476912602367,-8.969587964824,-3.241795153990
558.554222956,64,0.463991791557,0.425283507540,-8.969486166442,-3.241722306384
558.554222956,65,0.008848738853,-0.148852234584,-8.968045191007,-3.241576323451
558.554222956,66,0.582006729594,0.361412444273,-8.969879589402,-3.241866307495
558.554222956,67,0.065178954920,-0.786962582334,-8.967618000925,-3.239556724703
558.554222956,68,0.063401758864,0.970615082298,-8.968564071533,-3.243578283718
558.554222956,69,-0.575734712982,0.322266381172,-8.965667110929,-3.242409203875
558.554222956,70,0.433947541588,0.545280601369,-8.969664121491,-3.241919225315
558.554222956,71,-0.413660120771,-0.589915628258,-8.966309239413,-3.240588031891
558.554222956,72,-0.616857948277,0.167562679736,-8.965580228304,-3.241976110104
558.554222956,73,-0.597695444839,0.470697221227,-8.965698018867,-3.242818184916
558.554222956,74,0.089333121815,-0.249740398459,-8.968016009043,-3.241721593540
558.554222956,75,-0.675800707668,0.177980995385,-8.965362693370,-3.242097324714
558.554222956,76,-0.280378025304,-0.729063091391,-8.966518074245,-3.240158372957
558.554222956,77,0.172188714929,-0.845121384045,-8.968060395298,-3.239145747265
558.554222956,78,-0.492107000221,-0.433198592759,-8.966250624260,-3.240854857994
558.554222956,79,0.534162287256,-0.132184657187,-8.969357956374,-3.241573293034
558.554222956,80,-0.072858359156,-0.024118308782,-8.968079851704,-3.241270694552
558.554222956,81,0.168274031647,0.853324569211,-8.969082135251,-3.243326589563
558.554222956,82,-0.268937337411,-0.072447765630,-8.967584988622,-3.241165926901
558.554222956,83,0.023934690090,0.699582138329,-8.968397297022,-3.242759848882
558.554222956,84,0.477787905658,0.275825694940,-8.969233311231,-3.241668441761
558.554222956,85,0.036645124562,-0.916231028192,-8.967514454071,-3.239116102308
558.554222956,86,-0.088683785592,0.970881583111,-8.967912746472,-3.243399070442
558.554222956,87,-0.219830174021,0.520143512239,-8.967326415150,-3.242346068273
558.554222956,88,0.944965954322,-0.069337104770,-8.971332570930,-3.241210910637
558.554222956,89,-0.471210637956,0.339837586631,-8.966158083625,-3.242246371728
558.554222956,90,-0.840595559603,0.324824900045,-8.966010694383,-3.241990323065
558.554222956,91,0.784840104461,-0.427632562475,-8.970679953481,-3.240243848746
558.554222956,92,0.201640674574,-0.783981004469,-8.968188781424,-3.239339579262
558.554222956,93,0.303634251820,-0.369472185553,-8.968471182004,-3.241356301689
558.554222956,94,-0.363735584074,0.073286353576,-8.967120592567,-3.241235114064
558.554222956,95,0.152060898489,0.633441885320,-8.968881616713,-3.242173314903
558.554222956,96,0.356639909075,0.156034381706,-8.968668133039,-3.241560655056
558.554222956,97,0.819425997097,0.449237113415,-8.971261896135,-3.242205713419
558.554222956,98,0.275899061299,0.320946203377,-8.968743781686,-3.241316679988
558.554222956,99,-0.021108112823,0.172768947399,-8.968232101585,-3.241065317306
558.650158267,0,-0.769463129821,-0.300463567000,-9.239992656316,-3.235315919925
558.650158267,1,-0.209167276947,0.100349733717,-9.242419980539,-3.235288559714
558.650158267,2,0.296023683601,-0.364321083002,-9.243119121750,-3.235596356244
558.650158267,3,0.228179259258,0.363738967315,-9.243438776705,-3.235483587019
558.650158267,4,-0.268060392883,0.322567088917,-9.241966037473,-3.235770933848
558.650158267,5,-0.572195141308,-0.696194819659,-9.240419608934,-3.234552227631
558.650158267,6,0.872210573234,-0.403229108530,-9.245309498495,-3.234831858067
558.650158267,7,-0.038958968812,0.524458383998,-9.242826828497,-3.236085222535
558.650158267,8,-0.343335149645,-0.837780124264,-9.240911455737,-3.234044232353
558.650158267,9,0.559014935847,0.759865116064,-9.245371337635,-3.236949575005
558.650158267,10,-0.044275750974,-0.714849713650,-9.241888447169,-3.234316840906
558.650158267,11,-0.132643416332,0.476833645177,-9.242452557572,-3.236062336876
558.650158267,12,0.035671008030,0.907176485191,-9.243158242027,-3.237820641525
558.650158267,13,0.058461798746,0.458634038709,-9.243155760018,-3.235651407316
558.650158267,14,-0.592016356790,0.625286882581,-9.240869060179,-3.236885220507
558.650158267,15,-0.376031977856,0.698956476628,-9.241216438109,-3.237528783807
558.650158267,16,-0.731729031643,-0.626082967965,-9.240233421219,-3.234829758195
558.650158267,17,-0.462686668492,-0.133526160008,-9.241268628167,-3.235333283934
558.650158267,18,-0.002004598931,-0.893935741652,-9.241994559328,-3.233445792364
558.650158267,19,-0.200629508978,0.691312401871,-9.241973581543,-3.237398767488
558.650158267,20,0.466497947957,-0.118047826618,-9.243699807619,-3.235913968480
558.650158267,21,-0.392205757247,-0.109902853573,-9.241644394257,-3.235331518600
558.650158267,22,-0.302712859750,-0.637302042237,-9.241210717283,-3.234714626842
558.650158267,23,-0.288759030486,-0.706641962332,-9.241147941124,-3.234460865973
558.650158267,24,0.247322295012,0.350955367274,-9.243456121077,-3.235497109446
558.650158267,25,0.074787261056,0.096445748190,-9.242955377468,-3.235438275564
558.650158267,26,-0.666964389691,0.162147253369,-9.240067607315,-3.236197747526
558.650158267,27,-0.845280824069,-0.117233342714,-9.239949270683,-3.235705224342
558.650158267,28,-0.132330170724,0.949257192593,-9.242430063096,-3.237587188707
558.650158267,29,0.336207924789,0.715889821861,-9.244406494692,-3.236738290276
558.650158267,30,-0.957374541242,-0.023591530897,-9.240597790061,-3.235768716401
558.650158267,31,-0.500041272675,-0.783995520852,-9.240567246763,-3.234326557617
558.650158267,32,0.062162390311,0.462902484850,-9.243168401841,-3.235664104957
558.650158267,33,0.183465045254,0.912396847818,-9.243872224939,-3.237696659062
558.650158267,34,0.820746316452,-0.239013431427,-9.245794613248,-3.234972918932
558.650158267,35,-0.082811411792,-0.520583864882,-9.242028218792,-3.235265312507
558.650158267,36,0.872076003773,0.191120372610,-9.246131257899,-3.236034219507
558.650158267,37,0.923975088394,-0.107199574961,-9.246072201140,-3.235357071785
558.650158267,38,0.546429670468,0.029197788783,-9.244089638280,-3.235972222422
558.650158267,39,-0.068147332166,0.722771073819,-9.242641770985,-3.237289374982
558.650158267,40,0.232099646494,-0.132727392503,-9.242937397581,-3.235982540363
558.650158267,41,0.668337563064,0.369544736060,-9.245142752589,-3.236214211674
558.650158267,42,0.298260481154,-0.385936633415,-9.243138274370,-3.235509049369
558.650158267,43,0.537461705994,0.689998957023,-9.245178209650,-3.236721344417
558.650158267,44,0.179214366316,0.376183262628,-9.243361821653,-3.235449436277
558.650158267,45,0.120873073829,-0.546014611777,-9.242539334973,-3.235056721736
558.650158267,46,0.095259620052,-0.073485247346,-9.242828395011,-3.235777183057
558.650158267,47,-0.174958397984,0.044062235320,-9.242534703441,-3.235303037428
558.650158267,48,0.684267941530,0.168757891635,-9.245005191529,-3.236049054548
558.650158267,49,-0.272985766685,0.627527932138,-9.241622300304,-3.237242238945
558.650158267,50,0.355689383773,0.034283890732,-9.243279777839,-3.235914952248
558.650158267,51,-0.296168935074,0.412124334160,-9.241695998416,-3.236221242411
558.650158267,52,-0.030427507013,-0.047489747423,-9.242753080612,-3.235553895095
558.650158267,53,-0.058928234127,0.614487763132,-9.242713413193,-3.236636634984
558.650158267,54,-0.438225237114,-0.619541544687,-9.240814895296,-3.234703042593
558.650158267,55,0.586987722233,-0.287652890184,-9.244571634566,-3.235190986263
558.650158267,56,-0.893234633679,0.192961748815,-9.240625449781,-3.236000995708
558.650158267,57,0.209042374797,0.756830586690,-9.243936596067,-3.237018042908
558.650158267,58,0.456200181097,-0.240759852921,-9.243739674591,-3.235680977430
558.650158267,59,0.848956400642,-0.300491499258,-9.245733054879,-3.234837931706
558.650158267,60,0.467692217422,0.529859170031,-9.244512866845,-3.236144475330
558.650158267,61,0.703567742313,-0.513617321535,-9.245114634769,-3.234179534046
558.650158267,62,-0.196934932099,0.726158191337,-9.241990189504,-3.237542057624
558.650158267,63,0.458251820794,0.476912602367,-9.244342251173,-3.236009859819
558.650158267,64,0.463991791557,0.425283507540,-9.244239199863,-3.235936951289
558.650158267,65,0.008848738853,-0.148852234584,-9.242692514322,-3.235766245857
558.650158267,66,0.582006729594,0.361412444273,-9.244643286399,-3.236085320348
558.650158267,67,0.065178954920,-0.786962582334,-9.242254077250,-3.233774360967
558.650158267,68,0.063401758864,0.970615082298,-9.243277930515,-3.237776756874
558.650158267,69,-0.575734712982,0.322266381172,-9.240332684754,-3.236566924877
558.650158267,70,0.433947541588,0.545280601369,-9.244417325702,-3.236133851072
558.650158267,71,-0.413660120771,-0.589915628258,-9.240936873719,-3.234792785034
558.650158267,72,-0.616857948277,0.167562679736,-9.240243016558,-3.236137116982
558.650158267,73,-0.597695444839,0.470697221227,-9.240382260270,-3.236966239606
558.650158267,74,0.089333121815,-0.249740398459,-9.242671842463,-3.235913764632
558.650158267,75,-0.675800707668,0.177980995385,-9.240042061405,-3.236252231176
558.650158267,76,-0.280378025304,-0.729063091391,-9.241145250078,-3.234372689167
558.650158267,77,0.172188714929,-0.845121384045,-9.242704062498,-3.233372195482
558.650158267,78,-0.492107000221,-0.433198592759,-9.240879628512,-3.235049452988
558.650158267,79,0.534162287256,-0.132184657187,-9.244082204280,-3.235795808299
558.650158267,80,-0.072858359156,-0.024118308782,-9.242718958665,-3.235460827642
558.650158267,81,0.168274031647,0.853324569211,-9.243802846510,-3.237535683404
558.650158267,82,-0.268937337411,-0.072447765630,-9.242200291842,-3.235350605981
558.650158267,83,0.023934690090,0.699582138329,-9.243089152758,-3.236964805092
558.650158267,84,0.477787905658,0.275825694940,-9.243981022023,-3.235883442204
558.650158267,85,0.036645124562,-0.916231028192,-9.242152458124,-3.233350102607
558.650158267,86,-0.088683785592,0.970881583111,-9.242614985811,-3.237583826199
558.650158267,87,-0.219830174021,0.520143512239,-9.241980957656,-3.236535960394
558.650158267,88,0.944965954322,-0.069337104770,-9.246107480755,-3.235459645435
558.650158267,89,-0.471210637956,0.339837586631,-9.240806439916,-3.236415129831
558.650158267,90,-0.840595559603,0.324824900045,-9.240733881891,-3.236127449276
558.650158267,91,0.784840104461,-0.427632562475,-9.245411566509,-3.234481957620
558.650158267,92,0.201640674574,-0.783981004469,-9.242835034927,-3.233560764278
558.650158267,93,0.303634251820,-0.369472185553,-9.243150311494,-3.235563028585
558.650158267,94,-0.363735584074,0.073286353576,-9.241740362382,-3.235417185524
558.650158267,95,0.152060898489,0.633441885320,-9.243590376344,-3.236383861346
558.650158267,96,0.356639909075,0.156034381706,-9.243392710250,-3.235769923687
558.650158267,97,0.819425997097,0.449237113415,-9.246052093683,-3.236435815142
558.650158267,98,0.275899061299,0.320946203377,-9.243463116723,-3.235525416000
558.650158267,99,-0.021108112823,0.172768947399,-9.242888905874,-3.235262287805
558.746093579,0,-0.769463129821,-0.300463567000,-9.515116492555,-3.229162719063
558.746093579,1,-0.209167276947,0.100349733717,-9.517465952930,-3.229139120161
558.746093579,2,0.296023683601,-0.364321083002,-9.518216591612,-3.229465488350
558.746093579,3,0.228179259258,0.363738967315,-9.518571390155,-3.229354823900
558.746093579,4,-0.268060392883,0.322567088917,-9.517022944915,-3.229619588288
558.746093579,5,-0.572195141308,-0.696194819659,-9.515508555058,-3.228441875465
558.746093579,6,0.872210573234,-0.403229108530,-9.520482930431,-3.228735075974
558.746093579,7,-0.038958968812,0.524458383998,-9.517919605533,-3.229949439935
558.746093579,8,-0.343335149645,-0.837780124264,-9.515974349488,-3.227942159093
558.746093579,9,0.559014935847,0.759865116064,-9.520572377423,-3.230830907315
558.746093579,10,-0.044275750974,-0.714849713650,-9.516935492258,-3.228189475445
558.746093579,11,-0.132643416332,0.476833645177,-9.517530586419,-3.229920600279
558.746093579,12,0.035671008030,0.907176485191,-9.518287509970,-3.231681278658
558.746093579,13,0.058461798746,0.458634038709,-9.518260429859,-3.229519627242
558.746093579,14,-0.592016356790,0.625286882581,-9.515991319058,-3.230685808722
558.746093579,15,-0.376031977856,0.698956476628,-9.516316820607,-3.231352874813
558.746093579,16,-0.731729031643,-0.626082967965,-9.515360334203,-3.228715027778
558.746093579,17,-0.462686668492,-0.133526160008,-9.516309736966,-3.229175810421
558.746093579,18,-0.002004598931,-0.893935741652,-9.517049373677,-3.227341888014
558.746093579,19,-0.200629508978,0.691312401871,-9.517066852599,-3.231245780058
558.746093579,20,0.466497947957,-0.118047826618,-9.518839314441,-3.229793871689
558.746093579,21,-0.392205757247,-0.109902853573,-9.516678972852,-3.229175275723
558.746093579,22,-0.302712859750,-0.637302042237,-9.516252473470,-3.228583459007
558.746093579,23,-0.288759030486,-0.706641962332,-9.516193836184,-3.228337181742
558.746093579,24,0.247322295012,0.350955367274,-9.518591812308,-3.229368579391
558.746093579,25,0.074787261056,0.096445748190,-9.518045153069,-3.229298371966
558.746093579,26,-0.666964389691,0.162147253369,-9.515168184597,-3.230013593290
558.746093579,27,-0.845280824069,-0.117233342714,-9.515096586922,-3.229530366138
558.746093579,28,-0.132330170724,0.949257192593,-9.517552016452,-3.231428342335
558.746093579,29,0.336207924789,0.715889821861,-9.519571638448,-3.230615840589
558.746093579,30,-0.957374541242,-0.023591530897,-9.515764118942,-3.229581671639
558.746093579,31,-0.500041272675,-0.783995520852,-9.515649226901,-3.228225051673
558.746093579,32,0.062162390311,0.462902484850,-9.518273953854,-3.229532520426
558.746093579,33,0.183465045254,0.912396847818,-9.519020439511,-3.231566922157
558.746093579,34,0.820746316452,-0.239013431427,-9.520962981596,-3.228880401048
558.746093579,35,-0.082811411792,-0.520583864882,-9.517070853447,-3.229121617077
558.746093579,36,0.872076003773,0.191120372610,-9.521334709905,-3.229939395518
558.746093579,37,0.923975088394,-0.107199574961,-9.521265744600,-3.229269436537
558.746093579,38,0.546429670468,0.029197788783,-9.519249962020,-3.229856704277
558.746093579,39,-0.068147332166,0.722771073819,-9.517745946919,-3.231148530887
558.746093579,40,0.232099646494,-0.132727392503,-9.518042748053,-3.229845546434
558.746093579,41,0.668337563064,0.369544736060,-9.520338826134,-3.230101137712
558.746093579,42,0.298260481154,-0.385936633415,-9.518234361953,-3.229378816663
558.746093579,43,0.537461705994,0.689998957023,-9.520373946478,-3.230602058652
558.746093579,44,0.179214366316,0.376183262628,-9.518485517172,-3.229319697953
558.746093579,45,0.120873073829,-0.546014611777,-9.517603063399,-3.228920655557
558.746093579,46,0.095259620052,-0.073485247346,-9.517913104938,-3.229634090065
558.746093579,47,-0.174958397984,0.044062235320,-9.517581332025,-3.229153866567
558.746093579,48,0.684267941530,0.168757891635,-9.520188900064,-3.229941120585
558.746093579,49,-0.272985766685,0.627527932138,-9.516708474879,-3.231083368660
558.746093579,50,0.355689383773,0.034283890732,-9.518416717077,-3.229786384260
558.746093579,51,-0.296168935074,0.412124334160,-9.516760357498,-3.230066337175
558.746093579,52,-0.030427507013,-0.047489747423,-9.517816505795,-3.229406996887
558.746093579,53,-0.058928234127,0.614487763132,-9.517809958935,-3.230498953131
558.746093579,54,-0.438225237114,-0.619541544687,-9.515869289484,-3.228575995978
558.746093579,55,0.586987722233,-0.287652890184,-9.519708439095,-3.229083432842
558.746093579,56,-0.893234633679,0.192961748815,-9.515782220995,-3.229800443780
558.746093579,57,0.209042374797,0.756830586690,-9.519081584866,-3.230892464271
558.746093579,58,0.456200181097,-0.240759852921,-9.518867213134,-3.229561490465
558.746093579,59,0.848956400642,-0.300491499258,-9.520903732111,-3.228745102687
558.746093579,60,0.467692217422,0.529859170031,-9.519692963343,-3.230023156257
558.746093579,61,0.703567742313,-0.513617321535,-9.520250654824,-3.228078399872
558.746093579,62,-0.196934932099,0.726158191337,-9.517087217477,-3.231387971145
558.746093579,63,0.458251820794,0.476912602367,-9.519518881202,-3.229888048283
558.746093579,64,0.463991791557,0.425283507540,-9.519414451082,-3.229815057053
558.746093579,65,0.008848738853,-0.148852234584,-9.517757971233,-3.229618743141
558.746093579,66,0.582006729594,0.361412444273,-9.519830125374,-3.229968000667
558.746093579,67,0.065178954920,-0.786962582334,-9.517308706944,-3.227656551121
558.746093579,68,0.063401758864,0.970615082298,-9.518414725684,-3.231636369669
558.746093579,69,-0.575734712982,0.322266381172,-9.515422281029,-3.230383576681
558.746093579,70,0.433947541588,0.545280601369,-9.519592905089,-3.230011930949
558.746093579,71,-0.413660120771,-0.589915628258,-9.515985427276,-3.228661356697
558.746093579,72,-0.616857948277,0.167562679736,-9.515329852842,-3.229957570835
558.746093579,73,-0.597695444839,0.470697221227,-9.515491397891,-3.230772395846
558.746093579,74,0.089333121815,-0.249740398459,-9.517745809659,-3.229768723724
558.746093579,75,-0.675800707668,0.177980995385,-9.515146287846,-3.230066208944
558.746093579,76,-0.280378025304,-0.729063091391,-9.516192388566,-3.228251544764
558.746093579,77,0.172188714929,-0.845121384045,-9.517766386404,-3.227263462513
558.746093579,78,-0.492107000221,-0.433198592759,-9.515930266466,-3.228906975096
558.746093579,79,0.534162287256,-0.132184657187,-9.519227615101,-3.229681577235
558.746093579,80,-0.072858359156,-0.024118308782,-9.517776463118,-3.229313223141
558.746093579,81,0.168274031647,0.853324569211,-9.518945844905,-3.231406905305
558.746093579,82,-0.268937337411,-0.072447765630,-9.517234878847,-3.229197202414
558.746093579,83,0.023934690090,0.699582138329,-9.518202273273,-3.230831338052
558.746093579,84,0.477787905658,0.275825694940,-9.519150588982,-3.229761810386
558.746093579,85,0.036645124562,-0.916231028192,-9.517209382877,-3.227249398297
558.746093579,86,-0.088683785592,0.970881583111,-9.517740549981,-3.231428544656
558.746093579,87,-0.219830174021,0.520143512239,-9.517056625793,-3.230386342237
558.746093579,88,0.944965954322,-0.069337104770,-9.521307085407,-3.229372925291
558.746093579,89,-0.471210637956,0.339837586631,-9.515877521153,-3.230243399191
558.746093579,90,-0.840595559603,0.324824900045,-9.515883360733,-3.229922287341
558.746093579,91,0.784840104461,-0.427632562475,-9.520565237015,-3.228384463440
558.746093579,92,0.201640674574,-0.783981004469,-9.517899877708,-3.227446431473
558.746093579,93,0.303634251820,-0.369472185553,-9.518248366500,-3.229432857776
558.746093579,94,-0.363735584074,0.073286353576,-9.516780612836,-3.229260385437
558.746093579,95,0.152060898489,0.633441885320,-9.518720195649,-3.230256789618
558.746093579,96,0.356639909075,0.156034381706,-9.518537709449,-3.229642226524
558.746093579,97,0.819425997097,0.449237113415,-9.521268051558,-3.230330177527
558.746093579,98,0.275899061299,0.320946203377,-9.518602804008,-3.229397084144
558.746093579,99,-0.021108112823,0.172768947399,-9.517964563730,-3.229121396561
558.842028890,0,-0.769463129821,-0.300463567000,-9.790666752166,-3.222669081363
558.842028890,1,-0.209167276947,0.100349733717,-9.792932671603,-3.222649674541
558.842028890,2,0.296023683601,-0.364321083002,-9.793734294799,-3.222996119587
558.842028890,3,0.228179259258,0.363738967315,-9.794125619738,-3.222887251445
558.842028890,4,-0.268060392883,0.322567088917,-9.792501877082,-3.223127355085
558.842028890,5,-0.572195141308,-0.696194819659,-9.791021681264,-3.221993930612
558.842028890,6,0.872210573234,-0.403229108530,-9.796080479142,-3.222301377448
558.842028890,7,-0.038958968812,0.524458383998,-9.793434239419,-3.223473560639
558.842028890,8,-0.343335149645,-0.837780124264,-9.791459457192,-3.221503560581
558.842028890,9,0.559014935847,0.759865116064,-9.796199132353,-3.224374537529
558.842028890,10,-0.044275750974,-0.714849713650,-9.792402551180,-3.221724824092
558.842028890,11,-0.132643416332,0.476833645177,-9.793030527529,-3.223438334372
558.842028890,12,0.035671008030,0.907176485191,-9.793840858020,-3.225201371239
558.842028890,13,0.058461798746,0.458634038709,-9.793786570873,-3.223048345774
558.842028890,14,-0.592016356790,0.625286882581,-9.791540596102,-3.224142170367
558.842028890,15,-0.376031977856,0.698956476628,-9.791842372695,-3.224833935886
558.842028890,16,-0.731729031643,-0.626082967965,-9.790912589059,-3.222261651747
558.842028890,17,-0.462686668492,-0.133526160008,-9.791773667661,-3.222678254264
558.842028890,18,-0.002004598931,-0.893935741652,-9.792524555953,-3.220901615855
558.842028890,19,-0.200629508978,0.691312401871,-9.792583713793,-3.224751162413
558.842028890,20,0.466497947957,-0.118047826618,-9.794400772255,-3.223335302056
558.842028890,21,-0.392205757247,-0.109902853573,-9.792135527730,-3.222679080990
558.842028890,22,-0.302712859750,-0.637302042237,-9.791715633405,-3.222114778826
558.842028890,23,-0.288759030486,-0.706641962332,-9.791661180813,-3.221876332422
558.842028890,24,0.247322295012,0.350955367274,-9.794149178401,-3.222901297076
558.842028890,25,0.074787261056,0.096445748190,-9.793555051013,-3.222819305273
558.842028890,26,-0.666964389691,0.162147253369,-9.790695013743,-3.223486931839
558.842028890,27,-0.845280824069,-0.117233342714,-9.790671048773,-3.223013672477
558.842028890,28,-0.132330170724,0.949257192593,-9.793098930379,-3.224927479311
558.842028890,29,0.336207924789,0.715889821861,-9.795160557141,-3.224154902928
558.842028890,30,-0.957374541242,-0.023591530897,-9.791356925693,-3.223051921942
558.842028890,31,-0.500041272675,-0.783995520852,-9.791154723878,-3.221786538403
558.842028890,32,0.062162390311,0.462902484850,-9.793801001050,-3.223061446400
558.842028890,33,0.183465045254,0.912396847818,-9.794592826495,-3.225097637712
558.842028890,34,0.820746316452,-0.239013431427,-9.796555861621,-3.222450462902
558.842028890,35,-0.082811411792,-0.520583864882,-9.792533232948,-3.222639816342
558.842028890,36,0.872076003773,0.191120372610,-9.796964920515,-3.223507207661
558.842028890,37,0.923975088394,-0.107199574961,-9.796885128793,-3.222844672061
558.842028890,38,0.546429670468,0.029197788783,-9.794833392241,-3.223402905435
558.842028890,39,-0.068147332166,0.722771073819,-9.793273231586,-3.224666929151
558.842028890,40,0.232099646494,-0.132727392503,-9.793568308633,-3.223369757358
558.842028890,41,0.668337563064,0.369544736060,-9.795960336502,-3.223650342505
558.842028890,42,0.298260481154,-0.385936633415,-9.793750672906,-3.222910122565
558.842028890,43,0.537461705994,0.689998957023,-9.795994936389,-3.224144989933
558.842028890,44,0.179214366316,0.376183262628,-9.794030641295,-3.222850990054
558.842028890,45,0.120873073829,-0.546014611777,-9.793086366825,-3.222446495158
558.842028890,46,0.095259620052,-0.073485247346,-9.793417584977,-3.223151992303
558.842028890,47,-0.174958397984,0.044062235320,-9.793048349061,-3.222664937169
558.842028890,48,0.684267941530,0.168757891635,-9.795797528709,-3.223495308646
558.842028890,49,-0.272985766685,0.627527932138,-9.792218389896,-3.224582548845
558.842028890,50,0.355689383773,0.034283890732,-9.793975082165,-3.223319191393
558.842028890,51,-0.296168935074,0.412124334160,-9.792247424475,-3.223570085786
558.842028890,52,-0.030427507013,-0.047489747423,-9.793299655797,-3.222920860014
558.842028890,53,-0.058928234127,0.614487763132,-9.793328917279,-3.224020859654
558.842028890,54,-0.438225237114,-0.619541544687,-9.791346424448,-3.222111273596
558.842028890,55,0.586987722233,-0.287652890184,-9.795267747041,-3.222637746231
558.842028890,56,-0.893234633679,0.192961748815,-9.791366357697,-3.223256367623
558.842028890,57,0.209042374797,0.756830586690,-9.794649923657,-3.224427763873
558.842028890,58,0.456200181097,-0.240759852921,-9.794416310274,-3.223103557536
558.842028890,59,0.848956400642,-0.300491499258,-9.796498839813,-3.222315061021
558.842028890,60,0.467692217422,0.529859170031,-9.795297079640,-3.223563784531
558.842028890,61,0.703567742313,-0.513617321535,-9.795809292691,-3.221639952846
558.842028890,62,-0.196934932099,0.726158191337,-9.792608040860,-3.224892159990
558.842028890,63,0.458251820794,0.476912602367,-9.795119252060,-3.223428126809
558.842028890,64,0.463991791557,0.425283507540,-9.795013309669,-3.223355031319
558.842028890,65,0.008848738853,-0.148852234584,-9.793242972399,-3.223132209353
558.842028890,66,0.582006729594,0.361412444273,-9.795441495845,-3.223512763732
558.842028890,67,0.065178954920,-0.786962582334,-9.792783291711,-3.221201731362
558.842028890,68,0.063401758864,0.970615082298,-9.793975999960,-3.225155452149
558.842028890,69,-0.575734712982,0.322266381172,-9.790937479866,-3.223857446091
558.842028890,70,0.433947541588,0.545280601369,-9.795192267763,-3.223551869901
558.842028890,71,-0.413660120771,-0.589915628258,-9.791456404205,-3.222192128283
558.842028890,72,-0.616857948277,0.167562679736,-9.790842305066,-3.223435765610
558.842028890,73,-0.597695444839,0.470697221227,-9.791027003434,-3.224234935130
558.842028890,74,0.089333121815,-0.249740398459,-9.793239295487,-3.223284876121
558.842028890,75,-0.675800707668,0.177980995385,-9.790676917177,-3.223537548530
558.842028890,76,-0.280378025304,-0.729063091391,-9.791660963173,-3.221793348115
558.842028890,77,0.172188714929,-0.845121384045,-9.793248753458,-3.220817983432
558.842028890,78,-0.492107000221,-0.433198592759,-9.791404065544,-3.222425783200
558.842028890,79,0.534162287256,-0.132184657187,-9.794795534642,-3.223229001893
558.842028890,80,-0.072858359156,-0.024118308782,-9.793253808497,-3.222826258308
558.842028890,81,0.168274031647,0.853324569211,-9.794512627353,-3.224938610911
558.842028890,82,-0.268937337411,-0.072447765630,-9.792690258128,-3.222704076258
558.842028890,83,0.023934690090,0.699582138329,-9.793738159333,-3.224357784973
558.842028890,84,0.477787905658,0.275825694940,-9.794743382756,-3.223301953643
558.842028890,85,0.036645124562,-0.916231028192,-9.792686637498,-3.220812425803
558.842028890,86,-0.088683785592,0.970881583111,-9.793291015138,-3.224931528641
558.842028890,87,-0.219830174021,0.520143512239,-9.792554965018,-3.223895524046
558.842028890,88,0.944965954322,-0.069337104770,-9.796932854196,-3.222949134411
558.842028890,89,-0.471210637956,0.339837586631,-9.791372912466,-3.223729473148
558.842028890,90,-0.840595559603,0.324824900045,-9.791460473174,-3.223373155742
558.842028890,91,0.784840104461,-0.427632562475,-9.796142368814,-3.221949741537
558.842028890,92,0.201640674574,-0.783981004469,-9.793384688320,-3.220995013145
558.842028890,93,0.303634251820,-0.369472185553,-9.793766692060,-3.222964201012
558.842028890,94,-0.363735584074,0.073286353576,-9.792242891096,-3.222763046198
558.842028890,95,0.152060898489,0.633441885320,-9.794272532434,-3.223790462437
558.842028890,96,0.356639909075,0.156034381706,-9.794104491180,-3.223175964116
558.842028890,97,0.819425997097,0.449237113415,-9.796911228022,-3.223887232089
558.842028890,98,0.275899061299,0.320946203377,-9.794164230923,-3.222930075360
558.842028890,99,-0.021108112823,0.172768947399,-9.793460516909,-3.222641010501
558.937964201,0,-0.769463129821,-0.300463567000,-10.066644826788,-3.215833279996
558.937964201,1,-0.209167276947,0.100349733717,-10.068821645793,-3.215818558747
558.937964201,2,0.296023683601,-0.364321083002,-10.069673585096,-3.216186649398
558.937964201,3,0.228179259258,0.363738967315,-10.070102875101,-3.216079239938
558.937964201,4,-0.268060392883,0.322567088917,-10.068404381661,-3.216292540487
558.937964201,5,-0.572195141308,-0.696194819659,-10.066960413615,-3.215206702207
558.937964201,6,0.872210573234,-0.403229108530,-10.072103577477,-3.215529120134
558.937964201,7,-0.038958968812,0.524458383998,-10.069372230752,-3.216655908228
558.937964201,8,-0.343335149645,-0.837780124264,-10.067368233749,-3.214726807718
558.937964201,9,0.559014935847,0.759865116064,-10.072253060647,-3.217578873799
558.937964201,10,-0.044275750974,-0.714849713650,-10.068291056337,-3.214921304518
558.937964201,11,-0.132643416332,0.476833645177,-10.068953903799,-3.216613851755
558.937964201,12,0.035671008030,0.907176485191,-10.069819832383,-3.218379231792
558.937964201,13,0.058461798746,0.458634038709,-10.069735645715,-3.216235906013
558.937964201,14,-0.592016356790,0.625286882581,-10.067518446904,-3.217252579431
558.937964201,15,-0.376031977856,0.698956476628,-10.067794694456,-3.217970233231
558.937964201,16,-0.731729031643,-0.626082967965,-10.066891476807,-3.215467876236
558.937964201,17,-0.462686668492,-0.133526160008,-10.067661978219,-3.215838940147
558.937964201,18,-0.002004598931,-0.893935741652,-10.068421528120,-3.214123397066
558.937964201,19,-0.200629508978,0.691312401871,-10.068525735438,-3.217913200271
558.937964201,20,0.466497947957,-0.118047826618,-10.070385528622,-3.216536650841
558.937964201,21,-0.392205757247,-0.109902853573,-10.068015607358,-3.215841267224
558.937964201,22,-0.302712859750,-0.637302042237,-10.067601687520,-3.215306973426
558.937964201,23,-0.288759030486,-0.706641962332,-10.067551455581,-3.215076708452
558.937964201,24,0.247322295012,0.350955367274,-10.070129623929,-3.216093635376
558.937964201,25,0.074787261056,0.096445748190,-10.069486487579,-3.215999443771
558.937964201,26,-0.666964389691,0.162147253369,-10.066649634912,-3.216616041655
558.937964201,27,-0.845280824069,-0.117233342714,-10.066673969653,-3.216153413968
558.937964201,28,-0.132330170724,0.949257192593,-10.069072395149,-3.218082882155
558.937964201,29,0.336207924789,0.715889821861,-10.071174703556,-3.217353852015
558.937964201,30,-0.957374541242,-0.023591530897,-10.067377236203,-3.216177756021
558.937964201,31,-0.500041272675,-0.783995520852,-10.067085166206,-3.215009342435
558.937964201,32,0.062162390311,0.462902484850,-10.069751005690,-3.216249226255
558.937964201,33,0.183465045254,0.912396847818,-10.070590902023,-3.218287146451
558.937964201,34,0.820746316452,-0.239013431427,-10.072574669001,-3.215681472695
558.937964201,35,-0.082811411792,-0.520583864882,-10.068416800125,-3.215818314696
558.937964201,36,0.872076003773,0.191120372610,-10.073023342729,-3.216736053234
558.937964201,37,0.923975088394,-0.107199574961,-10.072931811973,-3.216081148226
558.937964201,38,0.546429670468,0.029197788783,-10.070841288245,-3.216609218065
558.937964201,39,-0.068147332166,0.722771073819,-10.069225164707,-3.217842874518
558.937964201,40,0.232099646494,-0.132727392503,-10.069515445066,-3.216553563405
558.937964201,41,0.668337563064,0.369544736060,-10.072008693047,-3.216860232474
558.937964201,42,0.298260481154,-0.385936633415,-10.069688561126,-3.216101367231
558.937964201,43,0.537461705994,0.689998957023,-10.072042622511,-3.217348542469
558.937964201,44,0.179214366316,0.376183262628,-10.069998615131,-3.216041676545
558.937964201,45,0.120873073829,-0.546014611777,-10.068990634437,-3.215632652082
558.937964201,46,0.095259620052,-0.073485247346,-10.069343234244,-3.216329270624
558.937964201,47,-0.174958397984,0.044062235320,-10.068937247862,-3.215834594894
558.937964201,48,0.684267941530,0.168757891635,-10.071832469308,-3.216710015984
558.937964201,49,-0.272985766685,0.627527932138,-10.068153625269,-3.217738059577
558.937964201,50,0.355689383773,0.034283890732,-10.069956231576,-3.216511762625
558.937964201,51,-0.296168935074,0.412124334160,-10.068158763401,-3.216730782345
558.937964201,52,-0.030427507013,-0.047489747423,-10.069203968765,-3.216093853760
558.937964201,53,-0.058928234127,0.614487763132,-10.069271808241,-3.217200668350
558.937964201,54,-0.438225237114,-0.619541544687,-10.067247798060,-3.215307234077
558.937964201,55,0.586987722233,-0.287652890184,-10.071250914653,-3.215852310748
558.937964201,56,-0.893234633679,0.192961748815,-10.067379071042,-3.216367077147
558.937964201,57,0.209042374797,0.756830586690,-10.070643091639,-3.217622293646
558.937964201,58,0.456200181097,-0.240759852921,-10.070388311084,-3.216305570348
558.937964201,59,0.848956400642,-0.300491499258,-10.072519803343,-3.215546169596
558.937964201,60,0.467692217422,0.529859170031,-10.071326628243,-3.216764754481
558.937964201,61,0.703567742313,-0.513617321535,-10.071791934721,-3.214862562986
558.937964201,62,-0.196934932099,0.726158191337,-10.068554233511,-3.218052908165
558.937964201,63,0.458251820794,0.476912602367,-10.071144767809,-3.216628488541
558.937964201,64,0.463991791557,0.425283507540,-10.071037171984,-3.216555267592
558.937964201,65,0.008848738853,-0.148852234584,-10.069148938549,-3.216305024957
558.937964201,66,0.582006729594,0.361412444273,-10.071478792500,-3.216718010994
558.937964201,67,0.065178954920,-0.786962582334,-10.068679241139,-3.214408324590
558.937964201,68,0.063401758864,0.970615082298,-10.069963305946,-3.218332319076
558.937964201,69,-0.575734712982,0.322266381172,-10.066879859175,-3.216986807032
558.937964201,70,0.433947541588,0.545280601369,-10.071216829108,-3.216752058398
558.937964201,71,-0.413660120771,-0.589915628258,-10.067351309150,-3.215383464167
558.937964201,72,-0.616857948277,0.167562679736,-10.066781936598,-3.216569981819
558.937964201,73,-0.597695444839,0.470697221227,-10.066990643688,-3.217352127470
558.937964201,74,0.089333121815,-0.249740398459,-10.069153694505,-3.216460613948
558.937964201,75,-0.675800707668,0.177980995385,-10.066635484335,-3.216664527677
558.937964201,76,-0.280378025304,-0.729063091391,-10.067552450655,-3.214996491046
558.937964201,77,0.172188714929,-0.845121384045,-10.069152557600,-3.214034180613
558.937964201,78,-0.492107000221,-0.433198592759,-10.067302552269,-3.215604219557
558.937964201,79,0.534162287256,-0.132184657187,-10.070787314006,-3.216436471835
558.937964201,80,-0.072858359156,-0.024118308782,-10.069152448437,-3.215998296420
558.937964201,81,0.168274031647,0.853324569211,-10.070504700384,-3.218129140552
558.937964201,82,-0.268937337411,-0.072447765630,-10.068567946842,-3.215869573157
558.937964201,83,0.023934690090,0.699582138329,-10.069698321758,-3.217542468057
558.937964201,84,0.477787905658,0.275825694940,-10.070760780445,-3.216502265593
558.937964201,85,0.036645124562,-0.916231028192,-10.068585637609,-3.214037607275
558.937964201,86,-0.088683785592,0.970881583111,-10.069267966344,-3.218091066315
558.937964201,87,-0.219830174021,0.520143512239,-10.068477529824,-3.217061801553
558.937964201,88,0.944965954322,-0.069337104770,-10.072986255746,-3.216186644513
558.937964201,89,-0.471210637956,0.339837586631,-10.067294202247,-3.216871631344
558.937964201,90,-0.840595559603,0.324824900045,-10.067466528025,-3.216478366108
558.937964201,91,0.784840104461,-0.427632562475,-10.072144367291,-3.215176155631
558.937964201,92,0.201640674574,-0.783981004469,-10.069290853086,-3.214204929221
558.937964201,93,0.303634251820,-0.369472185553,-10.069706641180,-3.216155457709
558.937964201,94,-0.363735584074,0.073286353576,-10.068128751373,-3.215923485713
558.937964201,95,0.152060898489,0.633441885320,-10.070248854226,-3.216983227600
558.937964201,96,0.356639909075,0.156034381706,-10.070094423775,-3.216369523459
558.937964201,97,0.819425997097,0.449237113415,-10.072983083156,-3.217105396511
558.937964201,98,0.275899061299,0.320946203377,-10.070148793560,-3.216122766488
558.937964201,99,-0.021108112823,0.172768947399,-10.069378217471,-3.215819482359
559.033899512,0,-0.769463129821,-0.300463567000,-10.343052079842,-3.208653570216
559.033899512,1,-0.209167276947,0.100349733717,-10.345134393980,-3.208644094144
559.033899512,2,0.296023683601,-0.364321083002,-10.346035824380,-3.209035464678
559.033899512,3,0.228179259258,0.363738967315,-10.346504575083,-3.208929145237
559.033899512,4,-0.268060392883,0.322567088917,-10.344732014675,-3.209113436184
559.033899512,5,-0.572195141308,-0.696194819659,-10.343326161852,-3.208078477223
559.033899512,6,0.872210573234,-0.403229108530,-10.348553658904,-3.208416649728
559.033899512,7,-0.038958968812,0.524458383998,-10.345735090187,-3.209494791391
559.033899512,8,-0.343335149645,-0.837780124264,-10.343702130716,-3.207610251681
559.033899512,9,0.559014935847,0.759865116064,-10.348735626716,-3.210442309179
559.033899512,10,-0.044275750974,-0.714849713650,-10.344602447653,-3.207777320123
559.033899512,11,-0.132643416332,0.476833645177,-10.345302247818,-3.209445450248
559.033899512,12,0.035671008030,0.907176485191,-10.346225988922,-3.211213157540
559.033899512,13,0.058461798746,0.458634038709,-10.346109127122,-3.209080636280
559.033899512,14,-0.592016356790,0.625286882581,-10.343926418867,-3.210015300203
559.033899512,15,-0.376031977856,0.698956476628,-10.344175389894,-3.210760019956
559.033899512,16,-0.731729031643,-0.626082967965,-10.343298253005,-3.208331922711
559.033899512,17,-0.462686668492,-0.133526160008,-10.343976228929,-3.208656177545
559.033899512,18,-0.002004598931,-0.893935741652,-10.344741718041,-3.207005637873
559.033899512,19,-0.200629508978,0.691312401871,-10.344894496250,-3.210730164817
559.033899512,20,0.466497947957,-0.118047826618,-10.346794937456,-3.209396296512
559.033899512,21,-0.392205757247,-0.109902853573,-10.344320765327,-3.208660152287
559.033899512,22,-0.302712859750,-0.637302042237,-10.343912129393,-3.208158413439
559.033899512,23,-0.288759030486,-0.706641962332,-10.343866143484,-3.207936683335
559.033899512,24,0.247322295012,0.350955367274,-10.346534562505,-3.208943952801
559.033899512,25,0.074787261056,0.096445748190,-10.345840889035,-3.208837141684
559.033899512,26,-0.666964389691,0.162147253369,-10.343033577594,-3.209399188246
559.033899512,27,-0.845280824069,-0.117233342714,-10.343106625114,-3.208947846583
559.033899512,28,-0.132330170724,0.949257192593,-10.345474009215,-3.210892818930
559.033899512,29,0.336207924789,0.715889821861,-10.347615538984,-3.210211047411
559.033899512,30,-0.957374541242,-0.023591530897,-10.343826011557,-3.208957452059
559.033899512,31,-0.500041272675,-0.783995520852,-10.343441969546,-3.207891766038
559.033899512,32,0.062162390311,0.462902484850,-10.346125440110,-3.209094188574
559.033899512,33,0.183465045254,0.912396847818,-10.347016191752,-3.211133773551
559.033899512,34,0.820746316452,-0.239013431427,-10.349020820498,-3.208571786523
559.033899512,35,-0.082811411792,-0.520583864882,-10.344723006423,-3.208655502495
559.033899512,36,0.872076003773,0.191120372610,-10.349511430216,-3.209624316317
559.033899512,37,0.923975088394,-0.107199574961,-10.349407252071,-3.208977222417
559.033899512,38,0.546429670468,0.029197788783,-10.347275014737,-3.209474021249
559.033899512,39,-0.068147332166,0.722771073819,-10.345603295645,-3.210674656734
559.033899512,40,0.232099646494,-0.132727392503,-10.345885531976,-3.209395341610
559.033899512,41,0.668337563064,0.369544736060,-10.348485309212,-3.209729200126
559.033899512,42,0.298260481154,-0.385936633415,-10.346049388558,-3.208950938323
559.033899512,43,0.537461705994,0.689998957023,-10.348518454319,-3.210211105541
559.033899512,44,0.179214366316,0.376183262628,-10.346390869333,-3.208890106883
559.033899512,45,0.120873073829,-0.546014611777,-10.345317264321,-3.208477524939
559.033899512,46,0.095259620052,-0.073485247346,-10.345691461660,-3.209164292200
559.033899512,47,-0.174958397984,0.044062235320,-10.345249531287,-3.208661170954
559.033899512,48,0.684267941530,0.168757891635,-10.348295117256,-3.209583626540
559.033899512,49,-0.272985766685,0.627527932138,-10.344515768273,-3.210548166687
559.033899512,50,0.355689383773,0.034283890732,-10.346361531585,-3.209362473530
559.033899512,51,-0.296168935074,0.412124334160,-10.344495945975,-3.209546706504
559.033899512,52,-0.030427507013,-0.047489747423,-10.345530892932,-3.208924333382
559.033899512,53,-0.058928234127,0.614487763132,-10.345640161728,-3.210036678054
559.033899512,54,-0.438225237114,-0.619541544687,-10.343574905395,-3.208162217868
559.033899512,55,0.586987722233,-0.287652890184,-10.347659302731,-3.208725498592
559.033899512,56,-0.893234633679,0.192961748815,-10.343821525058,-3.209130875035
559.033899512,57,0.209042374797,0.756830586690,-10.347062577449,-3.210474390228
559.033899512,58,0.456200181097,-0.240759852921,-10.346784567027,-3.209165908128
559.033899512,59,0.848956400642,-0.300491499258,-10.348968048789,-3.208436779289
559.033899512,60,0.467692217422,0.529859170031,-10.347783028634,-3.209624445864
559.033899512,61,0.703567742313,-0.513617321535,-10.348199970093,-3.207744588800
559.033899512,62,-0.196934932099,0.726158191337,-10.344927377601,-3.210868485170
559.033899512,63,0.458251820794,0.476912602367,-10.347596839540,-3.209487512185
559.033899512,64,0.463991791557,0.425283507540,-10.347487441289,-3.209414145084
559.033899512,65,0.008848738853,-0.148852234584,-10.345477300381,-3.209135556645
559.033899512,66,0.582006729594,0.361412444273,-10.347943415332,-3.209582129926
559.033899512,67,0.065178954920,-0.786962582334,-10.344997972421,-3.207274740069
559.033899512,68,0.063401758864,0.970615082298,-10.346378205827,-3.211165269828
559.033899512,69,-0.575734712982,0.322266381172,-10.343250993231,-3.209769920586
559.033899512,70,0.433947541588,0.545280601369,-10.347668011886,-3.209610872258
559.033899512,71,-0.413660120771,-0.589915628258,-10.343671645970,-3.208233711212
559.033899512,72,-0.616857948277,0.167562679736,-10.343150304618,-3.209358486536
559.033899512,73,-0.597695444839,0.470697221227,-10.343383878924,-3.210122231573
559.033899512,74,0.089333121815,-0.249740398459,-10.345490410917,-3.209294315949
559.033899512,75,-0.675800707668,0.177980995385,-10.343023512671,-3.209445411406
559.033899512,76,-0.280378025304,-0.729063091391,-10.343868330071,-3.207859348333
559.033899512,77,0.172188714929,-0.845121384045,-10.345479200085,-3.206910463398
559.033899512,78,-0.492107000221,-0.433198592759,-10.343627250836,-3.208440609411
559.033899512,79,0.534162287256,-0.132184657187,-10.347204309722,-3.209302363989
559.033899512,80,-0.072858359156,-0.024118308782,-10.345473846618,-3.208827686594
559.033899512,81,0.168274031647,0.853324569211,-10.346923580137,-3.210976819105
559.033899512,82,-0.268937337411,-0.072447765630,-10.344869470355,-3.208692024151
559.033899512,83,0.023934690090,0.699582138329,-10.346084281328,-3.210383694367
559.033899512,84,0.477787905658,0.275825694940,-10.347204165723,-3.209361125989
559.033899512,85,0.036645124562,-0.916231028192,-10.344907804845,-3.206923350171
559.033899512,86,-0.088683785592,0.970881583111,-10.345672997289,-3.210905431133
559.033899512,87,-0.219830174021,0.520143512239,-10.344825883391,-3.209883455883
559.033899512,88,0.944965954322,-0.069337104770,-10.349468758089,-3.209083814728
559.033899512,89,-0.471210637956,0.339837586631,-10.343642981173,-3.209668139688
559.033899512,90,-0.840595559603,0.324824900045,-10.343902796906,-3.209236223724
559.033899512,91,0.784840104461,-0.427632562475,-10.348572639508,-3.208062057726
559.033899512,92,0.201640674574,-0.783981004469,-10.345619765969,-3.207074586968
559.033899512,93,0.303634251820,-0.369472185553,-10.346069574879,-3.209005014773
559.033899512,94,-0.363735584074,0.073286353576,-10.344439754270,-3.208740007246
559.033899512,95,0.152060898489,0.633441885320,-10.346650638282,-3.209833417828
559.033899512,96,0.356639909075,0.156034381706,-10.346508883446,-3.209221277822
559.033899512,97,0.819425997097,0.449237113415,-10.349485078999,-3.209983074489
559.033899512,98,0.275899061299,0.320946203377,-10.346557896795,-3.208973520113
559.033899512,99,-0.021108112823,0.172768947399,-10.345719127677,-3.208655150504
559.129834824,0,-0.769463129821,-0.300463567000,-10.619889842923,-3.201128189006
559.129834824,1,-0.209167276947,0.100349733717,-10.621872443512,-3.201124587406
559.129834824,2,0.296023683601,-0.364321083002,-10.622822382662,-3.201540939589
559.129834824,3,0.228179259258,0.363738967315,-10.623332147756,-3.201435308614
559.129834824,4,-0.268060392883,0.322567088917,-10.621486340015,-3.201588319187
559.129834824,5,-0.572195141308,-0.696194819659,-10.620120316677,-3.200607519666
559.129834824,6,0.872210573234,-0.403229108530,-10.625432157597,-3.200962299887
559.129834824,7,-0.038958968812,0.524458383998,-10.622524338290,-3.201988503793
559.129834824,8,-0.343335149645,-0.837780124264,-10.620462594710,-3.200152223203
559.129834824,9,0.559014935847,0.759865116064,-10.625648301280,-3.202963221468
559.129834824,10,-0.044275750974,-0.714849713650,-10.621338172124,-3.200291259675
559.129834824,11,-0.132643416332,0.476833645177,-10.622077101602,-3.201931412781
559.129834824,12,0.035671008030,0.907176485191,-10.623060893012,-3.203701430308
559.129834824,13,0.058461798746,0.458634038709,-10.622908497846,-3.201580849955
559.129834824,14,-0.592016356790,0.625286882581,-10.620766049390,-3.202428587606
559.129834824,15,-0.376031977856,0.698956476628,-10.620986066098,-3.203201536150
559.129834824,16,-0.731729031643,-0.626082967965,-10.620134133525,-3.200851987064
559.129834824,17,-0.462686668492,-0.133526160008,-10.620717981271,-3.201128260504
559.129834824,18,-0.002004598931,-0.893935741652,-10.621486558929,-3.199546729099
559.129834824,19,-0.200629508978,0.691312401871,-10.621691582940,-3.203200312641
559.129834824,20,0.466497947957,-0.118047826618,-10.623630359138,-3.201912604585
559.129834824,21,-0.392205757247,-0.109902853573,-10.621052559491,-3.201134038866
559.129834824,22,-0.302712859750,-0.637302042237,-10.620648454724,-3.200667452539
559.129834824,23,-0.288759030486,-0.706641962332,-10.620606728862,-3.200454613124
559.129834824,24,0.247322295012,0.350955367274,-10.623365416823,-3.201450593320
559.129834824,25,0.074787261056,0.096445748190,-10.622619691591,-3.201330738999
559.129834824,26,-0.666964389691,0.162147253369,-10.619848358476,-3.201834624197
559.129834824,27,-0.845280824069,-0.117233342714,-10.619970248587,-3.201395211582
559.129834824,28,-0.132330170724,0.949257192593,-10.622305378830,-3.203355543234
559.129834824,29,0.336207924789,0.715889821861,-10.624484533287,-3.202724833363
559.129834824,30,-0.957374541242,-0.023591530897,-10.620704141871,-3.201389277967
559.129834824,31,-0.500041272675,-0.783995520852,-10.620226534273,-3.200432088266
559.129834824,32,0.062162390311,0.462902484850,-10.622925786658,-3.201594647003
559.129834824,33,0.183465045254,0.912396847818,-10.623870230832,-3.203635828509
559.129834824,34,0.820746316452,-0.239013431427,-10.625895734090,-3.201119748260
559.129834824,35,-0.082811411792,-0.520583864882,-10.621453311530,-3.201149755760
559.129834824,36,0.872076003773,0.191120372610,-10.626430637452,-3.202170367634
559.129834824,37,0.923975088394,-0.107199574961,-10.626312906799,-3.201531239425
559.129834824,38,0.546429670468,0.029197788783,-10.624135941962,-3.201995680834
559.129834824,39,-0.068147332166,0.722771073819,-10.622409183195,-3.203160550453
559.129834824,40,0.232099646494,-0.132727392503,-10.622679952897,-3.201893455603
559.129834824,41,0.668337563064,0.369544736060,-10.625391602662,-3.202255623913
559.129834824,42,0.298260481154,-0.385936633415,-10.622834525228,-3.201457210820
559.129834824,43,0.537461705994,0.689998957023,-10.625423887753,-3.202731053337
559.129834824,44,0.179214366316,0.376183262628,-10.623208844107,-3.201394615849
559.129834824,45,0.120873073829,-0.546014611777,-10.622067663334,-3.200979499167
559.129834824,46,0.095259620052,-0.073485247346,-10.622463685903,-3.201655410339
559.129834824,47,-0.174958397984,0.044062235320,-10.621986711411,-3.201142981944
559.129834824,48,0.684267941530,0.168757891635,-10.625186871640,-3.202114510792
559.129834824,49,-0.272985766685,0.627527932138,-10.621306413014,-3.203011121716
559.129834824,50,0.355689383773,0.034283890732,-10.623192356354,-3.201869686118
559.129834824,51,-0.296168935074,0.412124334160,-10.621260550995,-3.202016123398
559.129834824,52,-0.030427507013,-0.047489747423,-10.622281886459,-3.201410639914
559.129834824,53,-0.058928234127,0.614487763132,-10.622435517349,-3.202527172524
559.129834824,54,-0.438225237114,-0.619541544687,-10.620329237141,-3.200674546679
559.129834824,55,0.586987722233,-0.287652890184,-10.624494276751,-3.201255669692
559.129834824,56,-0.893234633679,0.192961748815,-10.620694831856,-3.201546057243
559.129834824,57,0.209042374797,0.756830586690,-10.623909879170,-3.202982374810
559.129834824,58,0.456200181097,-0.240759852921,-10.623606436059,-3.201682937470
559.129834824,59,0.848956400642,-0.300491499258,-10.625845003081,-3.200985228852
559.129834824,60,0.467692217422,0.529859170031,-10.624667707377,-3.202141223707
559.129834824,61,0.703567742313,-0.513617321535,-10.625034790925,-3.200284377162
559.129834824,62,-0.196934932099,0.726158191337,-10.621729063212,-3.203337145948
559.129834824,63,0.458251820794,0.476912602367,-10.624476885473,-3.202003561840
559.129834824,64,0.463991791557,0.425283507540,-10.624365527855,-3.201930028548
559.129834824,65,0.008848738853,-0.148852234584,-10.622229498429,-3.201622157131
559.129834824,66,0.582006729594,0.361412444273,-10.624836769768,-3.202103493859
559.129834824,67,0.065178954920,-0.786962582334,-10.621740910024,-3.199799373086
559.129834824,68,0.063401758864,0.970615082298,-10.623222271238,-3.203652588300
559.129834824,69,-0.575734712982,0.322266381172,-10.620052451130,-3.202205035067
559.129834824,70,0.433947541588,0.545280601369,-10.624547246337,-3.202126672494
559.129834824,71,-0.413660120771,-0.589915628258,-10.620418916330,-3.200741198284
559.129834824,72,-0.616857948277,0.167562679736,-10.619948958323,-3.201799533395
559.129834824,73,-0.597695444839,0.470697221227,-10.620208261160,-3.202543495032
559.129834824,74,0.089333121815,-0.249740398459,-10.622250858494,-3.201784347291
559.129834824,75,-0.675800707668,0.177980995385,-10.619842511746,-3.201878452089
559.129834824,76,-0.280378025304,-0.729063091391,-10.620610081690,-3.200380277175
559.129834824,77,0.172188714929,-0.845121384045,-10.622230089248,-3.199445227791
559.129834824,78,-0.492107000221,-0.433198592759,-10.620379681549,-3.200933260581
559.129834824,79,0.534162287256,-0.132184657187,-10.624047883875,-3.201825042488
559.129834824,80,-0.072858359156,-0.024118308782,-10.622219476564,-3.201312763594
559.129834824,81,0.168274031647,0.853324569211,-10.623770792327,-3.203479955857
559.129834824,82,-0.268937337411,-0.072447765630,-10.621596361713,-3.201169745466
559.129834824,83,0.023934690090,0.699582138329,-10.622897568673,-3.202879755705
559.129834824,84,0.477787905658,0.275825694940,-10.624074928952,-3.201876900545
559.129834824,85,0.036645124562,-0.916231028192,-10.621654566345,-3.199468046809
559.129834824,86,-0.088683785592,0.970881583111,-10.622507709983,-3.203372881819
559.129834824,87,-0.219830174021,0.520143512239,-10.621601597174,-3.202358753466
559.129834824,88,0.944965954322,-0.069337104770,-10.626381828770,-3.201638991485
559.129834824,89,-0.471210637956,0.339837586631,-10.620420841155,-3.202117250349
559.129834824,90,-0.840595559603,0.324824900045,-10.620770510238,-3.201645028091
559.129834824,91,0.784840104461,-0.427632562475,-10.625428594319,-3.200605787999
559.129834824,92,0.201640674574,-0.783981004469,-10.622372828422,-3.199602380718
559.129834824,93,0.303634251820,-0.369472185553,-10.622856862230,-3.201511246407
559.129834824,94,-0.363735584074,0.073286353576,-10.621177466064,-3.201210899262
559.129834824,95,0.152060898489,0.633441885320,-10.623479371571,-3.202339350628
559.129834824,96,0.356639909075,0.156034381706,-10.623349254374,-3.201729586593
559.129834824,97,0.819425997097,0.449237113415,-10.626418679682,-3.202518655583
559.129834824,98,0.275899061299,0.320946203377,-10.623392954340,-3.201480684394
559.129834824,99,-0.021108112823,0.172768947399,-10.622484719864,-3.201146338781
559.225770135,0,-0.769463129821,-0.300463567000,-10.897159411924,-3.193255354687
559.225770135,1,-0.209167276947,0.100349733717,-10.899037330190,-3.193258330345
559.225770135,2,0.296023683601,-0.364321083002,-10.900034638100,-3.193701435370
559.225770135,3,0.228179259258,0.363738967315,-10.900587030445,-3.193596056585
559.225770135,4,-0.268060392883,0.322567088917,-10.898668928917,-3.193715451721
559.225770135,5,-0.572195141308,-0.696194819659,-10.897344246799,-3.192792069721
559.225770135,6,0.872210573234,-0.403229108530,-10.902740508528,-3.193164392143
559.225770135,7,-0.038958968812,0.524458383998,-10.899741505352,-3.194135323947
559.225770135,8,-0.343335149645,-0.837780124264,-10.897651065672,-3.192351031806
559.225770135,9,0.559014935847,0.759865116064,-10.902992561470,-3.195139973044
559.225770135,10,-0.044275750974,-0.714849713650,-10.898499683328,-3.192461496931
559.225770135,11,-0.132643416332,0.476833645177,-10.899280016307,-3.194070007269
559.225770135,12,0.035671008030,0.907176485191,-10.900326119386,-3.195842316427
559.225770135,13,0.058461798746,0.458634038709,-10.900135250579,-3.193734845338
559.225770135,14,-0.592016356790,0.625286882581,-10.898038863920,-3.194490687549
559.225770135,15,-0.376031977856,0.698956476628,-10.898228332324,-3.195293008971
559.225770135,16,-0.731729031643,-0.626082967965,-10.897400290001,-3.193026238644
559.225770135,17,-0.462686668492,-0.133526160008,-10.897888796697,-3.193253467417
559.225770135,18,-0.002004598931,-0.893935741652,-10.898657488730,-3.191745045678
559.225770135,19,-0.200629508978,0.691312401871,-10.898918589776,-3.195321885696
559.225770135,20,0.466497947957,-0.118047826618,-10.900893160621,-3.194083927457
559.225770135,21,-0.392205757247,-0.109902853573,-10.898212551025,-3.193261214257
559.225770135,22,-0.302712859750,-0.637302042237,-10.897812160199,-3.192832426953
559.225770135,23,-0.288759030486,-0.706641962332,-10.897774696212,-3.192628835890
559.225770135,24,0.247322295012,0.350955367274,-10.900623618699,-3.193611886208
559.225770135,25,0.074787261056,0.096445748190,-10.899824341322,-3.193478561287
559.225770135,26,-0.666964389691,0.162147253369,-10.897095479135,-3.193920589219
559.225770135,27,-0.845280824069,-0.117233342714,-10.897266026805,-3.193493735439
559.225770135,28,-0.132330170724,0.949257192593,-10.899568117642,-3.195469294201
559.225770135,29,0.336207924789,0.715889821861,-10.901783164948,-3.194893538640
559.225770135,30,-0.957374541242,-0.023591530897,-10.898012439684,-3.193471491677
559.225770135,31,-0.500041272675,-0.783995520852,-10.897440242844,-3.192628564047
559.225770135,32,0.062162390311,0.462902484850,-10.900153537609,-3.193748900093
559.225770135,33,0.183465045254,0.912396847818,-10.901154563872,-3.195791605008
559.225770135,34,0.820746316452,-0.239013431427,-10.903200829099,-3.193323689424
559.225770135,35,-0.082811411792,-0.520583864882,-10.898609182957,-3.193299435872
559.225770135,36,0.872076003773,0.191120372610,-10.903782419853,-3.194372564415
559.225770135,37,0.923975088394,-0.107199574961,-10.903650233769,-3.193741531331
559.225770135,38,0.546429670468,0.029197788783,-10.901425445824,-3.194172549273
559.225770135,39,-0.068147332166,0.722771073819,-10.899644395341,-3.195298815133
559.225770135,40,0.232099646494,-0.132727392503,-10.899900100283,-3.194046255414
559.225770135,41,0.668337563064,0.369544736060,-10.902728995429,-3.194437868063
559.225770135,42,0.298260481154,-0.385936633415,-10.900045349263,-3.193618546828
559.225770135,43,0.537461705994,0.689998957023,-10.902760385319,-3.194906744793
559.225770135,44,0.179214366316,0.376183262628,-10.900453989215,-3.193553523388
559.225770135,45,0.120873073829,-0.546014611777,-10.899243246958,-3.193136946767
559.225770135,46,0.095259620052,-0.073485247346,-10.899661335336,-3.193800964289
559.225770135,47,-0.174958397984,0.044062235320,-10.899150309167,-3.193278329650
559.225770135,48,0.684267941530,0.168757891635,-10.902509135379,-3.194301025610
559.225770135,49,-0.272985766685,0.627527932138,-10.898527159844,-3.195125161905
559.225770135,50,0.355689383773,0.034283890732,-10.900450088005,-3.194031748658
559.225770135,51,-0.296168935074,0.412124334160,-10.898454163770,-3.194137283546
559.225770135,52,-0.030427507013,-0.047489747423,-10.899458417259,-3.193551099978
559.225770135,53,-0.058928234127,0.614487763132,-10.899659424206,-3.194670420325
559.225770135,54,-0.438225237114,-0.619541544687,-10.897512277862,-3.192842522908
559.225770135,55,0.586987722233,-0.287652890184,-10.901757206991,-3.193441171554
559.225770135,56,-0.893234633679,0.192961748815,-10.898000046502,-3.193610913536
559.225770135,57,0.209042374797,0.756830586690,-10.901186504319,-3.195144552990
559.225770135,58,0.456200181097,-0.240759852921,-10.900855282728,-3.193855012160
559.225770135,59,0.848956400642,-0.300491499258,-10.903152094111,-3.193189844808
559.225770135,60,0.467692217422,0.529859170031,-10.901982098222,-3.194313438137
559.225770135,61,0.703567742313,-0.513617321535,-10.902297792390,-3.192480263172
559.225770135,62,-0.196934932099,0.726158191337,-10.898960887883,-3.195457130852
559.225770135,63,0.458251820794,0.476912602367,-10.901786331063,-3.194174986848
559.225770135,64,0.463991791557,0.425283507540,-10.901672849069,-3.194101268119
559.225770135,65,0.008848738853,-0.148852234584,-10.899406982910,-3.193763164951
559.225770135,66,0.582006729594,0.361412444273,-10.902160266794,-3.194280461827
559.225770135,67,0.065178954920,-0.786962582334,-10.898909485329,-3.191980604580
559.225770135,68,0.063401758864,0.970615082298,-10.900497083119,-3.195792542818
559.225770135,69,-0.575734712982,0.322266381172,-10.897285795117,-3.194290386088
559.225770135,70,0.433947541588,0.545280601369,-10.901855970269,-3.194297805146
559.225770135,71,-0.413660120771,-0.589915628258,-10.897594618158,-3.192904235718
559.225770135,72,-0.616857948277,0.167562679736,-10.897179437002,-3.193891362601
559.225770135,73,-0.597695444839,0.470697221227,-10.897465332297,-3.194614154550
559.225770135,74,0.089333121815,-0.249740398459,-10.899436460479,-3.193929059347
559.225770135,75,-0.675800707668,0.177980995385,-10.897093974961,-3.193961889518
559.225770135,76,-0.280378025304,-0.729063091391,-10.897779185795,-3.192557616655
559.225770135,77,0.172188714929,-0.845121384045,-10.899406640246,-3.191636856098
559.225770135,78,-0.492107000221,-0.433198592759,-10.897561359131,-3.193080463033
559.225770135,79,0.534162287256,-0.132184657187,-10.901319404222,-3.194002858514
559.225770135,80,-0.072858359156,-0.024118308782,-10.899390821413,-3.193451847643
559.225770135,81,0.168274031647,0.853324569211,-10.901047872207,-3.195636844377
559.225770135,82,-0.268937337411,-0.072447765630,-10.898750161071,-3.193301038311
559.225770135,83,0.023934690090,0.699582138329,-10.900139724137,-3.195028928492
559.225770135,84,0.477787905658,0.275825694940,-10.901374467291,-3.194047940790
559.225770135,85,0.036645124562,-0.916231028192,-10.898827354200,-3.191670073887
559.225770135,86,-0.088683785592,0.970881583111,-10.899773714411,-3.195491662339
559.225770135,87,-0.219830174021,0.520143512239,-10.898806250468,-3.194485945960
559.225770135,88,0.944965954322,-0.069337104770,-10.903726934960,-3.193850508406
559.225770135,89,-0.471210637956,0.339837586631,-10.897629374186,-3.194217201741
559.225770135,90,-0.840595559603,0.324824900045,-10.898070852931,-3.193703073527
559.225770135,91,0.784840104461,-0.427632562475,-10.902713642492,-3.192805674679
559.225770135,92,0.201640674574,-0.783981004469,-10.899551449194,-3.191786691557
559.225770135,93,0.303634251820,-0.369472185553,-10.900069880387,-3.193672513923
559.225770135,94,-0.363735584074,0.073286353576,-10.898343457927,-3.193334435274
559.225770135,95,0.152060898489,0.633441885320,-10.900736550748,-3.194499328134
559.225770135,96,0.356639909075,0.156034381706,-10.900616928781,-3.193892795101
559.225770135,97,0.819425997097,0.449237113415,-10.903785351572,-3.194710515066
559.225770135,98,0.275899061299,0.320946203377,-10.900655388794,-3.193642592897
559.225770135,99,-0.021108112823,0.172768947399,-10.899676476294,-3.193291356332
559.321705446,0,-0.769463129821,-0.300463567000,-11.174862042851,-3.185033266549
559.321705446,1,-0.209167276947,0.100349733717,-11.176630597809,-3.185043599736
559.321705446,2,0.296023683601,-0.364321083002,-11.177673977017,-3.185515300129
559.321705446,3,0.228179259258,0.363738967315,-11.178270669750,-3.185409700752
559.321705446,4,-0.268060392883,0.322567088917,-11.176281359390,-3.185493081119
559.321705446,5,-0.572195141308,-0.696194819659,-11.174999295753,-3.184630342861
559.321705446,6,0.872210573234,-0.403229108530,-11.180480147573,-3.185021235789
559.321705446,7,-0.038958968812,0.524458383998,-11.177388131192,-3.185933515078
559.321705446,8,-0.343335149645,-0.837780124264,-11.175268974972,-3.184204964993
559.321705446,9,0.559014935847,0.759865116064,-11.180769890939,-3.186970910697
559.321705446,10,-0.044275750974,-0.714849713650,-11.176088440865,-3.184286390242
559.321705446,11,-0.132643416332,0.476833645177,-11.176912551899,-3.185859486501
559.321705446,12,0.035671008030,0.907176485191,-11.178023251942,-3.187634066648
559.321705446,13,0.058461798746,0.458634038709,-11.177790887845,-3.185540905481
559.321705446,14,-0.592016356790,0.625286882581,-11.175746373853,-3.186199837330
559.321705446,15,-0.376031977856,0.698956476628,-11.175903799010,-3.187032652758
559.321705446,16,-0.731729031643,-0.626082967965,-11.175097844917,-3.184852819243
559.321705446,17,-0.462686668492,-0.133526160008,-11.175490235289,-3.185030060792
559.321705446,18,-0.002004598931,-0.893935741652,-11.176255949448,-3.183598946143
559.321705446,19,-0.200629508978,0.691312401871,-11.176577118086,-3.187093111261
559.321705446,20,0.466497947957,-0.118047826618,-11.178584715526,-3.185908604237
559.321705446,21,-0.392205757247,-0.109902853573,-11.175802303406,-3.185039950145
559.321705446,22,-0.302712859750,-0.637302042237,-11.175404742270,-3.184651654965
559.321705446,23,-0.288759030486,-0.706641962332,-11.175371528894,-3.184457671153
559.321705446,24,0.247322295012,0.350955367274,-11.178310609087,-3.185426145872
559.321705446,25,0.074787261056,0.096445748190,-11.177456294087,-3.185278919522
559.321705446,26,-0.666964389691,0.162147253369,-11.174776423558,-3.185655310234
559.321705446,27,-0.845280824069,-0.117233342714,-11.174995094874,-3.185241629797
559.321705446,28,-0.132330170724,0.949257192593,-11.177263846241,-3.187232296511
559.321705446,29,0.336207924789,0.715889821861,-11.179512921120,-3.186715476378
559.321705446,30,-0.957374541242,-0.023591530897,-11.175751632842,-3.185202341470
559.321705446,31,-0.500041272675,-0.783995520852,-11.175084456941,-3.184479423225
559.321705446,32,0.062162390311,0.462902484850,-11.177810195076,-3.185555231152
559.321705446,33,0.183465045254,0.912396847818,-11.178870744882,-3.187599380793
559.321705446,34,0.820746316452,-0.239013431427,-11.180937526328,-3.185181929067
559.321705446,35,-0.082811411792,-0.520583864882,-11.176192095575,-3.185102889255
559.321705446,36,0.872076003773,0.191120372610,-11.181568233928,-3.186229250253
559.321705446,37,0.923975088394,-0.107199574961,-11.181420690616,-3.185606417394
559.321705446,38,0.546429670468,0.029197788783,-11.179144908009,-3.186002965460
559.321705446,39,-0.068147332166,0.722771073819,-11.177310508988,-3.187087694958
559.321705446,40,0.232099646494,-0.132727392503,-11.177547375516,-3.185852077292
559.321705446,41,0.668337563064,0.369544736060,-11.180498914040,-3.186274282426
559.321705446,42,0.298260481154,-0.385936633415,-11.177683246902,-3.185433295369
559.321705446,43,0.537461705994,0.689998957023,-11.180529416202,-3.186736523425
559.321705446,44,0.179214366316,0.376183262628,-11.178127763962,-3.185365134444
559.321705446,45,0.120873073829,-0.546014611777,-11.176845439111,-3.184948226050
559.321705446,46,0.095259620052,-0.073485247346,-11.177285847928,-3.185599279046
559.321705446,47,-0.174958397984,0.044062235320,-11.176741853938,-3.185065500877
559.321705446,48,0.684267941530,0.168757891635,-11.180263315372,-3.186141514093
559.321705446,49,-0.272985766685,0.627527932138,-11.176179614726,-3.186888510171
559.321705446,50,0.355689383773,0.034283890732,-11.178136116689,-3.185846995510
559.321705446,51,-0.296168935074,0.412124334160,-11.176078375468,-3.185908422802
559.321705446,52,-0.030427507013,-0.047489747423,-11.177061962788,-3.185344025583
559.321705446,53,-0.058928234127,0.614487763132,-11.177313440656,-3.186464674715
559.321705446,54,-0.438225237114,-0.619541544687,-11.175125504122,-3.184664429042
559.321705446,55,0.586987722233,-0.287652890184,-11.179449468652,-3.185280339102
559.321705446,56,-0.893234633679,0.192961748815,-11.175738161499,-3.185323728086
559.321705446,57,0.209042374797,0.756830586690,-11.178893969837,-3.186959214631
559.321705446,58,0.456200181097,-0.240759852921,-11.178532478264,-3.185680473007
559.321705446,59,0.848956400642,-0.300491499258,-11.180890750859,-3.185048941324
559.321705446,60,0.467692217422,0.529859170031,-11.179727642193,-3.186139424225
559.321705446,61,0.703567742313,-0.513617321535,-11.179990372824,-3.184330570023
559.321705446,62,-0.196934932099,0.726158191337,-11.176624456119,-3.187226665618
559.321705446,63,0.458251820794,0.476912602367,-11.179526609091,-3.186000121615
559.321705446,64,0.463991791557,0.425283507540,-11.179410829529,-3.185926199148
559.321705446,65,0.008848738853,-0.148852234584,-11.177011213539,-3.185556904246
559.321705446,66,0.582006729594,0.361412444273,-11.179915323086,-3.186111378404
559.321705446,67,0.065178954920,-0.786962582334,-11.176505136207,-3.183816800767
559.321705446,68,0.063401758864,0.970615082298,-11.178204231544,-3.187583386049
559.321705446,69,-0.575734712982,0.322266381172,-11.174952578779,-3.186024196667
559.321705446,70,0.433947541588,0.545280601369,-11.179595629146,-3.186122601117
559.321705446,71,-0.413660120771,-0.589915628258,-11.175200243970,-3.184721114777
559.321705446,72,-0.616857948277,0.167562679736,-11.174843267951,-3.185632200958
559.321705446,73,-0.597695444839,0.470697221227,-11.175156622106,-3.186332436192
559.321705446,74,0.089333121815,-0.249740398459,-11.177048649466,-3.185726789487
559.321705446,75,-0.675800707668,0.177980995385,-11.174779376992,-3.185693951021
559.321705446,76,-0.280378025304,-0.729063091391,-11.175377121387,-3.184389687142
559.321705446,77,0.172188714929,-0.845121384045,-11.177010274754,-3.183483716580
559.321705446,78,-0.492107000221,-0.433198592759,-11.175173790881,-3.184880488439
559.321705446,79,0.534162287256,-0.132184657187,-11.179020244310,-3.185834150131
559.321705446,80,-0.072858359156,-0.024118308782,-11.176989373664,-3.185243244218
559.321705446,81,0.168274031647,0.853324569211,-11.178756364512,-3.187445762374
559.321705446,82,-0.268937337411,-0.072447765630,-11.176332415060,-3.185084188676
559.321705446,83,0.023934690090,0.699582138329,-11.177812297620,-3.186829473640
559.321705446,84,0.477787905658,0.275825694940,-11.179104184802,-3.185872583889
559.321705446,85,0.036645124562,-0.916231028192,-11.176427604826,-3.183527791985
559.321705446,86,-0.088683785592,0.970881583111,-11.177472628155,-3.187260001895
559.321705446,87,-0.219830174021,0.520143512239,-11.176441429915,-3.186263270174
559.321705446,88,0.944965954322,-0.069337104770,-11.181505543574,-3.185716686179
559.321705446,89,-0.471210637956,0.339837586631,-11.175270171102,-3.185966218535
559.321705446,90,-0.840595559603,0.324824900045,-11.175804959761,-3.185408649838
559.321705446,91,0.784840104461,-0.427632562475,-11.180429196820,-3.184660033932
559.321705446,92,0.201640674574,-0.783981004469,-11.177157044120,-3.183625887018
559.321705446,93,0.303634251820,-0.369472185553,-11.177710014594,-3.185487165543
559.321705446,94,-0.363735584074,0.073286353576,-11.175939305066,-3.185108873692
559.321705446,95,0.152060898489,0.633441885320,-11.178423682108,-3.186311636962
559.321705446,96,0.356639909075,0.156034381706,-11.178313307004,-3.185709234458
559.321705446,97,0.819425997097,0.449237113415,-11.181586563413,-3.186557013766
559.321705446,98,0.275899061299,0.320946203377,-11.178346631676,-3.185457564433
559.321705446,99,-0.021108112823,0.172768947399,-11.177295888978,-3.185088497430
559.417640757,0,-0.769463129821,-0.300463567000,-11.452998947329,-3.176460104439
559.417640757,1,-0.209167276947,0.100349733717,-11.454653797645,-3.176478657152
559.417640757,2,0.296023683601,-0.364321083002,-11.455741793888,-3.176980868650
559.417640757,3,0.228179259258,0.363738967315,-11.456384521542,-3.176874537628
559.417640757,4,-0.268060392883,0.322567088917,-11.454325215583,-3.176919439712
559.417640757,5,-0.572195141308,-0.696194819659,-11.453086778453,-3.176120528894
559.417640757,6,0.872210573234,-0.403229108530,-11.458652511614,-3.176531127785
559.417640757,7,-0.038958968812,0.524458383998,-11.455465764923,-3.177381325005
559.417640757,8,-0.343335149645,-0.837780124264,-11.453317743369,-3.175712287397
559.417640757,9,0.559014935847,0.759865116064,-11.458981779964,-3.178454365464
559.417640757,10,-0.044275750974,-0.714849713650,-11.454105909744,-3.175764282124
559.417640757,11,-0.132643416332,0.476833645177,-11.454976276796,-3.177298088026
559.417640757,12,0.035671008030,0.907176485191,-11.456153883537,-3.179074916056
559.417640757,13,0.058461798746,0.458634038709,-11.455876921880,-3.176997298057
559.417640757,14,-0.592016356790,0.625286882581,-11.453890074276,-3.177554266068
559.417640757,15,-0.376031977856,0.698956476628,-11.454014076705,-3.178418669161
559.417640757,16,-0.731729031643,-0.626082967965,-11.453227866313,-3.176329842024
559.417640757,17,-0.462686668492,-0.133526160008,-11.453523854323,-3.176456287027
559.417640757,18,-0.002004598931,-0.893935741652,-11.454283386395,-3.175106772101
559.417640757,19,-0.200629508978,0.691312401871,-11.454668775724,-3.178512201922
559.417640757,20,0.466497947957,-0.118047826618,-11.456706404241,-3.177384960578
559.417640757,21,-0.392205757247,-0.109902853573,-11.453823381293,-3.176468502378
559.417640757,22,-0.302712859750,-0.637302042237,-11.453427695811,-3.176123436371
559.417640757,23,-0.288759030486,-0.706641962332,-11.453398707724,-3.175939419293
559.417640757,24,0.247322295012,0.350955367274,-11.456427838100,-3.176891671681
559.417640757,25,0.074787261056,0.096445748190,-11.455517015409,-3.176730109907
559.417640757,26,-0.666964389691,0.162147253369,-11.452892655466,-3.177037001466
559.417640757,27,-0.845280824069,-0.117233342714,-11.453158530975,-3.176637091412
559.417640757,28,-0.132330170724,0.949257192593,-11.455394191666,-3.178642760416
559.417640757,29,0.336207924789,0.715889821861,-11.457675297664,-3.178188943920
559.417640757,30,-0.957374541242,-0.023591530897,-11.453922356861,-3.176580066342
559.417640757,31,-0.500041272675,-0.783995520852,-11.453160514394,-3.175982869549
559.417640757,32,0.062162390311,0.462902484850,-11.455897270882,-3.177011908092
559.417640757,33,0.183465045254,0.912396847818,-11.457020337202,-3.179057417542
559.417640757,34,0.820746316452,-0.239013431427,-11.459107248198,-3.176692773624
559.417640757,35,-0.082811411792,-0.520583864882,-11.454203531091,-3.176558447041
559.417640757,36,0.872076003773,0.191120372610,-11.459789537421,-3.177738754956
559.417640757,37,0.923975088394,-0.107199574961,-11.459625735125,-3.177124203920
559.417640757,38,0.546429670468,0.029197788783,-11.457295716106,-3.177485254568
559.417640757,39,-0.068147332166,0.722771073819,-11.455409109652,-3.178525418752
559.417640757,40,0.232099646494,-0.132727392503,-11.455623188883,-3.177309243508
559.417640757,41,0.668337563064,0.369544736060,-11.458702789661,-3.177763202313
559.417640757,42,0.298260481154,-0.385936633415,-11.455749612478,-3.176899792186
559.417640757,43,0.537461705994,0.689998957023,-11.458732456363,-3.178218717161
559.417640757,44,0.179214366316,0.376183262628,-11.456231637165,-3.176827738796
559.417640757,45,0.120873073829,-0.546014611777,-11.454875671938,-3.176411681358
559.417640757,46,0.095259620052,-0.073485247346,-11.455338671134,-3.177048665159
559.417640757,47,-0.174958397984,0.044062235320,-11.454762883102,-3.176502767253
559.417640757,48,0.684267941530,0.168757891635,-11.458450822634,-3.177634305417
559.417640757,49,-0.272985766685,0.627527932138,-11.454265388537,-3.178299375112
559.417640757,50,0.355689383773,0.034283890732,-11.456251840645,-3.177313746944
559.417640757,51,-0.296168935074,0.412124334160,-11.454134782407,-3.177327762272
559.417640757,52,-0.030427507013,-0.047489747423,-11.455094009798,-3.176787713921
559.417640757,53,-0.058928234127,0.614487763132,-11.455399134040,-3.177908173546
559.417640757,54,-0.438225237114,-0.619541544687,-11.453170382448,-3.176138527024
559.417640757,55,0.586987722233,-0.287652890184,-11.457572441973,-3.176771494509
559.417640757,56,-0.893234633679,0.192961748815,-11.453910100865,-3.176682780123
559.417640757,57,0.209042374797,0.756830586690,-11.457033802051,-3.178424633708
559.417640757,58,0.456200181097,-0.240759852921,-11.456639400658,-3.177157647664
559.417640757,59,0.848956400642,-0.300491499258,-11.459062403515,-3.176560820098
559.417640757,60,0.467692217422,0.529859170031,-11.457905787691,-3.177617501810
559.417640757,61,0.703567742313,-0.513617321535,-11.458113933843,-3.175833608856
559.417640757,62,-0.196934932099,0.726158191337,-11.454721378851,-3.178643961349
559.417640757,63,0.458251820794,0.476912602367,-11.457699159761,-3.177477285454
559.417640757,64,0.463991791557,0.425283507540,-11.457580901141,-3.177403142036
559.417640757,65,0.008848738853,-0.148852234584,-11.455043659317,-3.177001684561
559.417640757,66,0.582006729594,0.361412444273,-11.458103361124,-3.177594573539
559.417640757,67,0.065178954920,-0.786962582334,-11.454529306561,-3.175306312732
559.417640757,68,0.063401758864,0.970615082298,-11.456345315527,-3.179023354921
559.417640757,69,-0.575734712982,0.322266381172,-11.453054345104,-3.177404677340
559.417640757,70,0.433947541588,0.545280601369,-11.457767676171,-3.177599376007
559.417640757,71,-0.413660120771,-0.589915628258,-11.453237279058,-3.176190107077
559.417640757,72,-0.616857948277,0.167562679736,-11.452941964226,-3.177020261914
559.417640757,73,-0.597695444839,0.470697221227,-11.453283646060,-3.177696555660
559.417640757,74,0.089333121815,-0.249740398459,-11.455088867247,-3.177175860859
559.417640757,75,-0.675800707668,0.177980995385,-11.452900171045,-3.177072851571
559.417640757,76,-0.280378025304,-0.729063091391,-11.453405364763,-3.175874789692
559.417640757,77,0.172188714929,-0.845121384045,-11.455042420621,-3.174984163067
559.417640757,78,-0.492107000221,-0.433198592759,-11.453218474692,-3.176331589712
559.417640757,79,0.534162287256,-0.132184657187,-11.457151783587,-3.177317242120
559.417640757,80,-0.072858359156,-0.024118308782,-11.455016634877,-3.176685243857
559.417640757,81,0.168274031647,0.853324569211,-11.456897823384,-3.178904971581
559.417640757,82,-0.268937337411,-0.072447765630,-11.454344676088,-3.176517467108
559.417640757,83,0.023934690090,0.699582138329,-11.455916848399,-3.178279636449
559.417640757,84,0.477787905658,0.275825694940,-11.457265492551,-3.177349152484
559.417640757,85,0.036645124562,-0.916231028192,-11.454456758281,-3.175039545048
559.417640757,86,-0.088683785592,0.970881583111,-11.455606075971,-3.178676114927
559.417640757,87,-0.219830174021,0.520143512239,-11.454508728966,-3.177688947999
559.417640757,88,0.944965954322,-0.069337104770,-11.459719121398,-3.177235832446
559.417640757,89,-0.471210637956,0.339837586631,-11.453344820231,-3.177362511682
559.417640757,90,-0.840595559603,0.324824900045,-11.453973910403,-3.176760043042
559.417640757,91,0.784840104461,-0.427632562475,-11.458576672249,-3.176167169722
559.417640757,92,0.201640674574,-0.783981004469,-11.455191035862,-3.175118320740
559.417640757,93,0.303634251820,-0.369472185553,-11.455778658184,-3.176953536189
559.417640757,94,-0.363735584074,0.073286353576,-11.453966585790,-3.176532457661
559.417640757,95,0.152060898489,0.633441885320,-11.456542281531,-3.177774548064
559.417640757,96,0.356639909075,0.156034381706,-11.456439797555,-3.177177221374
559.417640757,97,0.819425997097,0.449237113415,-11.459823786469,-3.178056497910
559.417640757,98,0.275899061299,0.320946203377,-11.456468123458,-3.176923902884
559.417640757,99,-0.021108112823,0.172768947399,-11.455344459469,-3.176536041299
559.513576069,0,-0.769463129821,-0.300463567000,-11.731571287740,-3.167534028353
559.513576069,1,-0.209167276947,0.100349733717,-11.733108487891,-3.167561748790
559.513576069,2,0.296023683601,-0.364321083002,-11.734239491315,-3.168096462168
559.513576069,3,0.228179259258,0.363738967315,-11.734930050952,-3.167988848466
559.513576069,4,-0.268060392883,0.322567088917,-11.732802087099,-3.167992744740
559.513576069,5,-0.572195141308,-0.696194819659,-11.731607977474,-3.167260790962
559.513576069,6,0.872210573234,-0.403229108530,-11.737259038643,-3.167692352637
559.513576069,7,-0.038958968812,0.524458383998,-11.733975964681,-3.168476986003
559.513576069,8,-0.343335149645,-0.837780124264,-11.731798778781,-3.166871239875
559.513576069,9,0.559014935847,0.759865116064,-11.737629725544,-3.169588652456
559.513576069,10,-0.044275750974,-0.714849713650,-11.732553559703,-3.166893498832
559.513576069,11,-0.132643416332,0.476833645177,-11.733472767456,-3.168384034050
559.513576069,12,0.035671008030,0.907176485191,-11.734719615750,-3.170163083997
559.513576069,13,0.058461798746,0.458634038709,-11.734394874486,-3.168102275192
559.513576069,14,-0.592016356790,0.625286882581,-11.732471441537,-3.168552195188
559.513576069,15,-0.376031977856,0.698956476628,-11.732560774907,-3.169449247294
559.513576069,16,-0.731729031643,-0.626082967965,-11.731791362080,-3.167455390384
559.513576069,17,-0.462686668492,-0.133526160008,-11.731991206689,-3.167530376172
559.513576069,18,-0.002004598931,-0.893935741652,-11.732741247362,-3.166266847652
559.513576069,19,-0.200629508978,0.691312401871,-11.733195176478,-3.169577355548
559.513576069,20,0.466497947957,-0.118047826618,-11.735259613997,-3.168511308492
559.513576069,21,-0.392205757247,-0.109902853573,-11.732277349309,-3.167545110747
559.513576069,22,-0.302712859750,-0.637302042237,-11.731882512657,-3.167246051928
559.513576069,23,-0.288759030486,-0.706641962332,-11.731857709434,-3.167072360920
559.513576069,24,0.247322295012,0.350955367274,-11.734976764998,-3.168006747799
559.513576069,25,0.074787261056,0.096445748190,-11.734007980345,-3.167830413670
559.513576069,26,-0.666964389691,0.162147253369,-11.731445615430,-3.168063864556
559.513576069,27,-0.845280824069,-0.117233342714,-11.731757350661,-3.167678302131
559.513576069,28,-0.132330170724,0.949257192593,-11.733960786858,-3.169698881782
559.513576069,29,0.336207924789,0.715889821861,-11.736271799175,-3.169312222650
559.513576069,30,-0.957374541242,-0.023591530897,-11.732525146722,-3.167602896421
559.513576069,31,-0.500041272675,-0.783995520852,-11.731669725840,-3.167137079598
559.513576069,32,0.062162390311,0.462902484850,-11.734416286422,-3.168117183277
559.513576069,33,0.183465045254,0.912396847818,-11.735604913417,-3.170163960746
559.513576069,34,0.820746316452,-0.239013431427,-11.737711418883,-3.167854516789
559.513576069,35,-0.082811411792,-0.520583864882,-11.732644977470,-3.167664424728
559.513576069,36,0.872076003773,0.191120372610,-11.738447789458,-3.168899394398
559.513576069,37,0.923975088394,-0.107199574961,-11.738266825364,-3.168293184140
559.513576069,38,0.546429670468,0.029197788783,-11.735879263713,-3.168617727875
559.513576069,39,-0.068147332166,0.722771073819,-11.733941791128,-3.169610199903
559.513576069,40,0.232099646494,-0.132727392503,-11.734128959549,-3.168416062159
559.513576069,41,0.668337563064,0.369544736060,-11.737342058227,-3.168902948329
559.513576069,42,0.298260481154,-0.385936633415,-11.734245848396,-3.168016359519
559.513576069,43,0.537461705994,0.689998957023,-11.737370988641,-3.169351638175
559.513576069,44,0.179214366316,0.376183262628,-11.734767087116,-3.167939610884
559.513576069,45,0.120873073829,-0.546014611777,-11.733335385562,-3.167525642777
559.513576069,46,0.095259620052,-0.073485247346,-11.733821261764,-3.168147418526
559.513576069,47,-0.174958397984,0.044062235320,-11.733214941534,-3.167588385048
559.513576069,48,0.684267941530,0.168757891635,-11.737073072435,-3.168777714666
559.513576069,49,-0.272985766685,0.627527932138,-11.732786096305,-3.169355951018
559.513576069,50,0.355689383773,0.034283890732,-11.734798666246,-3.168430308966
559.513576069,51,-0.296168935074,0.412124334160,-11.732624985281,-3.168393508270
559.513576069,52,-0.030427507013,-0.047489747423,-11.733556054064,-3.167880447167
559.513576069,53,-0.058928234127,0.614487763132,-11.733918080375,-3.168999139150
559.513576069,54,-0.438225237114,-0.619541544687,-11.731648367114,-3.167263057579
559.513576069,55,0.586987722233,-0.287652890184,-11.736127512341,-3.167912947032
559.513576069,56,-0.893234633679,0.192961748815,-11.732516713774,-3.167686344641
559.513576069,57,0.209042374797,0.756830586690,-11.735607536625,-3.169539068171
559.513576069,58,0.456200181097,-0.240759852921,-11.735177434739,-3.168284850445
559.513576069,59,0.848956400642,-0.300491499258,-11.737668483612,-3.167723770218
559.513576069,60,0.467692217422,0.529859170031,-11.736517990569,-3.168745975338
559.513576069,61,0.703567742313,-0.513617321535,-11.736669880439,-3.166987678603
559.513576069,62,-0.196934932099,0.726158191337,-11.733253272841,-3.169707214509
559.513576069,63,0.458251820794,0.476912602367,-11.736305430775,-3.168604782410
559.513576069,64,0.463991791557,0.425283507540,-11.736184503204,-3.168530402055
559.513576069,65,0.008848738853,-0.148852234584,-11.733505798284,-3.168095800610
559.513576069,66,0.582006729594,0.361412444273,-11.736725809318,-3.168728362386
559.513576069,67,0.065178954920,-0.786962582334,-11.732983445799,-3.166447476009
559.513576069,68,0.063401758864,0.970615082298,-11.734921942796,-3.170110670554
559.513576069,69,-0.575734712982,0.322266381172,-11.731592624371,-3.168430026302
559.513576069,70,0.433947541588,0.545280601369,-11.736373572355,-3.168726429940
559.513576069,71,-0.413660120771,-0.589915628258,-11.731707199513,-3.167309463979
559.513576069,72,-0.616857948277,0.167562679736,-11.731477022218,-3.168053745614
559.513576069,73,-0.597695444839,0.470697221227,-11.731847903001,-3.168704718613
559.513576069,74,0.089333121815,-0.249740398459,-11.733558564640,-3.168274582159
559.513576069,75,-0.675800707668,0.177980995385,-11.731457785879,-3.168096793945
559.513576069,76,-0.280378025304,-0.729063091391,-11.731865387973,-3.167011205397
559.513576069,77,0.172188714929,-0.845121384045,-11.733504511486,-3.166136534560
559.513576069,78,-0.492107000221,-0.433198592759,-11.731696896886,-3.167432000520
559.513576069,79,0.534162287256,-0.132184657187,-11.735715407505,-3.168450445804
559.513576069,80,-0.072858359156,-0.024118308782,-11.733474115341,-3.167776121955
559.513576069,81,0.168274031647,0.853324569211,-11.735473812282,-3.170012717617
559.513576069,82,-0.268937337411,-0.072447765630,-11.732788501579,-3.167599128505
559.513576069,83,0.023934690090,0.699582138329,-11.734454944914,-3.169377646480
559.513576069,84,0.477787905658,0.275825694940,-11.735859808698,-3.168475954517
559.513576069,85,0.036645124562,-0.916231028192,-11.732916257499,-3.166203659814
559.513576069,86,-0.088683785592,0.970881583111,-11.734175689334,-3.169738201126
559.513576069,87,-0.219830174021,0.520143512239,-11.733009747292,-3.168761186352
559.513576069,88,0.944965954322,-0.069337104770,-11.738369135215,-3.168406241672
559.513576069,89,-0.471210637956,0.339837586631,-11.731854905940,-3.168404278440
559.513576069,90,-0.840595559603,0.324824900045,-11.732578724099,-3.167755536151
559.513576069,91,0.784840104461,-0.427632562475,-11.737157485994,-3.167325373682
559.513576069,92,0.201640674574,-0.783981004469,-11.733654853618,-3.166262332126
559.513576069,93,0.303634251820,-0.369472185553,-11.734277212556,-3.168069947281
559.513576069,94,-0.363735584074,0.073286353576,-11.732426880491,-3.167603414920
559.513576069,95,0.152060898489,0.633441885320,-11.735093874402,-3.168886316582
559.513576069,96,0.356639909075,0.156034381706,-11.734997817171,-3.168295057983
559.513576069,97,0.819425997097,0.449237113415,-11.738498494670,-3.169207298962
559.513576069,98,0.275899061299,0.320946203377,-11.735021313572,-3.168039897027
559.513576069,99,-0.021108112823,0.172768947399,-11.733823698628,-3.167632251945
559.609511380,0,-0.769463129821,-0.300463567000,-12.010580172005,-3.158253178014
559.609511380,1,-0.209167276947,0.100349733717,-12.011996233035,-3.158291105301
559.609511380,2,0.296023683601,-0.364321083002,-12.013168479986,-3.158860388161
559.609511380,3,0.228179259258,0.363738967315,-12.013908732343,-3.158750899093
559.609511380,4,-0.268060392883,0.322567088917,-12.011713568235,-3.158711198254
559.609511380,5,-0.572195141308,-0.696194819659,-12.010564139036,-3.158049264487
559.609511380,6,0.872210573234,-0.403229108530,-12.016301167883,-3.158503182278
559.609511380,7,-0.038958968812,0.524458383998,-12.012920297336,-3.159218714698
559.609511380,8,-0.343335149645,-0.837780124264,-12.010713473874,-3.157680038550
559.609511380,9,0.559014935847,0.759865116064,-12.016715231496,-3.160372070695
559.609511380,10,-0.044275750974,-0.714849713650,-12.011432864455,-3.157672349890
559.609511380,11,-0.132643416332,0.476833645177,-12.012403607932,-3.159115531328
559.609511380,12,0.035671008030,0.907176485191,-12.013722058608,-3.160896774003
559.609511380,13,0.058461798746,0.458634038709,-12.013346276856,-3.158854073322
559.609511380,14,-0.592016356790,0.625286882581,-12.011491930636,-3.159191838944
559.609511380,15,-0.376031977856,0.698956476628,-12.011545500810,-3.160122563908
559.609511380,16,-0.731729031643,-0.626082967965,-12.010789273807,-3.158227516756
559.609511380,17,-0.462686668492,-0.133526160008,-12.010893839198,-3.158250541685
559.609511380,18,-0.002004598931,-0.893935741652,-12.011630981710,-3.157077478800
559.609511380,19,-0.200629508978,0.691312401871,-12.012157939426,-3.160286755289
559.609511380,20,0.466497947957,-0.118047826618,-12.014245738949,-3.159285946177
559.609511380,21,-0.392205757247,-0.109902853573,-12.011165770726,-3.158267998747
559.609511380,22,-0.302712859750,-0.637302042237,-12.010770680018,-3.158017762764
559.609511380,23,-0.288759030486,-0.706641962332,-12.010750005002,-3.157854756216
559.609511380,24,0.247322295012,0.350955367274,-12.013958858183,-3.158769643011
559.609511380,25,0.074787261056,0.096445748190,-12.012930673323,-3.158578096895
559.609511380,26,-0.666964389691,0.162147253369,-12.010436717770,-3.158734088705
559.609511380,27,-0.845280824069,-0.117233342714,-12.010792500728,-3.158363428865
559.609511380,28,-0.132330170724,0.949257192593,-12.012965270071,-3.160398842136
559.609511380,29,0.336207924789,0.715889821861,-12.015303938999,-3.160083577842
559.609511380,30,-0.957374541242,-0.023591530897,-12.011560428042,-3.158269053419
559.609511380,31,-0.500041272675,-0.783995520852,-12.010613371122,-3.157940201645
559.609511380,32,0.062162390311,0.462902484850,-12.013368772490,-3.158869293376
559.609511380,33,0.183465045254,0.912396847818,-12.014626055245,-3.160917239585
559.609511380,34,0.820746316452,-0.239013431427,-12.016751464452,-3.158665439363
559.609511380,35,-0.082811411792,-0.520583864882,-12.011517928296,-3.158419121815
559.609511380,36,0.872076003773,0.191120372610,-12.017544450701,-3.159709470366
559.609511380,37,0.923975088394,-0.107199574961,-12.017345419819,-3.159111638076
559.609511380,38,0.546429670468,0.029197788783,-12.014896950548,-3.159398682593
559.609511380,39,-0.068147332166,0.722771073819,-12.012910155105,-3.160340236291
559.609511380,40,0.232099646494,-0.132727392503,-12.013066115505,-3.159170826969
559.609511380,41,0.668337563064,0.369544736060,-12.016418160570,-3.159691826202
559.609511380,42,0.298260481154,-0.385936633415,-12.013173365084,-3.158781305888
559.609511380,43,0.537461705994,0.689998957023,-12.016446502841,-3.160133582713
559.609511380,44,0.179214366316,0.376183262628,-12.013735601512,-3.158699009645
559.609511380,45,0.120873073829,-0.546014611777,-12.012226027798,-3.158288425846
559.609511380,46,0.095259620052,-0.073485247346,-12.012735085824,-3.158893820187
559.609511380,47,-0.174958397984,0.044062235320,-12.012099581049,-3.158320594977
559.609511380,48,0.684267941530,0.168757891635,-12.016131484440,-3.159570042674
559.609511380,49,-0.272985766685,0.627527932138,-12.011743356385,-3.160056417887
559.609511380,50,0.355689383773,0.034283890732,-12.013778008033,-3.159194973127
559.609511380,51,-0.296168935074,0.412124334160,-12.011550588308,-3.159103852265
559.609511380,52,-0.030427507013,-0.047489747423,-12.012449600073,-3.158620492265
559.609511380,53,-0.058928234127,0.614487763132,-12.012871864019,-3.159735778251
559.609511380,54,-0.438225237114,-0.619541544687,-12.010560897750,-3.158036239515
559.609511380,55,0.586987722233,-0.287652890184,-12.015116070396,-3.158702992835
559.609511380,56,-0.893234633679,0.192961748815,-12.011558767726,-3.158332693185
559.609511380,57,0.209042374797,0.756830586690,-12.014616718500,-3.160300759796
559.609511380,58,0.456200181097,-0.240759852921,-12.014147972232,-3.159060382137
559.609511380,59,0.848956400642,-0.300491499258,-12.016710424152,-3.158536068040
559.609511380,60,0.467692217422,0.529859170031,-12.015565714216,-3.159523133686
559.609511380,61,0.703567742313,-0.513617321535,-12.015659621094,-3.157791065833
559.609511380,62,-0.196934932099,0.726158191337,-12.012221760031,-3.160414606933
559.609511380,63,0.458251820794,0.476912602367,-12.015346877421,-3.159380901087
559.609511380,64,0.463991791557,0.425283507540,-12.015223082491,-3.159306269189
559.609511380,65,0.008848738853,-0.148852234584,-12.012399117238,-3.158837532065
559.609511380,66,0.582006729594,0.361412444273,-12.015784102116,-3.159511045140
559.609511380,67,0.065178954920,-0.786962582334,-12.011869008260,-3.157238610134
559.609511380,68,0.063401758864,0.970615082298,-12.013935729547,-3.160843538187
559.609511380,69,-0.575734712982,0.322266381172,-12.010568931895,-3.159098429564
559.609511380,70,0.433947541588,0.545280601369,-12.015414786591,-3.159502047402
559.609511380,71,-0.413660120771,-0.589915628258,-12.010611470091,-3.158077415958
559.609511380,72,-0.616857948277,0.167562679736,-12.010449919044,-3.158730838983
559.609511380,73,-0.597695444839,0.470697221227,-12.010850872627,-3.159355121007
559.609511380,74,0.089333121815,-0.249740398459,-12.012459201280,-3.159021247399
559.609511380,75,-0.675800707668,0.177980995385,-12.010453622618,-3.158763968880
559.609511380,76,-0.280378025304,-0.729063091391,-12.010758657139,-3.157797194703
559.609511380,77,0.172188714929,-0.845121384045,-12.012397986335,-3.156939154812
559.609511380,78,-0.492107000221,-0.433198592759,-12.010610529886,-3.158179934789
559.609511380,79,0.534162287256,-0.132184657187,-12.014712507621,-3.159232058874
559.609511380,80,-0.072858359156,-0.024118308782,-12.012363333700,-3.158514138556
559.609511380,81,0.168274031647,0.853324569211,-12.014485903872,-3.160767229865
559.609511380,82,-0.268937337411,-0.072447765630,-12.011665453132,-3.158327411891
559.609511380,83,0.023934690090,0.699582138329,-12.013428164537,-3.160121717458
559.609511380,84,0.477787905658,0.275825694940,-12.014888558589,-3.159251283056
559.609511380,85,0.036645124562,-0.916231028192,-12.011807547461,-3.157018445242
559.609511380,86,-0.088683785592,0.970881583111,-12.013183105924,-3.160444445460
559.609511380,87,-0.219830174021,0.520143512239,-12.011946090135,-3.159478177114
559.609511380,88,0.944965954322,-0.069337104770,-12.017457051941,-3.159226195010
559.609511380,89,-0.471210637956,0.339837586631,-12.010802007056,-3.159089702429
559.609511380,90,-0.840595559603,0.324824900045,-12.011620353933,-3.158393410046
559.609511380,91,0.784840104461,-0.427632562475,-12.016173057655,-3.158132924972
559.609511380,92,0.201640674574,-0.783981004469,-12.012549932791,-3.157056245971
559.609511380,93,0.303634251820,-0.369472185553,-12.013207087134,-3.158834706511
559.609511380,94,-0.363735584074,0.073286353576,-12.011321770535,-3.158319957651
559.609511380,95,0.152060898489,0.633441885320,-12.014079995514,-3.159645181700
559.609511380,96,0.356639909075,0.156034381706,-12.013988790855,-3.159061031671
559.609511380,97,0.819425997097,0.449237113415,-12.017612164758,-3.160007733459
559.609511380,98,0.275899061299,0.320946203377,-12.014007660415,-3.158803820363
559.609511380,99,-0.021108112823,0.172768947399,-12.012735126356,-3.158375377977
559.705446691,0,-0.769463129821,-0.300463567000,-12.290026647959,-3.148615672434
559.705446691,1,-0.209167276947,0.100349733717,-12.291318603179,-3.148664941613
559.705446691,2,0.296023683601,-0.364321083002,-12.292530178606,-3.149270940118
559.705446691,3,0.228179259258,0.363738967315,-12.293322049264,-3.149158939732
559.705446691,4,-0.268060392883,0.322567088917,-12.291061257160,-3.149072987030
559.705446691,5,-0.572195141308,-0.696194819659,-12.289956468667,-3.148484056047
559.705446691,6,0.872210573234,-0.403229108530,-12.295780339894,-3.148961875945
559.705446691,7,-0.038958968812,0.524458383998,-12.292300338151,-3.149604711937
559.705446691,8,-0.343335149645,-0.837780124264,-12.290063203452,-3.148136873808
559.705446691,9,0.559014935847,0.759865116064,-12.296239808541,-3.150802902937
559.705446691,10,-0.044275750974,-0.714849713650,-12.290745300858,-3.148099127611
559.705446691,11,-0.132643416332,0.476833645177,-12.291770389377,-3.149490771072
559.705446691,12,0.035671008030,0.907176485191,-12.293162830288,-3.151274173733
559.705446691,13,0.058461798746,0.458634038709,-12.292732669381,-3.149250913045
559.705446691,14,-0.592016356790,0.625286882581,-12.290952972415,-3.149471404996
559.705446691,15,-0.376031977856,0.698956476628,-12.290969857946,-3.150436783593
559.705446691,16,-0.731729031643,-0.626082967965,-12.290222470145,-3.148644241342
559.705446691,17,-0.462686668492,-0.133526160008,-12.290233290732,-3.148614980194
559.705446691,18,-0.002004598931,-0.893935741652,-12.290954039375,-3.147536952822
559.705446691,19,-0.200629508978,0.691312401871,-12.291558688228,-3.150638569587
559.705446691,20,0.466497947957,-0.118047826618,-12.293666180238,-3.149707157821
559.705446691,21,-0.392205757247,-0.109902853573,-12.290490206025,-3.148635373352
559.705446691,22,-0.302712859750,-0.637302042237,-12.290093678750,-3.148436809758
559.705446691,23,-0.288759030486,-0.706641962332,-12.290077057837,-3.148284844242
559.705446691,24,0.247322295012,0.350955367274,-12.293375595157,-3.149178610545
559.705446691,25,0.074787261056,0.096445748190,-12.292286587953,-3.148971410318
559.705446691,26,-0.666964389691,0.162147253369,-12.289867347214,-3.149045850831
559.705446691,27,-0.845280824069,-0.117233342714,-12.290264852613,-3.148690623597
559.705446691,28,-0.132330170724,0.949257192593,-12.292409284219,-3.150740808743
559.705446691,29,0.336207924789,0.715889821861,-12.294773239237,-3.150501258489
559.705446691,30,-0.957374541242,-0.023591530897,-12.291028507595,-3.148576751150
559.705446691,31,-0.500041272675,-0.783995520852,-12.289992695388,-3.148390354452
559.705446691,32,0.062162390311,0.462902484850,-12.292756269089,-3.149266459214
559.705446691,33,0.183465045254,0.912396847818,-12.294085353411,-3.151315466815
559.705446691,34,0.820746316452,-0.239013431427,-12.296228813004,-3.149123809110
559.705446691,35,-0.082811411792,-0.520583864882,-12.290823882061,-3.148820821431
559.705446691,36,0.872076003773,0.191120372610,-12.297080983499,-3.150167270403
559.705446691,37,0.923975088394,-0.107199574961,-12.296862977534,-3.149577832401
559.705446691,38,0.546429670468,0.029197788783,-12.294350182545,-3.149826401696
559.705446691,39,-0.068147332166,0.722771073819,-12.292315810753,-3.150713710230
559.705446691,40,0.232099646494,-0.132727392503,-12.292436093495,-3.149571817074
559.705446691,41,0.668337563064,0.369544736060,-12.295932542553,-3.150128126624
559.705446691,42,0.298260481154,-0.385936633415,-12.292533580926,-3.149192925862
559.705446691,43,0.537461705994,0.689998957023,-12.295960495823,-3.150562830929
559.705446691,44,0.179214366316,0.376183262628,-12.293138677379,-3.149104178344
559.705446691,45,0.120873073829,-0.546014611777,-12.291549053825,-3.148698331241
559.705446691,46,0.095259620052,-0.073485247346,-12.292081618321,-3.149286136108
559.705446691,47,-0.174958397984,0.044062235320,-12.291418359791,-3.148697622019
559.705446691,48,0.684267941530,0.168757891635,-12.295627482840,-3.150009575854
559.705446691,49,-0.272985766685,0.627527932138,-12.291138789559,-3.150398941474
559.705446691,50,0.355689383773,0.034283890732,-12.293191288744,-3.149606016341
559.705446691,51,-0.296168935074,0.412124334160,-12.290913198313,-3.149456970840
559.705446691,52,-0.030427507013,-0.047489747423,-12.291776160665,-3.149006100712
559.705446691,53,-0.058928234127,0.614487763132,-12.292262077288,-3.150116281866
559.705446691,54,-0.438225237114,-0.619541544687,-12.289909396750,-3.148456268988
559.705446691,55,0.586987722233,-0.287652890184,-12.294539512127,-3.149139914808
559.705446691,56,-0.893234633679,0.192961748815,-12.291036941206,-3.148620094698
559.705446691,57,0.209042374797,0.756830586690,-12.294062901807,-3.150707934049
559.705446691,58,0.456200181097,-0.240759852921,-12.293552411815,-3.149482529810
559.705446691,59,0.848956400642,-0.300491499258,-12.296189659743,-3.148995977039
559.705446691,60,0.467692217422,0.529859170031,-12.295050429628,-3.149947249986
559.705446691,61,0.703567742313,-0.513617321535,-12.295084567868,-3.148242044581
559.705446691,62,-0.196934932099,0.726158191337,-12.291628466838,-3.150764305840
559.705446691,63,0.458251820794,0.476912602367,-12.294824962633,-3.149803914480
559.705446691,64,0.463991791557,0.425283507540,-12.294698093323,-3.149729017951
559.705446691,65,0.008848738853,-0.148852234584,-12.291725111414,-3.149225143315
559.705446691,66,0.582006729594,0.361412444273,-12.295279680119,-3.149940906851
559.705446691,67,0.065178954920,-0.786962582334,-12.291187452565,-3.147678018184
559.705446691,68,0.063401758864,0.970615082298,-12.293388300162,-3.151220147124
559.705446691,69,-0.575734712982,0.322266381172,-12.289984765582,-3.149408061148
559.705446691,70,0.433947541588,0.545280601369,-12.294892795705,-3.149924497064
559.705446691,71,-0.413660120771,-0.589915628258,-12.289951541892,-3.148492171939
559.705446691,72,-0.616857948277,0.167562679736,-12.289862109726,-3.149049715820
559.705446691,73,-0.597695444839,0.470697221227,-12.290294012791,-3.149645949486
559.705446691,74,0.089333121815,-0.249740398459,-12.291792245383,-3.149414135667
559.705446691,75,-0.675800707668,0.177980995385,-12.289889051312,-3.149072555279
559.705446691,76,-0.280378025304,-0.729063091391,-12.290086630627,-3.148230996697
559.705446691,77,0.172188714929,-0.845121384045,-12.291724289009,-3.147390331889
559.705446691,78,-0.492107000221,-0.433198592759,-12.289960829689,-3.148573586165
559.705446691,79,0.534162287256,-0.132184657187,-12.294144481682,-3.149660365208
559.705446691,80,-0.072858359156,-0.024118308782,-12.291685816532,-3.148897538143
559.705446691,81,0.168274031647,0.853324569211,-12.293935679890,-3.151166721357
559.705446691,82,-0.268937337411,-0.072447765630,-12.290977095604,-3.148700540200
559.705446691,83,0.023934690090,0.699582138329,-12.292838093298,-3.150510047158
559.705446691,84,0.477787905658,0.275825694940,-12.294353174832,-3.149673416127
559.705446691,85,0.036645124562,-0.916231028192,-12.291132074263,-3.147482191882
559.705446691,86,-0.088683785592,0.970881583111,-12.292629969077,-3.150793018217
559.705446691,87,-0.219830174021,0.520143512239,-12.291319367598,-3.149838097094
559.705446691,88,0.944965954322,-0.069337104770,-12.296984338766,-3.149693960167
559.705446691,89,-0.471210637956,0.339837586631,-12.290187695165,-3.149416953693
559.705446691,90,-0.840595559603,0.324824900045,-12.291099680684,-3.148671944397
559.705446691,91,0.784840104461,-0.427632562475,-12.295624809343,-3.148588090121
559.705446691,92,0.201640674574,-0.783981004469,-12.291877714609,-3.147498372082
559.705446691,93,0.303634251820,-0.369472185553,-12.292569699311,-3.149246107617
559.705446691,94,-0.363735584074,0.073286353576,-12.290652837055,-3.148680282323
559.705446691,95,0.152060898489,0.633441885320,-12.293502188954,-3.150049366499
559.705446691,96,0.356639909075,0.156034381706,-12.293414151903,-3.149473414885
559.705446691,97,0.819425997097,0.449237113415,-12.297166276431,-3.150456102845
559.705446691,98,0.275899061299,0.320946203377,-12.293428631335,-3.149213930943
559.705446691,99,-0.021108112823,0.172768947399,-12.292080271291,-3.148763652428
559.801382002,0,-0.769463129821,-0.300463567000,-12.569911697283,-3.138619609455
559.801382002,1,-0.209167276947,0.100349733717,-12.571077173282,-3.138681456768
559.801382002,2,0.296023683601,-0.364321083002,-12.572326013814,-3.139326397306
559.801382002,3,0.228179259258,0.363738967315,-12.573171494389,-3.139211204835
559.801382002,4,-0.268060392883,0.322567088917,-12.570846755009,-3.139076282488
559.801382002,5,-0.572195141308,-0.696194819659,-12.569786126516,-3.138563242190
559.801382002,6,0.872210573234,-0.403229108530,-12.575697996686,-3.139066680037
559.801382002,7,-0.038958968812,0.524458383998,-12.572117670413,-3.139633162680
559.801382002,8,-0.343335149645,-0.837780124264,-12.569849321618,-3.138239909215
559.801382002,9,0.559014935847,0.759865116064,-12.576204974390,-3.140879415501
559.801382002,10,-0.044275750974,-0.714849713650,-12.570492348005,-3.138172106586
559.801382002,11,-0.132643416332,0.476833645177,-12.571574709495,-3.139507928855
559.801382002,12,0.035671008030,0.907176485191,-12.573043556781,-3.141293454921
559.801382002,13,0.058461798746,0.458634038709,-12.572555601413,-3.139290998972
559.801382002,14,-0.592016356790,0.625286882581,-12.570855970542,-3.139389095038
559.801382002,15,-0.376031977856,0.698956476628,-12.570835444720,-3.140390059003
559.801382002,16,-0.731729031643,-0.626082967965,-12.570091739660,-3.138703550765
559.801382002,17,-0.462686668492,-0.133526160008,-12.570011090251,-3.138621871254
559.801382002,18,-0.002004598931,-0.893935741652,-12.570711869763,-3.137643537595
559.801382002,19,-0.200629508978,0.691312401871,-12.571399050357,-3.140630952194
559.801382002,20,0.466497947957,-0.118047826618,-12.573522346049,-3.139773213418
559.801382002,21,-0.392205757247,-0.109902853573,-12.570252211337,-3.138645424771
559.801382002,22,-0.302712859750,-0.637302042237,-12.569852981474,-3.138501412889
559.801382002,23,-0.288759030486,-0.706641962332,-12.569840321804,-3.138360842205
559.801382002,24,0.247322295012,0.350955367274,-12.573228462481,-3.139231887902
559.801382002,25,0.074787261056,0.096445748190,-12.572077226803,-3.139008589140
559.801382002,26,-0.666964389691,0.162147253369,-12.569738855296,-3.138997315761
559.801382002,27,-0.845280824069,-0.117233342714,-12.570175195300,-3.138658023394
559.801382002,28,-0.132330170724,0.949257192593,-12.572294476170,-3.140722934688
559.801382002,29,0.336207924789,0.715889821861,-12.574681230734,-3.140563497148
559.801382002,30,-0.957374541242,-0.023591530897,-12.570929563112,-3.138524196090
559.801382002,31,-0.500041272675,-0.783995520852,-12.569808904882,-3.138485625994
559.801382002,32,0.062162390311,0.462902484850,-12.572580325205,-3.139306885620
559.801382002,33,0.183465045254,0.912396847818,-12.573984407491,-3.141356838655
559.801382002,34,0.820746316452,-0.239013431427,-12.576144894803,-3.139227880604
559.801382002,35,-0.082811411792,-0.520583864882,-12.570564341385,-3.138867789939
559.801382002,36,0.872076003773,0.191120372610,-12.577058852037,-3.140271067648
559.801382002,37,0.923975088394,-0.107199574961,-12.576820958251,-3.139690020297
559.801382002,38,0.546429670468,0.029197788783,-12.574240371948,-3.139899153731
559.801382002,39,-0.068147332166,0.722771073819,-12.572160374257,-3.140728788407
559.801382002,40,0.232099646494,-0.132727392503,-12.572240338923,-3.139617296816
559.801382002,41,0.668337563064,0.369544736060,-12.575886655189,-3.140210125062
559.801382002,42,0.298260481154,-0.385936633415,-12.572327922167,-3.139249499829
559.801382002,43,0.537461705994,0.689998957023,-12.575914471579,-3.140637646704
559.801382002,44,0.179214366316,0.376183262628,-12.572977820969,-3.139153344402
559.801382002,45,0.120873073829,-0.546014611777,-12.571305925821,-3.138753644456
559.801382002,46,0.095259620052,-0.073485247346,-12.571862343042,-3.139322616973
559.801382002,47,-0.174958397984,0.044062235320,-12.571172841559,-3.138717675214
559.801382002,48,0.684267941530,0.168757891635,-12.575562496481,-3.140094586022
559.801382002,49,-0.272985766685,0.627527932138,-12.570974018051,-3.140381673335
559.801382002,50,0.355689383773,0.034283890732,-12.573039939317,-3.139661700688
559.801382002,51,-0.296168935074,0.412124334160,-12.570714423721,-3.139451025672
559.801382002,52,-0.030427507013,-0.047489747423,-12.571537256644,-3.139035508347
559.801382002,53,-0.058928234127,0.614487763132,-12.572090320038,-3.140138825217
559.801382002,54,-0.438225237114,-0.619541544687,-12.569695266460,-3.138521318716
559.801382002,55,0.586987722233,-0.287652890184,-12.574399238959,-3.139221982386
559.801382002,56,-0.893234633679,0.192961748815,-12.570951815807,-3.138546816448
559.801382002,57,0.209042374797,0.756830586690,-12.573947649766,-3.140758799943
559.801382002,58,0.456200181097,-0.240759852921,-12.573392159148,-3.139549566616
559.801382002,59,0.848956400642,-0.300491499258,-12.576107626722,-3.139101747668
559.801382002,60,0.467692217422,0.529859170031,-12.574973615469,-3.140016581463
559.801382002,61,0.703567742313,-0.513617321535,-12.574946136495,-3.138338876178
559.801382002,62,-0.196934932099,0.726158191337,-12.571475023374,-3.140754463879
559.801382002,63,0.458251820794,0.476912602367,-12.574741157055,-3.139872079798
559.801382002,64,0.463991791557,0.425283507540,-12.574610997630,-3.139796907208
559.801382002,65,0.008848738853,-0.148852234584,-12.571485284122,-3.139256883234
559.801382002,66,0.582006729594,0.361412444273,-12.575213990178,-3.140016217266
559.801382002,67,0.065178954920,-0.786962582334,-12.570940240906,-3.137763986275
559.801382002,68,0.063401758864,0.970615082298,-12.573281286892,-3.141238670682
559.801382002,69,-0.575734712982,0.322266381172,-12.569841603299,-3.139357083294
559.801382002,70,0.433947541588,0.545280601369,-12.574809084509,-3.139992031606
559.801382002,71,-0.413660120771,-0.589915628258,-12.569728849852,-3.138551918588
559.801382002,72,-0.616857948277,0.167562679736,-12.569715024165,-3.139008536913
559.801382002,73,-0.597695444839,0.470697221227,-12.570178756588,-3.139575381808
559.801382002,74,0.089333121815,-0.249740398459,-12.571559173464,-3.139451510880
559.801382002,75,-0.675800707668,0.177980995385,-12.569765407228,-3.139020720433
559.801382002,76,-0.280378025304,-0.729063091391,-12.569850757061,-3.138310828352
559.801382002,77,0.172188714929,-0.845121384045,-12.571484867660,-3.137488357697
559.801382002,78,-0.492107000221,-0.433198592759,-12.569749233131,-3.138611127472
559.801382002,79,0.534162287256,-0.132184657187,-12.574012733709,-3.139733634686
559.801382002,80,-0.072858359156,-0.024118308782,-12.571443097884,-3.138924549423
559.801382002,81,0.168274031647,0.853324569211,-12.573824730995,-3.141209388645
559.801382002,82,-0.268937337411,-0.072447765630,-12.570724996111,-3.138716720039
559.801382002,83,0.023934690090,0.699582138329,-12.572686325587,-3.140540817312
559.801382002,84,0.477787905658,0.275825694940,-12.574255097368,-3.139740616525
559.801382002,85,0.036645124562,-0.916231028192,-12.570891284108,-3.137593171217
559.801382002,86,-0.088683785592,0.970881583111,-12.572517927176,-3.140782075062
559.801382002,87,-0.219830174021,0.520143512239,-12.571131193873,-3.139839107994
559.801382002,88,0.944965954322,-0.069337104770,-12.576952463286,-3.139807791266
559.801382002,89,-0.471210637956,0.339837586631,-12.570013532769,-3.139384188792
559.801382002,90,-0.840595559603,0.324824900045,-12.571017506226,-3.138589418696
559.801382002,91,0.784840104461,-0.427632562475,-12.575514165784,-3.138689122889
559.801382002,92,0.201640674574,-0.783981004469,-12.571639645698,-3.137587004875
559.801382002,93,0.303634251820,-0.369472185553,-12.572366474363,-3.139302430157
559.801382002,94,-0.363735584074,0.073286353576,-12.570421659641,-3.138682569558
559.801382002,95,0.152060898489,0.633441885320,-12.573362007957,-3.140097077813
559.801382002,96,0.356639909075,0.156034381706,-12.573275341920,-3.139530464948
559.801382002,97,0.819425997097,0.449237113415,-12.577162312487,-3.140550693305
559.801382002,98,0.275899061299,0.320946203377,-12.573285702600,-3.139268471184
559.801382002,99,-0.021108112823,0.172768947399,-12.571860670458,-3.138795292582
559.897317314,0,-0.769463129821,-0.300463567000,-12.850236228987,-3.128263065289
559.897317314,1,-0.209167276947,0.100349733717,-12.851273522344,-3.128338833740
559.897317314,2,0.296023683601,-0.364321083002,-12.852557420069,-3.129025024532
559.897317314,3,0.228179259258,0.363738967315,-12.853458569434,-3.128905912895
559.897317314,4,-0.268060392883,0.322567088917,-12.851071664909,-3.128719240621
559.897317314,5,-0.572195141308,-0.696194819659,-12.850054222302,-3.128284868179
559.897317314,6,0.872210573234,-0.403229108530,-12.856055581838,-3.128815827983
559.897317314,7,-0.038958968812,0.524458383998,-12.852373885018,-3.129302235888
559.897317314,8,-0.343335149645,-0.837780124264,-12.850073158716,-3.127987280389
559.897317314,9,0.559014935847,0.759865116064,-12.856612253816,-3.130599858094
559.897317314,10,-0.044275750974,-0.714849713650,-12.850675486221,-3.127889543150
559.897317314,11,-0.132643416332,0.476833645177,-12.851818171940,-3.129165164529
559.897317314,12,0.035671008030,0.907176485191,-12.853365871519,-3.130952773322
559.897317314,13,0.058461798746,0.458634038709,-12.852816631014,-3.128972519579
559.897317314,14,-0.592016356790,0.625286882581,-12.851202298267,-3.128943105485
559.897317314,15,-0.376031977856,0.698956476628,-12.851143852828,-3.129980531115
559.897317314,16,-0.731729031643,-0.626082967965,-12.850397783119,-3.128403396650
559.897317314,17,-0.462686668492,-0.133526160008,-12.850228754635,-3.128269377086
559.897317314,18,-0.002004598931,-0.893935741652,-12.850905920560,-3.127395480897
559.897317314,19,-0.200629508978,0.691312401871,-12.851680656262,-3.130262042211
559.897317314,20,0.466497947957,-0.118047826618,-12.853815651648,-3.129482368573
559.897317314,21,-0.392205757247,-0.109902853573,-12.850453336756,-3.128296326206
559.897317314,22,-0.302712859750,-0.637302042237,-12.850050050542,-3.128209770554
559.897317314,23,-0.288759030486,-0.706641962332,-12.850041239078,-3.128080944684
559.897317314,24,0.247322295012,0.350955367274,-12.853518955702,-3.128927696676
559.897317314,25,0.074787261056,0.096445748190,-12.852304101154,-3.128687852824
559.897317314,26,-0.666964389691,0.162147253369,-12.850052556490,-3.128586636448
559.897317314,27,-0.845280824069,-0.117233342714,-12.850524227688,-3.128263750440
559.897317314,28,-0.132330170724,0.949257192593,-12.852622495978,-3.130343358985
559.897317314,29,0.336207924789,0.715889821861,-12.855029453058,-3.130268509778
559.897317314,30,-0.957374541242,-0.023591530897,-12.851263632324,-3.128109588009
559.897317314,31,-0.500041272675,-0.783995520852,-12.850063162397,-3.128224072108
559.897317314,32,0.062162390311,0.462902484850,-12.852842498552,-3.128988761285
559.897317314,33,0.183465045254,0.912396847818,-12.854324825744,-3.131039534678
559.897317314,34,0.820746316452,-0.239013431427,-12.856501142420,-3.128975895066
559.897317314,35,-0.082811411792,-0.520583864882,-12.850740812157,-3.128558276528
559.897317314,36,0.872076003773,0.191120372610,-12.857479522489,-3.130019120672
559.897317314,37,0.923975088394,-0.107199574961,-12.857220822554,-3.129446441313
559.897317314,38,0.546429670468,0.029197788783,-12.854568937394,-3.129615192640
559.897317314,39,-0.068147332166,0.722771073819,-12.852445468312,-3.130383621847
559.897317314,40,0.232099646494,-0.132727392503,-12.852480305737,-3.129305515525
559.897317314,41,0.668337563064,0.369544736060,-12.856281954761,-3.129936081595
559.897317314,42,0.298260481154,-0.385936633415,-12.852557822805,-3.128949293742
559.897317314,43,0.537461705994,0.689998957023,-12.856309941311,-3.130356277476
559.897317314,44,0.179214366316,0.376183262628,-12.853254547634,-3.128844719223
559.897317314,45,0.120873073829,-0.546014611777,-12.851498112543,-3.128452635465
559.897317314,46,0.095259620052,-0.073485247346,-12.852078752303,-3.129001497958
559.897317314,47,-0.174958397984,0.044062235320,-12.851364595065,-3.128378947475
559.897317314,48,0.684267941530,0.168757891635,-12.855937958989,-3.129823330229
559.897317314,49,-0.272985766685,0.627527932138,-12.851250664472,-3.130002750903
559.897317314,50,0.355689383773,0.034283890732,-12.853325398885,-3.129360273230
559.897317314,51,-0.296168935074,0.412124334160,-12.850955873468,-3.129084163503
559.897317314,52,-0.030427507013,-0.047489747423,-12.851734416327,-3.128706935122
559.897317314,53,-0.058928234127,0.614487763132,-12.852358199199,-3.129801567656
559.897317314,54,-0.438225237114,-0.619541544687,-12.849919886146,-3.128229537161
559.897317314,55,0.586987722233,-0.287652890184,-12.854696657832,-3.128947451355
559.897317314,56,-0.893234633679,0.192961748815,-12.851303867765,-3.128111125038
559.897317314,57,0.209042374797,0.756830586690,-12.854272534561,-3.130451549897
559.897317314,58,0.456200181097,-0.240759852921,-12.853668626907,-3.129259751585
559.897317314,59,0.848956400642,-0.300491499258,-12.856465763292,-3.128851617205
559.897317314,60,0.467692217422,0.529859170031,-12.855336758121,-3.129729369247
559.897317314,61,0.703567742313,-0.513617321535,-12.855245746465,-3.128079809072
559.897317314,62,-0.196934932099,0.726158191337,-12.851763062612,-3.130383219163
559.897317314,63,0.458251820794,0.476912602367,-12.855096939094,-3.129583638283
559.897317314,64,0.463991791557,0.425283507540,-12.854963265006,-3.129508180004
559.897317314,65,0.008848738853,-0.148852234584,-12.851681146348,-3.128930984941
559.897317314,66,0.582006729594,0.361412444273,-12.855588485495,-3.129735230636
559.897317314,67,0.065178954920,-0.786962582334,-12.851128838258,-3.127494783054
559.897317314,68,0.063401758864,0.970615082298,-12.853616329512,-3.130897266147
559.897317314,69,-0.575734712982,0.322266381172,-12.850140900046,-3.128943646708
559.897317314,70,0.433947541588,0.545280601369,-12.855165145837,-3.129702887547
559.897317314,71,-0.413660120771,-0.589915628258,-12.849944810027,-3.128254819578
559.897317314,72,-0.616857948277,0.167562679736,-12.850010063864,-3.128605450183
559.897317314,73,-0.597695444839,0.470697221227,-12.850506509231,-3.129141587312
559.897317314,74,0.089333121815,-0.249740398459,-12.851761470031,-3.129131621533
559.897317314,75,-0.675800707668,0.177980995385,-12.850083986878,-3.128606620274
559.897317314,76,-0.280378025304,-0.729063091391,-12.850052473170,-3.128034883723
559.897317314,77,0.172188714929,-0.845121384045,-12.851681174138,-3.127231507502
559.897317314,78,-0.492107000221,-0.433198592759,-12.849977154933,-3.128290710129
559.897317314,79,0.534162287256,-0.132184657187,-12.854318674069,-3.129450122998
559.897317314,80,-0.072858359156,-0.024118308782,-12.851636718752,-3.128593385113
559.897317314,81,0.168274031647,0.853324569211,-12.854154656582,-3.130893411704
559.897317314,82,-0.268937337411,-0.072447765630,-12.850910722935,-3.128374141471
559.897317314,83,0.023934690090,0.699582138329,-12.852974463815,-3.130212193512
559.897317314,84,0.477787905658,0.275825694940,-12.854595773534,-3.129451131639
559.897317314,85,0.036645124562,-0.916231028192,-12.851086622194,-3.127349634983
559.897317314,86,-0.088683785592,0.970881583111,-12.852848632984,-3.130409757104
559.897317314,87,-0.219830174021,0.520143512239,-12.851383186394,-3.129479356379
559.897317314,88,0.944965954322,-0.069337104770,-12.857362893656,-3.129565928693
559.897317314,89,-0.471210637956,0.339837586631,-12.850281071296,-3.128989550897
559.897317314,90,-0.840595559603,0.324824900045,-12.851374546441,-3.128144113354
559.897317314,91,0.784840104461,-0.427632562475,-12.855842554438,-3.128434264089
559.897317314,92,0.201640674574,-0.783981004469,-12.851837177604,-3.127320422948
559.897317314,93,0.303634251820,-0.369472185553,-12.852598845344,-3.129001939264
559.897317314,94,-0.363735584074,0.073286353576,-12.850629814919,-3.128324983983
559.897317314,95,0.152060898489,0.633441885320,-12.853661014749,-3.129786506095
559.897317314,96,0.356639909075,0.156034381706,-12.853573810820,-3.129230423876
559.897317314,97,0.819425997097,0.449237113415,-12.857601758971,-3.130289775588
559.897317314,98,0.275899061299,0.320946203377,-12.853580359352,-3.128965667695
559.897317314,99,-0.021108112823,0.172768947399,-12.852077868897,-3.128468499786
559.993252625,0,-0.769463129821,-0.300463567000,-13.131001072374,-3.117544094024
559.993252625,1,-0.209167276947,0.100349733717,-13.131909232508,-3.117635239273
559.993252625,2,0.296023683601,-0.364321083002,-13.133225839512,-3.118365071891
559.993252625,3,0.228179259258,0.363738967315,-13.134184785052,-3.118241266285
559.993252625,4,-0.268060392883,0.322567088917,-13.131737590906,-3.118000001930
559.993252625,5,-0.572195141308,-0.696194819659,-13.130761809850,-3.117646946665
559.993252625,6,0.872210573234,-0.403229108530,-13.136854540611,-3.118207540083
559.993252625,7,-0.038958968812,0.524458383998,-13.133070580010,-3.118610084417
559.993252625,8,-0.343335149645,-0.837780124264,-13.130736018004,-3.117377093791
559.993252625,9,0.559014935847,0.759865116064,-13.137463178728,-3.119962463639
559.993252625,10,-0.044275750974,-0.714849713650,-13.131296195965,-3.117249674821
559.993252625,11,-0.132643416332,0.476833645177,-13.132502385661,-3.118460622143
559.993252625,12,0.035671008030,0.907176485191,-13.134131414962,-3.120250268685
559.993252625,13,0.058461798746,0.458634038709,-13.133517324658,-3.118293647066
559.993252625,14,-0.592016356790,0.625286882581,-13.131993294940,-3.118131628224
559.993252625,15,-0.376031977856,0.698956476628,-13.131896665550,-3.119206329511
559.993252625,16,-0.731729031643,-0.626082967965,-13.131141205185,-3.117741694112
559.993252625,17,-0.462686668492,-0.133526160008,-13.130887786343,-3.117555642333
559.993252625,18,-0.002004598931,-0.893935741652,-13.131537636412,-3.116791009656
559.993252625,19,-0.200629508978,0.691312401871,-13.132405138450,-3.119529964134
559.993252625,20,0.466497947957,-0.118047826618,-13.134547519417,-3.118832864298
559.993252625,21,-0.392205757247,-0.109902853573,-13.131095124505,-3.117586233615
559.993252625,22,-0.302712859750,-0.637302042237,-13.130686335822,-3.117560058846
559.993252625,23,-0.288759030486,-0.706641962332,-13.130681237828,-3.117443322818
559.993252625,24,0.247322295012,0.350955367274,-13.134248579268,-3.118264242376
559.993252625,25,0.074787261056,0.096445748190,-13.132968730710,-3.118007404903
559.993252625,26,-0.666964389691,0.162147253369,-13.130809724038,-3.117811954222
559.993252625,27,-0.845280824069,-0.117233342714,-13.131312550366,-3.117505912098
559.993252625,28,-0.132330170724,0.949257192593,-13.133394996044,-3.119600206706
559.993252625,29,0.336207924789,0.715889821861,-13.135819454463,-3.119614495580
559.993252625,30,-0.957374541242,-0.023591530897,-13.132030601164,-3.117331120660
559.993252625,31,-0.500041272675,-0.783995520852,-13.130756582358,-3.117603715052
559.993252625,32,0.062162390311,0.462902484850,-13.133544355282,-3.118310258614
559.993252625,33,0.183465045254,0.912396847818,-13.135108224904,-3.120361717712
559.993252625,34,0.820746316452,-0.239013431427,-13.137298990857,-3.118366080206
559.993252625,35,-0.082811411792,-0.520583864882,-13.131354802593,-3.117890512784
559.993252625,36,0.872076003773,0.191120372610,-13.138344463175,-3.119409673309
559.993252625,37,0.923975088394,-0.107199574961,-13.138064032012,-3.118845321205
559.993252625,38,0.546429670468,0.029197788783,-13.135337303987,-3.118972757570
559.993252625,39,-0.068147332166,0.722771073819,-13.133172721558,-3.119676345871
559.993252625,40,0.232099646494,-0.132727392503,-13.133157456286,-3.118634707290
559.993252625,41,0.668337563064,0.369544736060,-13.137119902944,-3.119304240729
559.993252625,42,0.298260481154,-0.385936633415,-13.133224724442,-3.118290558874
559.993252625,43,0.537461705994,0.689998957023,-13.137148423490,-3.119716954060
559.993252625,44,0.179214366316,0.376183262628,-13.133970381679,-3.118176498027
559.993252625,45,0.120873073829,-0.546014611777,-13.132127088860,-3.117793558375
559.993252625,46,0.095259620052,-0.073485247346,-13.132732346654,-3.118320998507
559.993252625,47,-0.174958397984,0.044062235320,-13.131995193124,-3.117679615391
559.993252625,48,0.684267941530,0.168757891635,-13.136755308895,-3.119194050582
559.993252625,49,-0.272985766685,0.627527932138,-13.131970350664,-3.119260297575
559.993252625,50,0.355689383773,0.034283890732,-13.134049114757,-3.118699965798
559.993252625,51,-0.296168935074,0.412124334160,-13.131639155817,-3.118354516147
559.993252625,52,-0.030427507013,-0.047489747423,-13.132369175060,-3.118018584880
559.993252625,53,-0.058928234127,0.614487763132,-13.133067328262,-3.119102652588
559.993252625,54,-0.438225237114,-0.619541544687,-13.130584608706,-3.117579047666
559.993252625,55,0.586987722233,-0.287652890184,-13.135433181271,-3.118314563655
559.993252625,56,-0.893234633679,0.192961748815,-13.132093458855,-3.117311287513
559.993252625,57,0.209042374797,0.756830586690,-13.135039137197,-3.119784359610
559.993252625,58,0.456200181097,-0.240759852921,-13.134383234788,-3.118611329418
559.993252625,59,0.848956400642,-0.300491499258,-13.137265509648,-3.118243809593
559.993252625,60,0.467692217422,0.529859170031,-13.136141351736,-3.119083838197
559.993252625,61,0.703567742313,-0.513617321535,-13.135984821099,-3.117463078631
559.993252625,62,-0.196934932099,0.726158191337,-13.132494219465,-3.119648695349
559.993252625,63,0.458251820794,0.476912602367,-13.135893794957,-3.118936815032
559.993252625,64,0.463991791557,0.425283507540,-13.135756372757,-3.118861063378
559.993252625,65,0.008848738853,-0.148852234584,-13.132314216293,-3.118245665546
559.993252625,66,0.582006729594,0.361412444273,-13.136404625716,-3.119096185544
559.993252625,67,0.065178954920,-0.786962582334,-13.131754711510,-3.116868659148
559.993252625,68,0.063401758864,0.970615082298,-13.134395074927,-3.120194074748
559.993252625,69,-0.575734712982,0.322266381172,-13.130884084900,-3.118165890834
559.993252625,70,0.433947541588,0.545280601369,-13.135962480571,-3.119055285066
559.993252625,71,-0.413660120771,-0.589915628258,-13.130600816646,-3.117599014813
559.993252625,72,-0.616857948277,0.167562679736,-13.130748598417,-3.117838590854
559.993252625,73,-0.597695444839,0.470697221227,-13.131278644681,-3.118342727442
559.993252625,74,0.089333121815,-0.249740398459,-13.132400627224,-3.118452700430
559.993252625,75,-0.675800707668,0.177980995385,-13.130846043726,-3.117828399667
559.993252625,76,-0.280378025304,-0.729063091391,-13.130693201447,-3.117401333110
559.993252625,77,0.172188714929,-0.845121384045,-13.132314663308,-3.116618039402
559.993252625,78,-0.492107000221,-0.433198592759,-13.130645984509,-3.117610463553
559.993252625,79,0.534162287256,-0.132184657187,-13.135063719532,-3.118808071449
559.993252625,80,-0.072858359156,-0.024118308782,-13.132268226508,-3.117902241714
559.993252625,81,0.168274031647,0.853324569211,-13.134927064579,-3.120216953805
559.993252625,82,-0.268937337411,-0.072447765630,-13.131535844330,-3.117670977771
559.993252625,83,0.023934690090,0.699582138329,-13.133704118037,-3.119522325124
559.993252625,84,0.477787905658,0.275825694940,-13.135376658113,-3.118803193263
559.993252625,85,0.036645124562,-0.916231028192,-13.131719531497,-3.116749814422
559.993252625,86,-0.088683785592,0.970881583111,-13.133623742931,-3.119674191004
559.993252625,87,-0.219830174021,0.520143512239,-13.132076964918,-3.118756973672
559.993252625,88,0.944965954322,-0.069337104770,-13.138217098728,-3.118966598954
559.993252625,89,-0.471210637956,0.339837586631,-13.130991848963,-3.118231169922
559.993252625,90,-0.840595559603,0.324824900045,-13.132171423603,-3.117334310907
559.993252625,91,0.784840104461,-0.427632562475,-13.136611405604,-3.117821741430
559.993252625,92,0.201640674574,-0.783981004469,-13.132471766255,-3.116696888635
559.993252625,93,0.303634251820,-0.369472185553,-13.133268252955,-3.118342885396
559.993252625,94,-0.363735584074,0.073286353576,-13.131278875004,-3.117605674098
559.993252625,95,0.152060898489,0.633441885320,-13.134400780349,-3.119115825267
559.993252625,96,0.356639909075,0.156034381706,-13.134311016812,-3.118571518181
559.993252625,97,0.819425997097,0.449237113415,-13.138486105313,-3.119671604835
559.993252625,98,0.275899061299,0.320946203377,-13.134314095541,-3.118303731088
559.993252625,99,-0.021108112823,0.172768947399,-13.132733419225,-3.117781459276
560.089187936,0,-0.769463129821,-0.300463567000,-13.412206969473,-3.106460727140
560.089187936,1,-0.209167276947,0.100349733717,-13.412985888072,-3.106568823704
560.089187936,2,0.296023683601,-0.364321083002,-13.414332721800,-3.107344774509
560.089187936,3,0.228179259258,0.363738967315,-13.415351660707,-3.107215451067
560.089187936,4,-0.268060392883,0.322567088917,-13.412846136805,-3.106916691368
560.089187936,5,-0.572195141308,-0.696194819659,-13.411909881207,-3.106647456274
560.089187936,6,0.872210573234,-0.403229108530,-13.418096320055,-3.107240023368
560.089187936,7,-0.038958968812,0.524458383998,-13.414209360073,-3.107554844924
560.089187936,8,-0.343335149645,-0.837780124264,-13.411839172067,-3.106407425448
560.089187936,9,0.559014935847,0.759865116064,-13.418759288225,-3.108965448093
560.089187936,10,-0.044275750974,-0.714849713650,-13.412355956628,-3.106250719699
560.089187936,11,-0.132643416332,0.476833645177,-13.413628964173,-3.107392429870
560.089187936,12,0.035671008030,0.907176485191,-13.415341834138,-3.109184064720
560.089187936,13,0.058461798746,0.458634038709,-13.414659256902,-3.107252537210
560.089187936,14,-0.592016356790,0.625286882581,-13.413230262264,-3.106952851424
560.089187936,15,-0.376031977856,0.698956476628,-13.413095455906,-3.108065572706
560.089187936,16,-0.731729031643,-0.626082967965,-13.412322505448,-3.106716320160
560.089187936,17,-0.462686668492,-0.133526160008,-13.411989670894,-3.106478793799
560.089187936,18,-0.002004598931,-0.893935741652,-13.412608457493,-3.105828329166
560.089187936,19,-0.200629508978,0.691312401871,-13.413574130505,-3.108432827929
560.089187936,20,0.466497947957,-0.118047826618,-13.415719378862,-3.107822926809
560.089187936,21,-0.392205757247,-0.109902853573,-13.412179106954,-3.106513285458
560.089187936,22,-0.302712859750,-0.637302042237,-13.411763272300,-3.106550430793
560.089187936,23,-0.288759030486,-0.706641962332,-13.411761729685,-3.106446123444
560.089187936,24,0.247322295012,0.350955367274,-13.415418846419,-3.107239714244
560.089187936,25,0.074787261056,0.096445748190,-13.414072643269,-3.106965432774
560.089187936,26,-0.666964389691,0.162147253369,-13.412011585470,-3.106671399070
560.089187936,27,-0.845280824069,-0.117233342714,-13.412540656786,-3.106382600988
560.089187936,28,-0.132330170724,0.949257192593,-13.414613630208,-3.108491589125
560.089187936,29,0.336207924789,0.715889821861,-13.417052791826,-3.108599636836
560.089187936,30,-0.957374541242,-0.023591530897,-13.413230191090,-3.106186982545
560.089187936,31,-0.500041272675,-0.783995520852,-13.411890225517,-3.106622541986
560.089187936,32,0.062162390311,0.462902484850,-13.414687469661,-3.107269533588
560.089187936,33,0.183465045254,0.912396847818,-13.416336229956,-3.109321533736
560.089187936,34,0.820746316452,-0.239013431427,-13.418539877683,-3.107396650049
560.089187936,35,-0.082811411792,-0.520583864882,-13.412407822197,-3.106862712240
560.089187936,36,0.872076003773,0.191120372610,-13.419655144700,-3.108440954488
560.089187936,37,0.923975088394,-0.107199574961,-13.419352049322,-3.107884871783
560.089187936,38,0.546429670468,0.029197788783,-13.416546903362,-3.107970072679
560.089187936,39,-0.068147332166,0.722771073819,-13.414343767969,-3.108605080070
560.089187936,40,0.232099646494,-0.132727392503,-13.414273261145,-3.107603090741
560.089187936,41,0.668337563064,0.369544736060,-13.418401966904,-3.108312831217
560.089187936,42,0.298260481154,-0.385936633415,-13.414330076112,-3.107271531553
560.089187936,43,0.537461705994,0.689998957023,-13.418431443915,-3.108717890478
560.089187936,44,0.179214366316,0.376183262628,-13.415126856186,-3.107146859671
560.089187936,45,0.120873073829,-0.546014611777,-13.413194335228,-3.106774651053
560.089187936,46,0.095259620052,-0.073485247346,-13.413824634551,-3.107279322102
560.089187936,47,-0.174958397984,0.044062235320,-13.413066211763,-3.106617839028
560.089187936,48,0.684267941530,0.168757891635,-13.418015989743,-3.108204974056
560.089187936,49,-0.272985766685,0.627527932138,-13.413134696452,-3.108152422822
560.089187936,50,0.355689383773,0.034283890732,-13.415212542374,-3.107678994799
560.089187936,51,-0.296168935074,0.412124334160,-13.412765877070,-3.107260200489
560.089187936,52,-0.030427507013,-0.047489747423,-13.413443074661,-3.106968645122
560.089187936,53,-0.058928234127,0.614487763132,-13.414219326711,-3.108040207403
560.089187936,54,-0.438225237114,-0.619541544687,-13.411690757117,-3.106567947539
560.089187936,55,0.586987722233,-0.287652890184,-13.416610227439,-3.107321547175
560.089187936,56,-0.893234633679,0.192961748815,-13.413320826621,-3.106145572556
560.089187936,57,0.209042374797,0.756830586690,-13.416249047320,-3.108755387921
560.089187936,58,0.456200181097,-0.240759852921,-13.415537409505,-3.107602530267
560.089187936,59,0.848956400642,-0.300491499258,-13.418508308100,-3.107276535279
560.089187936,60,0.467692217422,0.529859170031,-13.417388898257,-3.108078196728
560.089187936,61,0.703567742313,-0.513617321535,-13.417164787615,-3.106486906953
560.089187936,62,-0.196934932099,0.726158191337,-13.413670129790,-3.108549001711
560.089187936,63,0.458251820794,0.476912602367,-13.417133218682,-3.107929818820
560.089187936,64,0.463991791557,0.425283507540,-13.416991805927,-3.107853768184
560.089187936,65,0.008848738853,-0.148852234584,-13.413386018872,-3.107199125901
560.089187936,66,0.582006729594,0.361412444273,-13.417663877006,-3.108097304716
560.089187936,67,0.065178954920,-0.786962582334,-13.412819328508,-3.105883846592
560.089187936,68,0.063401758864,0.970615082298,-13.415619176749,-3.109127221630
560.089187936,69,-0.575734712982,0.322266381172,-13.412072557736,-3.107021944170
560.089187936,70,0.433947541588,0.545280601369,-13.417202597657,-3.108047427825
560.089187936,71,-0.413660120771,-0.589915628258,-13.411698238933,-3.106582619606
560.089187936,72,-0.616857948277,0.167562679736,-13.411931961717,-3.106706081640
560.089187936,73,-0.597695444839,0.470697221227,-13.412496502033,-3.107176956311
560.089187936,74,0.089333121815,-0.249740398459,-13.413478144420,-3.107412964421
560.089187936,75,-0.675800707668,0.177980995385,-13.412052783580,-3.106684192743
560.089187936,76,-0.280378025304,-0.729063091391,-13.411774347613,-3.106408322160
560.089187936,77,0.172188714929,-0.845121384045,-13.413386792305,-3.105646193791
560.089187936,78,-0.492107000221,-0.433198592759,-13.411757082518,-3.106568494524
560.089187936,79,0.534162287256,-0.132184657187,-13.416249293321,-3.107805706764
560.089187936,80,-0.072858359156,-0.024118308782,-13.413339174265,-3.106849299287
560.089187936,81,0.168274031647,0.853324569211,-13.416143571212,-3.109178161427
560.089187936,82,-0.268937337411,-0.072447765630,-13.412601927231,-3.106605385195
560.089187936,83,0.023934690090,0.699582138329,-13.414876905535,-3.108469345203
560.089187936,84,0.477787905658,0.275825694940,-13.416599213374,-3.107795017411
560.089187936,85,0.036645124562,-0.916231028192,-13.412791451437,-3.105791919512
560.089187936,86,-0.088683785592,0.970881583111,-13.414844916315,-3.108573489064
560.089187936,87,-0.219830174021,0.520143512239,-13.413214150524,-3.107670076151
560.089187936,88,0.944965954322,-0.069337104770,-13.419516548200,-3.108008014510
560.089187936,89,-0.471210637956,0.339837586631,-13.412147388454,-3.107107162674
560.089187936,90,-0.840595559603,0.324824900045,-13.413408658207,-3.106158297320
560.089187936,91,0.784840104461,-0.427632562475,-13.417822152518,-3.106849769334
560.089187936,92,0.201640674574,-0.783981004469,-13.413544871362,-3.105714647535
560.089187936,93,0.303634251820,-0.369472185553,-13.414376145382,-3.107323504082
560.089187936,94,-0.363735584074,0.073286353576,-13.412370405831,-3.106522772132
560.089187936,95,0.152060898489,0.633441885320,-13.415582884354,-3.108083192595
560.089187936,96,0.356639909075,0.156034381706,-13.415488426368,-3.107551958677
560.089187936,97,0.819425997097,0.449237113415,-13.419816844473,-3.108694420401
560.089187936,98,0.275899061299,0.320946203377,-13.415488413838,-3.107280855801
560.089187936,99,-0.021108112823,0.172768947399,-13.413828881165,-3.106732339992
